The system is: Linux - 6.6.87.2-microsoft-standard-WSL2 - x86_64
Compiling the C compiler identification source file "CMakeCCompilerId.c" succeeded.
Compiler: /usr/bin/cc 
Build flags: 
Id flags:  

The output was:
0


Compilation of the C compiler identification source "CMakeCCompilerId.c" produced "a.out"

The C compiler identification is GNU, found in "/root/my_pistache_api/build/CMakeFiles/3.22.1/CompilerIdC/a.out"

Compiling the CXX compiler identification source file "CMakeCXXCompilerId.cpp" succeeded.
Compiler: /usr/bin/c++ 
Build flags: 
Id flags:  

The output was:
0


Compilation of the CXX compiler identification source "CMakeCXXCompilerId.cpp" produced "a.out"

The CXX compiler identification is GNU, found in "/root/my_pistache_api/build/CMakeFiles/3.22.1/CompilerIdCXX/a.out"

Detecting C compiler ABI info compiled with the following output:
Change Dir: /root/my_pistache_api/build/CMakeFiles/CMakeTmp

Run Build Command(s):/usr/bin/gmake -f Makefile cmTC_82509/fast && /usr/bin/gmake  -f CMakeFiles/cmTC_82509.dir/build.make CMakeFiles/cmTC_82509.dir/build
gmake[1]: Entering directory '/root/my_pistache_api/build/CMakeFiles/CMakeTmp'
Building C object CMakeFiles/cmTC_82509.dir/CMakeCCompilerABI.c.o
/usr/bin/cc   -v -o CMakeFiles/cmTC_82509.dir/CMakeCCompilerABI.c.o -c /usr/share/cmake-3.22/Modules/CMakeCCompilerABI.c
Using built-in specs.
COLLECT_GCC=/usr/bin/cc
OFFLOAD_TARGET_NAMES=nvptx-none:amdgcn-amdhsa
OFFLOAD_TARGET_DEFAULT=1
Target: x86_64-linux-gnu
Configured with: ../src/configure -v --with-pkgversion='Ubuntu 11.4.0-1ubuntu1~22.04' --with-bugurl=file:///usr/share/doc/gcc-11/README.Bugs --enable-languages=c,ada,c++,go,brig,d,fortran,objc,obj-c++,m2 --prefix=/usr --with-gcc-major-version-only --program-suffix=-11 --program-prefix=x86_64-linux-gnu- --enable-shared --enable-linker-build-id --libexecdir=/usr/lib --without-included-gettext --enable-threads=posix --libdir=/usr/lib --enable-nls --enable-bootstrap --enable-clocale=gnu --enable-libstdcxx-debug --enable-libstdcxx-time=yes --with-default-libstdcxx-abi=new --enable-gnu-unique-object --disable-vtable-verify --enable-plugin --enable-default-pie --with-system-zlib --enable-libphobos-checking=release --with-target-system-zlib=auto --enable-objc-gc=auto --enable-multiarch --disable-werror --enable-cet --with-arch-32=i686 --with-abi=m64 --with-multilib-list=m32,m64,mx32 --enable-multilib --with-tune=generic --enable-offload-targets=nvptx-none=/build/gcc-11-XeT9lY/gcc-11-11.4.0/debian/tmp-nvptx/usr,amdgcn-amdhsa=/build/gcc-11-XeT9lY/gcc-11-11.4.0/debian/tmp-gcn/usr --without-cuda-driver --enable-checking=release --build=x86_64-linux-gnu --host=x86_64-linux-gnu --target=x86_64-linux-gnu --with-build-config=bootstrap-lto-lean --enable-link-serialization=2
Thread model: posix
Supported LTO compression algorithms: zlib zstd
gcc version 11.4.0 (Ubuntu 11.4.0-1ubuntu1~22.04) 
COLLECT_GCC_OPTIONS='-v' '-o' 'CMakeFiles/cmTC_82509.dir/CMakeCCompilerABI.c.o' '-c' '-mtune=generic' '-march=x86-64' '-dumpdir' 'CMakeFiles/cmTC_82509.dir/'
 /usr/lib/gcc/x86_64-linux-gnu/11/cc1 -quiet -v -imultiarch x86_64-linux-gnu /usr/share/cmake-3.22/Modules/CMakeCCompilerABI.c -quiet -dumpdir CMakeFiles/cmTC_82509.dir/ -dumpbase CMakeCCompilerABI.c.c -dumpbase-ext .c -mtune=generic -march=x86-64 -version -fasynchronous-unwind-tables -fstack-protector-strong -Wformat -Wformat-security -fstack-clash-protection -fcf-protection -o /tmp/cch6baJQ.s
GNU C17 (Ubuntu 11.4.0-1ubuntu1~22.04) version 11.4.0 (x86_64-linux-gnu)
	compiled by GNU C version 11.4.0, GMP version 6.2.1, MPFR version 4.1.0, MPC version 1.2.1, isl version isl-0.24-GMP

GGC heuristics: --param ggc-min-expand=100 --param ggc-min-heapsize=131072
ignoring nonexistent directory "/usr/local/include/x86_64-linux-gnu"
ignoring nonexistent directory "/usr/lib/gcc/x86_64-linux-gnu/11/include-fixed"
ignoring nonexistent directory "/usr/lib/gcc/x86_64-linux-gnu/11/../../../../x86_64-linux-gnu/include"
#include "..." search starts here:
#include <...> search starts here:
 /usr/lib/gcc/x86_64-linux-gnu/11/include
 /usr/local/include
 /usr/include/x86_64-linux-gnu
 /usr/include
End of search list.
GNU C17 (Ubuntu 11.4.0-1ubuntu1~22.04) version 11.4.0 (x86_64-linux-gnu)
	compiled by GNU C version 11.4.0, GMP version 6.2.1, MPFR version 4.1.0, MPC version 1.2.1, isl version isl-0.24-GMP

GGC heuristics: --param ggc-min-expand=100 --param ggc-min-heapsize=131072
Compiler executable checksum: 50eaa2331df977b8016186198deb2d18
COLLECT_GCC_OPTIONS='-v' '-o' 'CMakeFiles/cmTC_82509.dir/CMakeCCompilerABI.c.o' '-c' '-mtune=generic' '-march=x86-64' '-dumpdir' 'CMakeFiles/cmTC_82509.dir/'
 as -v --64 -o CMakeFiles/cmTC_82509.dir/CMakeCCompilerABI.c.o /tmp/cch6baJQ.s
GNU assembler version 2.38 (x86_64-linux-gnu) using BFD version (GNU Binutils for Ubuntu) 2.38
COMPILER_PATH=/usr/lib/gcc/x86_64-linux-gnu/11/:/usr/lib/gcc/x86_64-linux-gnu/11/:/usr/lib/gcc/x86_64-linux-gnu/:/usr/lib/gcc/x86_64-linux-gnu/11/:/usr/lib/gcc/x86_64-linux-gnu/
LIBRARY_PATH=/usr/lib/gcc/x86_64-linux-gnu/11/:/usr/lib/gcc/x86_64-linux-gnu/11/../../../x86_64-linux-gnu/:/usr/lib/gcc/x86_64-linux-gnu/11/../../../../lib/:/lib/x86_64-linux-gnu/:/lib/../lib/:/usr/lib/x86_64-linux-gnu/:/usr/lib/../lib/:/usr/lib/gcc/x86_64-linux-gnu/11/../../../:/lib/:/usr/lib/
COLLECT_GCC_OPTIONS='-v' '-o' 'CMakeFiles/cmTC_82509.dir/CMakeCCompilerABI.c.o' '-c' '-mtune=generic' '-march=x86-64' '-dumpdir' 'CMakeFiles/cmTC_82509.dir/CMakeCCompilerABI.c.'
Linking C executable cmTC_82509
/usr/bin/cmake -E cmake_link_script CMakeFiles/cmTC_82509.dir/link.txt --verbose=1
/usr/bin/cc  -v CMakeFiles/cmTC_82509.dir/CMakeCCompilerABI.c.o -o cmTC_82509 
Using built-in specs.
COLLECT_GCC=/usr/bin/cc
COLLECT_LTO_WRAPPER=/usr/lib/gcc/x86_64-linux-gnu/11/lto-wrapper
OFFLOAD_TARGET_NAMES=nvptx-none:amdgcn-amdhsa
OFFLOAD_TARGET_DEFAULT=1
Target: x86_64-linux-gnu
Configured with: ../src/configure -v --with-pkgversion='Ubuntu 11.4.0-1ubuntu1~22.04' --with-bugurl=file:///usr/share/doc/gcc-11/README.Bugs --enable-languages=c,ada,c++,go,brig,d,fortran,objc,obj-c++,m2 --prefix=/usr --with-gcc-major-version-only --program-suffix=-11 --program-prefix=x86_64-linux-gnu- --enable-shared --enable-linker-build-id --libexecdir=/usr/lib --without-included-gettext --enable-threads=posix --libdir=/usr/lib --enable-nls --enable-bootstrap --enable-clocale=gnu --enable-libstdcxx-debug --enable-libstdcxx-time=yes --with-default-libstdcxx-abi=new --enable-gnu-unique-object --disable-vtable-verify --enable-plugin --enable-default-pie --with-system-zlib --enable-libphobos-checking=release --with-target-system-zlib=auto --enable-objc-gc=auto --enable-multiarch --disable-werror --enable-cet --with-arch-32=i686 --with-abi=m64 --with-multilib-list=m32,m64,mx32 --enable-multilib --with-tune=generic --enable-offload-targets=nvptx-none=/build/gcc-11-XeT9lY/gcc-11-11.4.0/debian/tmp-nvptx/usr,amdgcn-amdhsa=/build/gcc-11-XeT9lY/gcc-11-11.4.0/debian/tmp-gcn/usr --without-cuda-driver --enable-checking=release --build=x86_64-linux-gnu --host=x86_64-linux-gnu --target=x86_64-linux-gnu --with-build-config=bootstrap-lto-lean --enable-link-serialization=2
Thread model: posix
Supported LTO compression algorithms: zlib zstd
gcc version 11.4.0 (Ubuntu 11.4.0-1ubuntu1~22.04) 
COMPILER_PATH=/usr/lib/gcc/x86_64-linux-gnu/11/:/usr/lib/gcc/x86_64-linux-gnu/11/:/usr/lib/gcc/x86_64-linux-gnu/:/usr/lib/gcc/x86_64-linux-gnu/11/:/usr/lib/gcc/x86_64-linux-gnu/
LIBRARY_PATH=/usr/lib/gcc/x86_64-linux-gnu/11/:/usr/lib/gcc/x86_64-linux-gnu/11/../../../x86_64-linux-gnu/:/usr/lib/gcc/x86_64-linux-gnu/11/../../../../lib/:/lib/x86_64-linux-gnu/:/lib/../lib/:/usr/lib/x86_64-linux-gnu/:/usr/lib/../lib/:/usr/lib/gcc/x86_64-linux-gnu/11/../../../:/lib/:/usr/lib/
COLLECT_GCC_OPTIONS='-v' '-o' 'cmTC_82509' '-mtune=generic' '-march=x86-64' '-dumpdir' 'cmTC_82509.'
 /usr/lib/gcc/x86_64-linux-gnu/11/collect2 -plugin /usr/lib/gcc/x86_64-linux-gnu/11/liblto_plugin.so -plugin-opt=/usr/lib/gcc/x86_64-linux-gnu/11/lto-wrapper -plugin-opt=-fresolution=/tmp/cc55JX2o.res -plugin-opt=-pass-through=-lgcc -plugin-opt=-pass-through=-lgcc_s -plugin-opt=-pass-through=-lc -plugin-opt=-pass-through=-lgcc -plugin-opt=-pass-through=-lgcc_s --build-id --eh-frame-hdr -m elf_x86_64 --hash-style=gnu --as-needed -dynamic-linker /lib64/ld-linux-x86-64.so.2 -pie -z now -z relro -o cmTC_82509 /usr/lib/gcc/x86_64-linux-gnu/11/../../../x86_64-linux-gnu/Scrt1.o /usr/lib/gcc/x86_64-linux-gnu/11/../../../x86_64-linux-gnu/crti.o /usr/lib/gcc/x86_64-linux-gnu/11/crtbeginS.o -L/usr/lib/gcc/x86_64-linux-gnu/11 -L/usr/lib/gcc/x86_64-linux-gnu/11/../../../x86_64-linux-gnu -L/usr/lib/gcc/x86_64-linux-gnu/11/../../../../lib -L/lib/x86_64-linux-gnu -L/lib/../lib -L/usr/lib/x86_64-linux-gnu -L/usr/lib/../lib -L/usr/lib/gcc/x86_64-linux-gnu/11/../../.. CMakeFiles/cmTC_82509.dir/CMakeCCompilerABI.c.o -lgcc --push-state --as-needed -lgcc_s --pop-state -lc -lgcc --push-state --as-needed -lgcc_s --pop-state /usr/lib/gcc/x86_64-linux-gnu/11/crtendS.o /usr/lib/gcc/x86_64-linux-gnu/11/../../../x86_64-linux-gnu/crtn.o
COLLECT_GCC_OPTIONS='-v' '-o' 'cmTC_82509' '-mtune=generic' '-march=x86-64' '-dumpdir' 'cmTC_82509.'
gmake[1]: Leaving directory '/root/my_pistache_api/build/CMakeFiles/CMakeTmp'



Parsed C implicit include dir info from above output: rv=done
  found start of include info
  found start of implicit include info
    add: [/usr/lib/gcc/x86_64-linux-gnu/11/include]
    add: [/usr/local/include]
    add: [/usr/include/x86_64-linux-gnu]
    add: [/usr/include]
  end of search list found
  collapse include dir [/usr/lib/gcc/x86_64-linux-gnu/11/include] ==> [/usr/lib/gcc/x86_64-linux-gnu/11/include]
  collapse include dir [/usr/local/include] ==> [/usr/local/include]
  collapse include dir [/usr/include/x86_64-linux-gnu] ==> [/usr/include/x86_64-linux-gnu]
  collapse include dir [/usr/include] ==> [/usr/include]
  implicit include dirs: [/usr/lib/gcc/x86_64-linux-gnu/11/include;/usr/local/include;/usr/include/x86_64-linux-gnu;/usr/include]


Parsed C implicit link information from above output:
  link line regex: [^( *|.*[/\])(ld|CMAKE_LINK_STARTFILE-NOTFOUND|([^/\]+-)?ld|collect2)[^/\]*( |$)]
  ignore line: [Change Dir: /root/my_pistache_api/build/CMakeFiles/CMakeTmp]
  ignore line: []
  ignore line: [Run Build Command(s):/usr/bin/gmake -f Makefile cmTC_82509/fast && /usr/bin/gmake  -f CMakeFiles/cmTC_82509.dir/build.make CMakeFiles/cmTC_82509.dir/build]
  ignore line: [gmake[1]: Entering directory '/root/my_pistache_api/build/CMakeFiles/CMakeTmp']
  ignore line: [Building C object CMakeFiles/cmTC_82509.dir/CMakeCCompilerABI.c.o]
  ignore line: [/usr/bin/cc   -v -o CMakeFiles/cmTC_82509.dir/CMakeCCompilerABI.c.o -c /usr/share/cmake-3.22/Modules/CMakeCCompilerABI.c]
  ignore line: [Using built-in specs.]
  ignore line: [COLLECT_GCC=/usr/bin/cc]
  ignore line: [OFFLOAD_TARGET_NAMES=nvptx-none:amdgcn-amdhsa]
  ignore line: [OFFLOAD_TARGET_DEFAULT=1]
  ignore line: [Target: x86_64-linux-gnu]
  ignore line: [Configured with: ../src/configure -v --with-pkgversion='Ubuntu 11.4.0-1ubuntu1~22.04' --with-bugurl=file:///usr/share/doc/gcc-11/README.Bugs --enable-languages=c ada c++ go brig d fortran objc obj-c++ m2 --prefix=/usr --with-gcc-major-version-only --program-suffix=-11 --program-prefix=x86_64-linux-gnu- --enable-shared --enable-linker-build-id --libexecdir=/usr/lib --without-included-gettext --enable-threads=posix --libdir=/usr/lib --enable-nls --enable-bootstrap --enable-clocale=gnu --enable-libstdcxx-debug --enable-libstdcxx-time=yes --with-default-libstdcxx-abi=new --enable-gnu-unique-object --disable-vtable-verify --enable-plugin --enable-default-pie --with-system-zlib --enable-libphobos-checking=release --with-target-system-zlib=auto --enable-objc-gc=auto --enable-multiarch --disable-werror --enable-cet --with-arch-32=i686 --with-abi=m64 --with-multilib-list=m32 m64 mx32 --enable-multilib --with-tune=generic --enable-offload-targets=nvptx-none=/build/gcc-11-XeT9lY/gcc-11-11.4.0/debian/tmp-nvptx/usr amdgcn-amdhsa=/build/gcc-11-XeT9lY/gcc-11-11.4.0/debian/tmp-gcn/usr --without-cuda-driver --enable-checking=release --build=x86_64-linux-gnu --host=x86_64-linux-gnu --target=x86_64-linux-gnu --with-build-config=bootstrap-lto-lean --enable-link-serialization=2]
  ignore line: [Thread model: posix]
  ignore line: [Supported LTO compression algorithms: zlib zstd]
  ignore line: [gcc version 11.4.0 (Ubuntu 11.4.0-1ubuntu1~22.04) ]
  ignore line: [COLLECT_GCC_OPTIONS='-v' '-o' 'CMakeFiles/cmTC_82509.dir/CMakeCCompilerABI.c.o' '-c' '-mtune=generic' '-march=x86-64' '-dumpdir' 'CMakeFiles/cmTC_82509.dir/']
  ignore line: [ /usr/lib/gcc/x86_64-linux-gnu/11/cc1 -quiet -v -imultiarch x86_64-linux-gnu /usr/share/cmake-3.22/Modules/CMakeCCompilerABI.c -quiet -dumpdir CMakeFiles/cmTC_82509.dir/ -dumpbase CMakeCCompilerABI.c.c -dumpbase-ext .c -mtune=generic -march=x86-64 -version -fasynchronous-unwind-tables -fstack-protector-strong -Wformat -Wformat-security -fstack-clash-protection -fcf-protection -o /tmp/cch6baJQ.s]
  ignore line: [GNU C17 (Ubuntu 11.4.0-1ubuntu1~22.04) version 11.4.0 (x86_64-linux-gnu)]
  ignore line: [	compiled by GNU C version 11.4.0  GMP version 6.2.1  MPFR version 4.1.0  MPC version 1.2.1  isl version isl-0.24-GMP]
  ignore line: []
  ignore line: [GGC heuristics: --param ggc-min-expand=100 --param ggc-min-heapsize=131072]
  ignore line: [ignoring nonexistent directory "/usr/local/include/x86_64-linux-gnu"]
  ignore line: [ignoring nonexistent directory "/usr/lib/gcc/x86_64-linux-gnu/11/include-fixed"]
  ignore line: [ignoring nonexistent directory "/usr/lib/gcc/x86_64-linux-gnu/11/../../../../x86_64-linux-gnu/include"]
  ignore line: [#include "..." search starts here:]
  ignore line: [#include <...> search starts here:]
  ignore line: [ /usr/lib/gcc/x86_64-linux-gnu/11/include]
  ignore line: [ /usr/local/include]
  ignore line: [ /usr/include/x86_64-linux-gnu]
  ignore line: [ /usr/include]
  ignore line: [End of search list.]
  ignore line: [GNU C17 (Ubuntu 11.4.0-1ubuntu1~22.04) version 11.4.0 (x86_64-linux-gnu)]
  ignore line: [	compiled by GNU C version 11.4.0  GMP version 6.2.1  MPFR version 4.1.0  MPC version 1.2.1  isl version isl-0.24-GMP]
  ignore line: []
  ignore line: [GGC heuristics: --param ggc-min-expand=100 --param ggc-min-heapsize=131072]
  ignore line: [Compiler executable checksum: 50eaa2331df977b8016186198deb2d18]
  ignore line: [COLLECT_GCC_OPTIONS='-v' '-o' 'CMakeFiles/cmTC_82509.dir/CMakeCCompilerABI.c.o' '-c' '-mtune=generic' '-march=x86-64' '-dumpdir' 'CMakeFiles/cmTC_82509.dir/']
  ignore line: [ as -v --64 -o CMakeFiles/cmTC_82509.dir/CMakeCCompilerABI.c.o /tmp/cch6baJQ.s]
  ignore line: [GNU assembler version 2.38 (x86_64-linux-gnu) using BFD version (GNU Binutils for Ubuntu) 2.38]
  ignore line: [COMPILER_PATH=/usr/lib/gcc/x86_64-linux-gnu/11/:/usr/lib/gcc/x86_64-linux-gnu/11/:/usr/lib/gcc/x86_64-linux-gnu/:/usr/lib/gcc/x86_64-linux-gnu/11/:/usr/lib/gcc/x86_64-linux-gnu/]
  ignore line: [LIBRARY_PATH=/usr/lib/gcc/x86_64-linux-gnu/11/:/usr/lib/gcc/x86_64-linux-gnu/11/../../../x86_64-linux-gnu/:/usr/lib/gcc/x86_64-linux-gnu/11/../../../../lib/:/lib/x86_64-linux-gnu/:/lib/../lib/:/usr/lib/x86_64-linux-gnu/:/usr/lib/../lib/:/usr/lib/gcc/x86_64-linux-gnu/11/../../../:/lib/:/usr/lib/]
  ignore line: [COLLECT_GCC_OPTIONS='-v' '-o' 'CMakeFiles/cmTC_82509.dir/CMakeCCompilerABI.c.o' '-c' '-mtune=generic' '-march=x86-64' '-dumpdir' 'CMakeFiles/cmTC_82509.dir/CMakeCCompilerABI.c.']
  ignore line: [Linking C executable cmTC_82509]
  ignore line: [/usr/bin/cmake -E cmake_link_script CMakeFiles/cmTC_82509.dir/link.txt --verbose=1]
  ignore line: [/usr/bin/cc  -v CMakeFiles/cmTC_82509.dir/CMakeCCompilerABI.c.o -o cmTC_82509 ]
  ignore line: [Using built-in specs.]
  ignore line: [COLLECT_GCC=/usr/bin/cc]
  ignore line: [COLLECT_LTO_WRAPPER=/usr/lib/gcc/x86_64-linux-gnu/11/lto-wrapper]
  ignore line: [OFFLOAD_TARGET_NAMES=nvptx-none:amdgcn-amdhsa]
  ignore line: [OFFLOAD_TARGET_DEFAULT=1]
  ignore line: [Target: x86_64-linux-gnu]
  ignore line: [Configured with: ../src/configure -v --with-pkgversion='Ubuntu 11.4.0-1ubuntu1~22.04' --with-bugurl=file:///usr/share/doc/gcc-11/README.Bugs --enable-languages=c ada c++ go brig d fortran objc obj-c++ m2 --prefix=/usr --with-gcc-major-version-only --program-suffix=-11 --program-prefix=x86_64-linux-gnu- --enable-shared --enable-linker-build-id --libexecdir=/usr/lib --without-included-gettext --enable-threads=posix --libdir=/usr/lib --enable-nls --enable-bootstrap --enable-clocale=gnu --enable-libstdcxx-debug --enable-libstdcxx-time=yes --with-default-libstdcxx-abi=new --enable-gnu-unique-object --disable-vtable-verify --enable-plugin --enable-default-pie --with-system-zlib --enable-libphobos-checking=release --with-target-system-zlib=auto --enable-objc-gc=auto --enable-multiarch --disable-werror --enable-cet --with-arch-32=i686 --with-abi=m64 --with-multilib-list=m32 m64 mx32 --enable-multilib --with-tune=generic --enable-offload-targets=nvptx-none=/build/gcc-11-XeT9lY/gcc-11-11.4.0/debian/tmp-nvptx/usr amdgcn-amdhsa=/build/gcc-11-XeT9lY/gcc-11-11.4.0/debian/tmp-gcn/usr --without-cuda-driver --enable-checking=release --build=x86_64-linux-gnu --host=x86_64-linux-gnu --target=x86_64-linux-gnu --with-build-config=bootstrap-lto-lean --enable-link-serialization=2]
  ignore line: [Thread model: posix]
  ignore line: [Supported LTO compression algorithms: zlib zstd]
  ignore line: [gcc version 11.4.0 (Ubuntu 11.4.0-1ubuntu1~22.04) ]
  ignore line: [COMPILER_PATH=/usr/lib/gcc/x86_64-linux-gnu/11/:/usr/lib/gcc/x86_64-linux-gnu/11/:/usr/lib/gcc/x86_64-linux-gnu/:/usr/lib/gcc/x86_64-linux-gnu/11/:/usr/lib/gcc/x86_64-linux-gnu/]
  ignore line: [LIBRARY_PATH=/usr/lib/gcc/x86_64-linux-gnu/11/:/usr/lib/gcc/x86_64-linux-gnu/11/../../../x86_64-linux-gnu/:/usr/lib/gcc/x86_64-linux-gnu/11/../../../../lib/:/lib/x86_64-linux-gnu/:/lib/../lib/:/usr/lib/x86_64-linux-gnu/:/usr/lib/../lib/:/usr/lib/gcc/x86_64-linux-gnu/11/../../../:/lib/:/usr/lib/]
  ignore line: [COLLECT_GCC_OPTIONS='-v' '-o' 'cmTC_82509' '-mtune=generic' '-march=x86-64' '-dumpdir' 'cmTC_82509.']
  link line: [ /usr/lib/gcc/x86_64-linux-gnu/11/collect2 -plugin /usr/lib/gcc/x86_64-linux-gnu/11/liblto_plugin.so -plugin-opt=/usr/lib/gcc/x86_64-linux-gnu/11/lto-wrapper -plugin-opt=-fresolution=/tmp/cc55JX2o.res -plugin-opt=-pass-through=-lgcc -plugin-opt=-pass-through=-lgcc_s -plugin-opt=-pass-through=-lc -plugin-opt=-pass-through=-lgcc -plugin-opt=-pass-through=-lgcc_s --build-id --eh-frame-hdr -m elf_x86_64 --hash-style=gnu --as-needed -dynamic-linker /lib64/ld-linux-x86-64.so.2 -pie -z now -z relro -o cmTC_82509 /usr/lib/gcc/x86_64-linux-gnu/11/../../../x86_64-linux-gnu/Scrt1.o /usr/lib/gcc/x86_64-linux-gnu/11/../../../x86_64-linux-gnu/crti.o /usr/lib/gcc/x86_64-linux-gnu/11/crtbeginS.o -L/usr/lib/gcc/x86_64-linux-gnu/11 -L/usr/lib/gcc/x86_64-linux-gnu/11/../../../x86_64-linux-gnu -L/usr/lib/gcc/x86_64-linux-gnu/11/../../../../lib -L/lib/x86_64-linux-gnu -L/lib/../lib -L/usr/lib/x86_64-linux-gnu -L/usr/lib/../lib -L/usr/lib/gcc/x86_64-linux-gnu/11/../../.. CMakeFiles/cmTC_82509.dir/CMakeCCompilerABI.c.o -lgcc --push-state --as-needed -lgcc_s --pop-state -lc -lgcc --push-state --as-needed -lgcc_s --pop-state /usr/lib/gcc/x86_64-linux-gnu/11/crtendS.o /usr/lib/gcc/x86_64-linux-gnu/11/../../../x86_64-linux-gnu/crtn.o]
    arg [/usr/lib/gcc/x86_64-linux-gnu/11/collect2] ==> ignore
    arg [-plugin] ==> ignore
    arg [/usr/lib/gcc/x86_64-linux-gnu/11/liblto_plugin.so] ==> ignore
    arg [-plugin-opt=/usr/lib/gcc/x86_64-linux-gnu/11/lto-wrapper] ==> ignore
    arg [-plugin-opt=-fresolution=/tmp/cc55JX2o.res] ==> ignore
    arg [-plugin-opt=-pass-through=-lgcc] ==> ignore
    arg [-plugin-opt=-pass-through=-lgcc_s] ==> ignore
    arg [-plugin-opt=-pass-through=-lc] ==> ignore
    arg [-plugin-opt=-pass-through=-lgcc] ==> ignore
    arg [-plugin-opt=-pass-through=-lgcc_s] ==> ignore
    arg [--build-id] ==> ignore
    arg [--eh-frame-hdr] ==> ignore
    arg [-m] ==> ignore
    arg [elf_x86_64] ==> ignore
    arg [--hash-style=gnu] ==> ignore
    arg [--as-needed] ==> ignore
    arg [-dynamic-linker] ==> ignore
    arg [/lib64/ld-linux-x86-64.so.2] ==> ignore
    arg [-pie] ==> ignore
    arg [-znow] ==> ignore
    arg [-zrelro] ==> ignore
    arg [-o] ==> ignore
    arg [cmTC_82509] ==> ignore
    arg [/usr/lib/gcc/x86_64-linux-gnu/11/../../../x86_64-linux-gnu/Scrt1.o] ==> obj [/usr/lib/gcc/x86_64-linux-gnu/11/../../../x86_64-linux-gnu/Scrt1.o]
    arg [/usr/lib/gcc/x86_64-linux-gnu/11/../../../x86_64-linux-gnu/crti.o] ==> obj [/usr/lib/gcc/x86_64-linux-gnu/11/../../../x86_64-linux-gnu/crti.o]
    arg [/usr/lib/gcc/x86_64-linux-gnu/11/crtbeginS.o] ==> obj [/usr/lib/gcc/x86_64-linux-gnu/11/crtbeginS.o]
    arg [-L/usr/lib/gcc/x86_64-linux-gnu/11] ==> dir [/usr/lib/gcc/x86_64-linux-gnu/11]
    arg [-L/usr/lib/gcc/x86_64-linux-gnu/11/../../../x86_64-linux-gnu] ==> dir [/usr/lib/gcc/x86_64-linux-gnu/11/../../../x86_64-linux-gnu]
    arg [-L/usr/lib/gcc/x86_64-linux-gnu/11/../../../../lib] ==> dir [/usr/lib/gcc/x86_64-linux-gnu/11/../../../../lib]
    arg [-L/lib/x86_64-linux-gnu] ==> dir [/lib/x86_64-linux-gnu]
    arg [-L/lib/../lib] ==> dir [/lib/../lib]
    arg [-L/usr/lib/x86_64-linux-gnu] ==> dir [/usr/lib/x86_64-linux-gnu]
    arg [-L/usr/lib/../lib] ==> dir [/usr/lib/../lib]
    arg [-L/usr/lib/gcc/x86_64-linux-gnu/11/../../..] ==> dir [/usr/lib/gcc/x86_64-linux-gnu/11/../../..]
    arg [CMakeFiles/cmTC_82509.dir/CMakeCCompilerABI.c.o] ==> ignore
    arg [-lgcc] ==> lib [gcc]
    arg [--push-state] ==> ignore
    arg [--as-needed] ==> ignore
    arg [-lgcc_s] ==> lib [gcc_s]
    arg [--pop-state] ==> ignore
    arg [-lc] ==> lib [c]
    arg [-lgcc] ==> lib [gcc]
    arg [--push-state] ==> ignore
    arg [--as-needed] ==> ignore
    arg [-lgcc_s] ==> lib [gcc_s]
    arg [--pop-state] ==> ignore
    arg [/usr/lib/gcc/x86_64-linux-gnu/11/crtendS.o] ==> obj [/usr/lib/gcc/x86_64-linux-gnu/11/crtendS.o]
    arg [/usr/lib/gcc/x86_64-linux-gnu/11/../../../x86_64-linux-gnu/crtn.o] ==> obj [/usr/lib/gcc/x86_64-linux-gnu/11/../../../x86_64-linux-gnu/crtn.o]
  collapse obj [/usr/lib/gcc/x86_64-linux-gnu/11/../../../x86_64-linux-gnu/Scrt1.o] ==> [/usr/lib/x86_64-linux-gnu/Scrt1.o]
  collapse obj [/usr/lib/gcc/x86_64-linux-gnu/11/../../../x86_64-linux-gnu/crti.o] ==> [/usr/lib/x86_64-linux-gnu/crti.o]
  collapse obj [/usr/lib/gcc/x86_64-linux-gnu/11/../../../x86_64-linux-gnu/crtn.o] ==> [/usr/lib/x86_64-linux-gnu/crtn.o]
  collapse library dir [/usr/lib/gcc/x86_64-linux-gnu/11] ==> [/usr/lib/gcc/x86_64-linux-gnu/11]
  collapse library dir [/usr/lib/gcc/x86_64-linux-gnu/11/../../../x86_64-linux-gnu] ==> [/usr/lib/x86_64-linux-gnu]
  collapse library dir [/usr/lib/gcc/x86_64-linux-gnu/11/../../../../lib] ==> [/usr/lib]
  collapse library dir [/lib/x86_64-linux-gnu] ==> [/lib/x86_64-linux-gnu]
  collapse library dir [/lib/../lib] ==> [/lib]
  collapse library dir [/usr/lib/x86_64-linux-gnu] ==> [/usr/lib/x86_64-linux-gnu]
  collapse library dir [/usr/lib/../lib] ==> [/usr/lib]
  collapse library dir [/usr/lib/gcc/x86_64-linux-gnu/11/../../..] ==> [/usr/lib]
  implicit libs: [gcc;gcc_s;c;gcc;gcc_s]
  implicit objs: [/usr/lib/x86_64-linux-gnu/Scrt1.o;/usr/lib/x86_64-linux-gnu/crti.o;/usr/lib/gcc/x86_64-linux-gnu/11/crtbeginS.o;/usr/lib/gcc/x86_64-linux-gnu/11/crtendS.o;/usr/lib/x86_64-linux-gnu/crtn.o]
  implicit dirs: [/usr/lib/gcc/x86_64-linux-gnu/11;/usr/lib/x86_64-linux-gnu;/usr/lib;/lib/x86_64-linux-gnu;/lib]
  implicit fwks: []


Detecting CXX compiler ABI info compiled with the following output:
Change Dir: /root/my_pistache_api/build/CMakeFiles/CMakeTmp

Run Build Command(s):/usr/bin/gmake -f Makefile cmTC_0414b/fast && /usr/bin/gmake  -f CMakeFiles/cmTC_0414b.dir/build.make CMakeFiles/cmTC_0414b.dir/build
gmake[1]: Entering directory '/root/my_pistache_api/build/CMakeFiles/CMakeTmp'
Building CXX object CMakeFiles/cmTC_0414b.dir/CMakeCXXCompilerABI.cpp.o
/usr/bin/c++   -v -o CMakeFiles/cmTC_0414b.dir/CMakeCXXCompilerABI.cpp.o -c /usr/share/cmake-3.22/Modules/CMakeCXXCompilerABI.cpp
Using built-in specs.
COLLECT_GCC=/usr/bin/c++
OFFLOAD_TARGET_NAMES=nvptx-none:amdgcn-amdhsa
OFFLOAD_TARGET_DEFAULT=1
Target: x86_64-linux-gnu
Configured with: ../src/configure -v --with-pkgversion='Ubuntu 11.4.0-1ubuntu1~22.04' --with-bugurl=file:///usr/share/doc/gcc-11/README.Bugs --enable-languages=c,ada,c++,go,brig,d,fortran,objc,obj-c++,m2 --prefix=/usr --with-gcc-major-version-only --program-suffix=-11 --program-prefix=x86_64-linux-gnu- --enable-shared --enable-linker-build-id --libexecdir=/usr/lib --without-included-gettext --enable-threads=posix --libdir=/usr/lib --enable-nls --enable-bootstrap --enable-clocale=gnu --enable-libstdcxx-debug --enable-libstdcxx-time=yes --with-default-libstdcxx-abi=new --enable-gnu-unique-object --disable-vtable-verify --enable-plugin --enable-default-pie --with-system-zlib --enable-libphobos-checking=release --with-target-system-zlib=auto --enable-objc-gc=auto --enable-multiarch --disable-werror --enable-cet --with-arch-32=i686 --with-abi=m64 --with-multilib-list=m32,m64,mx32 --enable-multilib --with-tune=generic --enable-offload-targets=nvptx-none=/build/gcc-11-XeT9lY/gcc-11-11.4.0/debian/tmp-nvptx/usr,amdgcn-amdhsa=/build/gcc-11-XeT9lY/gcc-11-11.4.0/debian/tmp-gcn/usr --without-cuda-driver --enable-checking=release --build=x86_64-linux-gnu --host=x86_64-linux-gnu --target=x86_64-linux-gnu --with-build-config=bootstrap-lto-lean --enable-link-serialization=2
Thread model: posix
Supported LTO compression algorithms: zlib zstd
gcc version 11.4.0 (Ubuntu 11.4.0-1ubuntu1~22.04) 
COLLECT_GCC_OPTIONS='-v' '-o' 'CMakeFiles/cmTC_0414b.dir/CMakeCXXCompilerABI.cpp.o' '-c' '-shared-libgcc' '-mtune=generic' '-march=x86-64' '-dumpdir' 'CMakeFiles/cmTC_0414b.dir/'
 /usr/lib/gcc/x86_64-linux-gnu/11/cc1plus -quiet -v -imultiarch x86_64-linux-gnu -D_GNU_SOURCE /usr/share/cmake-3.22/Modules/CMakeCXXCompilerABI.cpp -quiet -dumpdir CMakeFiles/cmTC_0414b.dir/ -dumpbase CMakeCXXCompilerABI.cpp.cpp -dumpbase-ext .cpp -mtune=generic -march=x86-64 -version -fasynchronous-unwind-tables -fstack-protector-strong -Wformat -Wformat-security -fstack-clash-protection -fcf-protection -o /tmp/ccXkAfLA.s
GNU C++17 (Ubuntu 11.4.0-1ubuntu1~22.04) version 11.4.0 (x86_64-linux-gnu)
	compiled by GNU C version 11.4.0, GMP version 6.2.1, MPFR version 4.1.0, MPC version 1.2.1, isl version isl-0.24-GMP

GGC heuristics: --param ggc-min-expand=100 --param ggc-min-heapsize=131072
ignoring duplicate directory "/usr/include/x86_64-linux-gnu/c++/11"
ignoring nonexistent directory "/usr/local/include/x86_64-linux-gnu"
ignoring nonexistent directory "/usr/lib/gcc/x86_64-linux-gnu/11/include-fixed"
ignoring nonexistent directory "/usr/lib/gcc/x86_64-linux-gnu/11/../../../../x86_64-linux-gnu/include"
#include "..." search starts here:
#include <...> search starts here:
 /usr/include/c++/11
 /usr/include/x86_64-linux-gnu/c++/11
 /usr/include/c++/11/backward
 /usr/lib/gcc/x86_64-linux-gnu/11/include
 /usr/local/include
 /usr/include/x86_64-linux-gnu
 /usr/include
End of search list.
GNU C++17 (Ubuntu 11.4.0-1ubuntu1~22.04) version 11.4.0 (x86_64-linux-gnu)
	compiled by GNU C version 11.4.0, GMP version 6.2.1, MPFR version 4.1.0, MPC version 1.2.1, isl version isl-0.24-GMP

GGC heuristics: --param ggc-min-expand=100 --param ggc-min-heapsize=131072
Compiler executable checksum: d591828bb4d392ae8b7b160e5bb0b95f
COLLECT_GCC_OPTIONS='-v' '-o' 'CMakeFiles/cmTC_0414b.dir/CMakeCXXCompilerABI.cpp.o' '-c' '-shared-libgcc' '-mtune=generic' '-march=x86-64' '-dumpdir' 'CMakeFiles/cmTC_0414b.dir/'
 as -v --64 -o CMakeFiles/cmTC_0414b.dir/CMakeCXXCompilerABI.cpp.o /tmp/ccXkAfLA.s
GNU assembler version 2.38 (x86_64-linux-gnu) using BFD version (GNU Binutils for Ubuntu) 2.38
COMPILER_PATH=/usr/lib/gcc/x86_64-linux-gnu/11/:/usr/lib/gcc/x86_64-linux-gnu/11/:/usr/lib/gcc/x86_64-linux-gnu/:/usr/lib/gcc/x86_64-linux-gnu/11/:/usr/lib/gcc/x86_64-linux-gnu/
LIBRARY_PATH=/usr/lib/gcc/x86_64-linux-gnu/11/:/usr/lib/gcc/x86_64-linux-gnu/11/../../../x86_64-linux-gnu/:/usr/lib/gcc/x86_64-linux-gnu/11/../../../../lib/:/lib/x86_64-linux-gnu/:/lib/../lib/:/usr/lib/x86_64-linux-gnu/:/usr/lib/../lib/:/usr/lib/gcc/x86_64-linux-gnu/11/../../../:/lib/:/usr/lib/
COLLECT_GCC_OPTIONS='-v' '-o' 'CMakeFiles/cmTC_0414b.dir/CMakeCXXCompilerABI.cpp.o' '-c' '-shared-libgcc' '-mtune=generic' '-march=x86-64' '-dumpdir' 'CMakeFiles/cmTC_0414b.dir/CMakeCXXCompilerABI.cpp.'
Linking CXX executable cmTC_0414b
/usr/bin/cmake -E cmake_link_script CMakeFiles/cmTC_0414b.dir/link.txt --verbose=1
/usr/bin/c++  -v CMakeFiles/cmTC_0414b.dir/CMakeCXXCompilerABI.cpp.o -o cmTC_0414b 
Using built-in specs.
COLLECT_GCC=/usr/bin/c++
COLLECT_LTO_WRAPPER=/usr/lib/gcc/x86_64-linux-gnu/11/lto-wrapper
OFFLOAD_TARGET_NAMES=nvptx-none:amdgcn-amdhsa
OFFLOAD_TARGET_DEFAULT=1
Target: x86_64-linux-gnu
Configured with: ../src/configure -v --with-pkgversion='Ubuntu 11.4.0-1ubuntu1~22.04' --with-bugurl=file:///usr/share/doc/gcc-11/README.Bugs --enable-languages=c,ada,c++,go,brig,d,fortran,objc,obj-c++,m2 --prefix=/usr --with-gcc-major-version-only --program-suffix=-11 --program-prefix=x86_64-linux-gnu- --enable-shared --enable-linker-build-id --libexecdir=/usr/lib --without-included-gettext --enable-threads=posix --libdir=/usr/lib --enable-nls --enable-bootstrap --enable-clocale=gnu --enable-libstdcxx-debug --enable-libstdcxx-time=yes --with-default-libstdcxx-abi=new --enable-gnu-unique-object --disable-vtable-verify --enable-plugin --enable-default-pie --with-system-zlib --enable-libphobos-checking=release --with-target-system-zlib=auto --enable-objc-gc=auto --enable-multiarch --disable-werror --enable-cet --with-arch-32=i686 --with-abi=m64 --with-multilib-list=m32,m64,mx32 --enable-multilib --with-tune=generic --enable-offload-targets=nvptx-none=/build/gcc-11-XeT9lY/gcc-11-11.4.0/debian/tmp-nvptx/usr,amdgcn-amdhsa=/build/gcc-11-XeT9lY/gcc-11-11.4.0/debian/tmp-gcn/usr --without-cuda-driver --enable-checking=release --build=x86_64-linux-gnu --host=x86_64-linux-gnu --target=x86_64-linux-gnu --with-build-config=bootstrap-lto-lean --enable-link-serialization=2
Thread model: posix
Supported LTO compression algorithms: zlib zstd
gcc version 11.4.0 (Ubuntu 11.4.0-1ubuntu1~22.04) 
COMPILER_PATH=/usr/lib/gcc/x86_64-linux-gnu/11/:/usr/lib/gcc/x86_64-linux-gnu/11/:/usr/lib/gcc/x86_64-linux-gnu/:/usr/lib/gcc/x86_64-linux-gnu/11/:/usr/lib/gcc/x86_64-linux-gnu/
LIBRARY_PATH=/usr/lib/gcc/x86_64-linux-gnu/11/:/usr/lib/gcc/x86_64-linux-gnu/11/../../../x86_64-linux-gnu/:/usr/lib/gcc/x86_64-linux-gnu/11/../../../../lib/:/lib/x86_64-linux-gnu/:/lib/../lib/:/usr/lib/x86_64-linux-gnu/:/usr/lib/../lib/:/usr/lib/gcc/x86_64-linux-gnu/11/../../../:/lib/:/usr/lib/
COLLECT_GCC_OPTIONS='-v' '-o' 'cmTC_0414b' '-shared-libgcc' '-mtune=generic' '-march=x86-64' '-dumpdir' 'cmTC_0414b.'
 /usr/lib/gcc/x86_64-linux-gnu/11/collect2 -plugin /usr/lib/gcc/x86_64-linux-gnu/11/liblto_plugin.so -plugin-opt=/usr/lib/gcc/x86_64-linux-gnu/11/lto-wrapper -plugin-opt=-fresolution=/tmp/ccITCgxl.res -plugin-opt=-pass-through=-lgcc_s -plugin-opt=-pass-through=-lgcc -plugin-opt=-pass-through=-lc -plugin-opt=-pass-through=-lgcc_s -plugin-opt=-pass-through=-lgcc --build-id --eh-frame-hdr -m elf_x86_64 --hash-style=gnu --as-needed -dynamic-linker /lib64/ld-linux-x86-64.so.2 -pie -z now -z relro -o cmTC_0414b /usr/lib/gcc/x86_64-linux-gnu/11/../../../x86_64-linux-gnu/Scrt1.o /usr/lib/gcc/x86_64-linux-gnu/11/../../../x86_64-linux-gnu/crti.o /usr/lib/gcc/x86_64-linux-gnu/11/crtbeginS.o -L/usr/lib/gcc/x86_64-linux-gnu/11 -L/usr/lib/gcc/x86_64-linux-gnu/11/../../../x86_64-linux-gnu -L/usr/lib/gcc/x86_64-linux-gnu/11/../../../../lib -L/lib/x86_64-linux-gnu -L/lib/../lib -L/usr/lib/x86_64-linux-gnu -L/usr/lib/../lib -L/usr/lib/gcc/x86_64-linux-gnu/11/../../.. CMakeFiles/cmTC_0414b.dir/CMakeCXXCompilerABI.cpp.o -lstdc++ -lm -lgcc_s -lgcc -lc -lgcc_s -lgcc /usr/lib/gcc/x86_64-linux-gnu/11/crtendS.o /usr/lib/gcc/x86_64-linux-gnu/11/../../../x86_64-linux-gnu/crtn.o
COLLECT_GCC_OPTIONS='-v' '-o' 'cmTC_0414b' '-shared-libgcc' '-mtune=generic' '-march=x86-64' '-dumpdir' 'cmTC_0414b.'
gmake[1]: Leaving directory '/root/my_pistache_api/build/CMakeFiles/CMakeTmp'



Parsed CXX implicit include dir info from above output: rv=done
  found start of include info
  found start of implicit include info
    add: [/usr/include/c++/11]
    add: [/usr/include/x86_64-linux-gnu/c++/11]
    add: [/usr/include/c++/11/backward]
    add: [/usr/lib/gcc/x86_64-linux-gnu/11/include]
    add: [/usr/local/include]
    add: [/usr/include/x86_64-linux-gnu]
    add: [/usr/include]
  end of search list found
  collapse include dir [/usr/include/c++/11] ==> [/usr/include/c++/11]
  collapse include dir [/usr/include/x86_64-linux-gnu/c++/11] ==> [/usr/include/x86_64-linux-gnu/c++/11]
  collapse include dir [/usr/include/c++/11/backward] ==> [/usr/include/c++/11/backward]
  collapse include dir [/usr/lib/gcc/x86_64-linux-gnu/11/include] ==> [/usr/lib/gcc/x86_64-linux-gnu/11/include]
  collapse include dir [/usr/local/include] ==> [/usr/local/include]
  collapse include dir [/usr/include/x86_64-linux-gnu] ==> [/usr/include/x86_64-linux-gnu]
  collapse include dir [/usr/include] ==> [/usr/include]
  implicit include dirs: [/usr/include/c++/11;/usr/include/x86_64-linux-gnu/c++/11;/usr/include/c++/11/backward;/usr/lib/gcc/x86_64-linux-gnu/11/include;/usr/local/include;/usr/include/x86_64-linux-gnu;/usr/include]


Parsed CXX implicit link information from above output:
  link line regex: [^( *|.*[/\])(ld|CMAKE_LINK_STARTFILE-NOTFOUND|([^/\]+-)?ld|collect2)[^/\]*( |$)]
  ignore line: [Change Dir: /root/my_pistache_api/build/CMakeFiles/CMakeTmp]
  ignore line: []
  ignore line: [Run Build Command(s):/usr/bin/gmake -f Makefile cmTC_0414b/fast && /usr/bin/gmake  -f CMakeFiles/cmTC_0414b.dir/build.make CMakeFiles/cmTC_0414b.dir/build]
  ignore line: [gmake[1]: Entering directory '/root/my_pistache_api/build/CMakeFiles/CMakeTmp']
  ignore line: [Building CXX object CMakeFiles/cmTC_0414b.dir/CMakeCXXCompilerABI.cpp.o]
  ignore line: [/usr/bin/c++   -v -o CMakeFiles/cmTC_0414b.dir/CMakeCXXCompilerABI.cpp.o -c /usr/share/cmake-3.22/Modules/CMakeCXXCompilerABI.cpp]
  ignore line: [Using built-in specs.]
  ignore line: [COLLECT_GCC=/usr/bin/c++]
  ignore line: [OFFLOAD_TARGET_NAMES=nvptx-none:amdgcn-amdhsa]
  ignore line: [OFFLOAD_TARGET_DEFAULT=1]
  ignore line: [Target: x86_64-linux-gnu]
  ignore line: [Configured with: ../src/configure -v --with-pkgversion='Ubuntu 11.4.0-1ubuntu1~22.04' --with-bugurl=file:///usr/share/doc/gcc-11/README.Bugs --enable-languages=c ada c++ go brig d fortran objc obj-c++ m2 --prefix=/usr --with-gcc-major-version-only --program-suffix=-11 --program-prefix=x86_64-linux-gnu- --enable-shared --enable-linker-build-id --libexecdir=/usr/lib --without-included-gettext --enable-threads=posix --libdir=/usr/lib --enable-nls --enable-bootstrap --enable-clocale=gnu --enable-libstdcxx-debug --enable-libstdcxx-time=yes --with-default-libstdcxx-abi=new --enable-gnu-unique-object --disable-vtable-verify --enable-plugin --enable-default-pie --with-system-zlib --enable-libphobos-checking=release --with-target-system-zlib=auto --enable-objc-gc=auto --enable-multiarch --disable-werror --enable-cet --with-arch-32=i686 --with-abi=m64 --with-multilib-list=m32 m64 mx32 --enable-multilib --with-tune=generic --enable-offload-targets=nvptx-none=/build/gcc-11-XeT9lY/gcc-11-11.4.0/debian/tmp-nvptx/usr amdgcn-amdhsa=/build/gcc-11-XeT9lY/gcc-11-11.4.0/debian/tmp-gcn/usr --without-cuda-driver --enable-checking=release --build=x86_64-linux-gnu --host=x86_64-linux-gnu --target=x86_64-linux-gnu --with-build-config=bootstrap-lto-lean --enable-link-serialization=2]
  ignore line: [Thread model: posix]
  ignore line: [Supported LTO compression algorithms: zlib zstd]
  ignore line: [gcc version 11.4.0 (Ubuntu 11.4.0-1ubuntu1~22.04) ]
  ignore line: [COLLECT_GCC_OPTIONS='-v' '-o' 'CMakeFiles/cmTC_0414b.dir/CMakeCXXCompilerABI.cpp.o' '-c' '-shared-libgcc' '-mtune=generic' '-march=x86-64' '-dumpdir' 'CMakeFiles/cmTC_0414b.dir/']
  ignore line: [ /usr/lib/gcc/x86_64-linux-gnu/11/cc1plus -quiet -v -imultiarch x86_64-linux-gnu -D_GNU_SOURCE /usr/share/cmake-3.22/Modules/CMakeCXXCompilerABI.cpp -quiet -dumpdir CMakeFiles/cmTC_0414b.dir/ -dumpbase CMakeCXXCompilerABI.cpp.cpp -dumpbase-ext .cpp -mtune=generic -march=x86-64 -version -fasynchronous-unwind-tables -fstack-protector-strong -Wformat -Wformat-security -fstack-clash-protection -fcf-protection -o /tmp/ccXkAfLA.s]
  ignore line: [GNU C++17 (Ubuntu 11.4.0-1ubuntu1~22.04) version 11.4.0 (x86_64-linux-gnu)]
  ignore line: [	compiled by GNU C version 11.4.0  GMP version 6.2.1  MPFR version 4.1.0  MPC version 1.2.1  isl version isl-0.24-GMP]
  ignore line: []
  ignore line: [GGC heuristics: --param ggc-min-expand=100 --param ggc-min-heapsize=131072]
  ignore line: [ignoring duplicate directory "/usr/include/x86_64-linux-gnu/c++/11"]
  ignore line: [ignoring nonexistent directory "/usr/local/include/x86_64-linux-gnu"]
  ignore line: [ignoring nonexistent directory "/usr/lib/gcc/x86_64-linux-gnu/11/include-fixed"]
  ignore line: [ignoring nonexistent directory "/usr/lib/gcc/x86_64-linux-gnu/11/../../../../x86_64-linux-gnu/include"]
  ignore line: [#include "..." search starts here:]
  ignore line: [#include <...> search starts here:]
  ignore line: [ /usr/include/c++/11]
  ignore line: [ /usr/include/x86_64-linux-gnu/c++/11]
  ignore line: [ /usr/include/c++/11/backward]
  ignore line: [ /usr/lib/gcc/x86_64-linux-gnu/11/include]
  ignore line: [ /usr/local/include]
  ignore line: [ /usr/include/x86_64-linux-gnu]
  ignore line: [ /usr/include]
  ignore line: [End of search list.]
  ignore line: [GNU C++17 (Ubuntu 11.4.0-1ubuntu1~22.04) version 11.4.0 (x86_64-linux-gnu)]
  ignore line: [	compiled by GNU C version 11.4.0  GMP version 6.2.1  MPFR version 4.1.0  MPC version 1.2.1  isl version isl-0.24-GMP]
  ignore line: []
  ignore line: [GGC heuristics: --param ggc-min-expand=100 --param ggc-min-heapsize=131072]
  ignore line: [Compiler executable checksum: d591828bb4d392ae8b7b160e5bb0b95f]
  ignore line: [COLLECT_GCC_OPTIONS='-v' '-o' 'CMakeFiles/cmTC_0414b.dir/CMakeCXXCompilerABI.cpp.o' '-c' '-shared-libgcc' '-mtune=generic' '-march=x86-64' '-dumpdir' 'CMakeFiles/cmTC_0414b.dir/']
  ignore line: [ as -v --64 -o CMakeFiles/cmTC_0414b.dir/CMakeCXXCompilerABI.cpp.o /tmp/ccXkAfLA.s]
  ignore line: [GNU assembler version 2.38 (x86_64-linux-gnu) using BFD version (GNU Binutils for Ubuntu) 2.38]
  ignore line: [COMPILER_PATH=/usr/lib/gcc/x86_64-linux-gnu/11/:/usr/lib/gcc/x86_64-linux-gnu/11/:/usr/lib/gcc/x86_64-linux-gnu/:/usr/lib/gcc/x86_64-linux-gnu/11/:/usr/lib/gcc/x86_64-linux-gnu/]
  ignore line: [LIBRARY_PATH=/usr/lib/gcc/x86_64-linux-gnu/11/:/usr/lib/gcc/x86_64-linux-gnu/11/../../../x86_64-linux-gnu/:/usr/lib/gcc/x86_64-linux-gnu/11/../../../../lib/:/lib/x86_64-linux-gnu/:/lib/../lib/:/usr/lib/x86_64-linux-gnu/:/usr/lib/../lib/:/usr/lib/gcc/x86_64-linux-gnu/11/../../../:/lib/:/usr/lib/]
  ignore line: [COLLECT_GCC_OPTIONS='-v' '-o' 'CMakeFiles/cmTC_0414b.dir/CMakeCXXCompilerABI.cpp.o' '-c' '-shared-libgcc' '-mtune=generic' '-march=x86-64' '-dumpdir' 'CMakeFiles/cmTC_0414b.dir/CMakeCXXCompilerABI.cpp.']
  ignore line: [Linking CXX executable cmTC_0414b]
  ignore line: [/usr/bin/cmake -E cmake_link_script CMakeFiles/cmTC_0414b.dir/link.txt --verbose=1]
  ignore line: [/usr/bin/c++  -v CMakeFiles/cmTC_0414b.dir/CMakeCXXCompilerABI.cpp.o -o cmTC_0414b ]
  ignore line: [Using built-in specs.]
  ignore line: [COLLECT_GCC=/usr/bin/c++]
  ignore line: [COLLECT_LTO_WRAPPER=/usr/lib/gcc/x86_64-linux-gnu/11/lto-wrapper]
  ignore line: [OFFLOAD_TARGET_NAMES=nvptx-none:amdgcn-amdhsa]
  ignore line: [OFFLOAD_TARGET_DEFAULT=1]
  ignore line: [Target: x86_64-linux-gnu]
  ignore line: [Configured with: ../src/configure -v --with-pkgversion='Ubuntu 11.4.0-1ubuntu1~22.04' --with-bugurl=file:///usr/share/doc/gcc-11/README.Bugs --enable-languages=c ada c++ go brig d fortran objc obj-c++ m2 --prefix=/usr --with-gcc-major-version-only --program-suffix=-11 --program-prefix=x86_64-linux-gnu- --enable-shared --enable-linker-build-id --libexecdir=/usr/lib --without-included-gettext --enable-threads=posix --libdir=/usr/lib --enable-nls --enable-bootstrap --enable-clocale=gnu --enable-libstdcxx-debug --enable-libstdcxx-time=yes --with-default-libstdcxx-abi=new --enable-gnu-unique-object --disable-vtable-verify --enable-plugin --enable-default-pie --with-system-zlib --enable-libphobos-checking=release --with-target-system-zlib=auto --enable-objc-gc=auto --enable-multiarch --disable-werror --enable-cet --with-arch-32=i686 --with-abi=m64 --with-multilib-list=m32 m64 mx32 --enable-multilib --with-tune=generic --enable-offload-targets=nvptx-none=/build/gcc-11-XeT9lY/gcc-11-11.4.0/debian/tmp-nvptx/usr amdgcn-amdhsa=/build/gcc-11-XeT9lY/gcc-11-11.4.0/debian/tmp-gcn/usr --without-cuda-driver --enable-checking=release --build=x86_64-linux-gnu --host=x86_64-linux-gnu --target=x86_64-linux-gnu --with-build-config=bootstrap-lto-lean --enable-link-serialization=2]
  ignore line: [Thread model: posix]
  ignore line: [Supported LTO compression algorithms: zlib zstd]
  ignore line: [gcc version 11.4.0 (Ubuntu 11.4.0-1ubuntu1~22.04) ]
  ignore line: [COMPILER_PATH=/usr/lib/gcc/x86_64-linux-gnu/11/:/usr/lib/gcc/x86_64-linux-gnu/11/:/usr/lib/gcc/x86_64-linux-gnu/:/usr/lib/gcc/x86_64-linux-gnu/11/:/usr/lib/gcc/x86_64-linux-gnu/]
  ignore line: [LIBRARY_PATH=/usr/lib/gcc/x86_64-linux-gnu/11/:/usr/lib/gcc/x86_64-linux-gnu/11/../../../x86_64-linux-gnu/:/usr/lib/gcc/x86_64-linux-gnu/11/../../../../lib/:/lib/x86_64-linux-gnu/:/lib/../lib/:/usr/lib/x86_64-linux-gnu/:/usr/lib/../lib/:/usr/lib/gcc/x86_64-linux-gnu/11/../../../:/lib/:/usr/lib/]
  ignore line: [COLLECT_GCC_OPTIONS='-v' '-o' 'cmTC_0414b' '-shared-libgcc' '-mtune=generic' '-march=x86-64' '-dumpdir' 'cmTC_0414b.']
  link line: [ /usr/lib/gcc/x86_64-linux-gnu/11/collect2 -plugin /usr/lib/gcc/x86_64-linux-gnu/11/liblto_plugin.so -plugin-opt=/usr/lib/gcc/x86_64-linux-gnu/11/lto-wrapper -plugin-opt=-fresolution=/tmp/ccITCgxl.res -plugin-opt=-pass-through=-lgcc_s -plugin-opt=-pass-through=-lgcc -plugin-opt=-pass-through=-lc -plugin-opt=-pass-through=-lgcc_s -plugin-opt=-pass-through=-lgcc --build-id --eh-frame-hdr -m elf_x86_64 --hash-style=gnu --as-needed -dynamic-linker /lib64/ld-linux-x86-64.so.2 -pie -z now -z relro -o cmTC_0414b /usr/lib/gcc/x86_64-linux-gnu/11/../../../x86_64-linux-gnu/Scrt1.o /usr/lib/gcc/x86_64-linux-gnu/11/../../../x86_64-linux-gnu/crti.o /usr/lib/gcc/x86_64-linux-gnu/11/crtbeginS.o -L/usr/lib/gcc/x86_64-linux-gnu/11 -L/usr/lib/gcc/x86_64-linux-gnu/11/../../../x86_64-linux-gnu -L/usr/lib/gcc/x86_64-linux-gnu/11/../../../../lib -L/lib/x86_64-linux-gnu -L/lib/../lib -L/usr/lib/x86_64-linux-gnu -L/usr/lib/../lib -L/usr/lib/gcc/x86_64-linux-gnu/11/../../.. CMakeFiles/cmTC_0414b.dir/CMakeCXXCompilerABI.cpp.o -lstdc++ -lm -lgcc_s -lgcc -lc -lgcc_s -lgcc /usr/lib/gcc/x86_64-linux-gnu/11/crtendS.o /usr/lib/gcc/x86_64-linux-gnu/11/../../../x86_64-linux-gnu/crtn.o]
    arg [/usr/lib/gcc/x86_64-linux-gnu/11/collect2] ==> ignore
    arg [-plugin] ==> ignore
    arg [/usr/lib/gcc/x86_64-linux-gnu/11/liblto_plugin.so] ==> ignore
    arg [-plugin-opt=/usr/lib/gcc/x86_64-linux-gnu/11/lto-wrapper] ==> ignore
    arg [-plugin-opt=-fresolution=/tmp/ccITCgxl.res] ==> ignore
    arg [-plugin-opt=-pass-through=-lgcc_s] ==> ignore
    arg [-plugin-opt=-pass-through=-lgcc] ==> ignore
    arg [-plugin-opt=-pass-through=-lc] ==> ignore
    arg [-plugin-opt=-pass-through=-lgcc_s] ==> ignore
    arg [-plugin-opt=-pass-through=-lgcc] ==> ignore
    arg [--build-id] ==> ignore
    arg [--eh-frame-hdr] ==> ignore
    arg [-m] ==> ignore
    arg [elf_x86_64] ==> ignore
    arg [--hash-style=gnu] ==> ignore
    arg [--as-needed] ==> ignore
    arg [-dynamic-linker] ==> ignore
    arg [/lib64/ld-linux-x86-64.so.2] ==> ignore
    arg [-pie] ==> ignore
    arg [-znow] ==> ignore
    arg [-zrelro] ==> ignore
    arg [-o] ==> ignore
    arg [cmTC_0414b] ==> ignore
    arg [/usr/lib/gcc/x86_64-linux-gnu/11/../../../x86_64-linux-gnu/Scrt1.o] ==> obj [/usr/lib/gcc/x86_64-linux-gnu/11/../../../x86_64-linux-gnu/Scrt1.o]
    arg [/usr/lib/gcc/x86_64-linux-gnu/11/../../../x86_64-linux-gnu/crti.o] ==> obj [/usr/lib/gcc/x86_64-linux-gnu/11/../../../x86_64-linux-gnu/crti.o]
    arg [/usr/lib/gcc/x86_64-linux-gnu/11/crtbeginS.o] ==> obj [/usr/lib/gcc/x86_64-linux-gnu/11/crtbeginS.o]
    arg [-L/usr/lib/gcc/x86_64-linux-gnu/11] ==> dir [/usr/lib/gcc/x86_64-linux-gnu/11]
    arg [-L/usr/lib/gcc/x86_64-linux-gnu/11/../../../x86_64-linux-gnu] ==> dir [/usr/lib/gcc/x86_64-linux-gnu/11/../../../x86_64-linux-gnu]
    arg [-L/usr/lib/gcc/x86_64-linux-gnu/11/../../../../lib] ==> dir [/usr/lib/gcc/x86_64-linux-gnu/11/../../../../lib]
    arg [-L/lib/x86_64-linux-gnu] ==> dir [/lib/x86_64-linux-gnu]
    arg [-L/lib/../lib] ==> dir [/lib/../lib]
    arg [-L/usr/lib/x86_64-linux-gnu] ==> dir [/usr/lib/x86_64-linux-gnu]
    arg [-L/usr/lib/../lib] ==> dir [/usr/lib/../lib]
    arg [-L/usr/lib/gcc/x86_64-linux-gnu/11/../../..] ==> dir [/usr/lib/gcc/x86_64-linux-gnu/11/../../..]
    arg [CMakeFiles/cmTC_0414b.dir/CMakeCXXCompilerABI.cpp.o] ==> ignore
    arg [-lstdc++] ==> lib [stdc++]
    arg [-lm] ==> lib [m]
    arg [-lgcc_s] ==> lib [gcc_s]
    arg [-lgcc] ==> lib [gcc]
    arg [-lc] ==> lib [c]
    arg [-lgcc_s] ==> lib [gcc_s]
    arg [-lgcc] ==> lib [gcc]
    arg [/usr/lib/gcc/x86_64-linux-gnu/11/crtendS.o] ==> obj [/usr/lib/gcc/x86_64-linux-gnu/11/crtendS.o]
    arg [/usr/lib/gcc/x86_64-linux-gnu/11/../../../x86_64-linux-gnu/crtn.o] ==> obj [/usr/lib/gcc/x86_64-linux-gnu/11/../../../x86_64-linux-gnu/crtn.o]
  collapse obj [/usr/lib/gcc/x86_64-linux-gnu/11/../../../x86_64-linux-gnu/Scrt1.o] ==> [/usr/lib/x86_64-linux-gnu/Scrt1.o]
  collapse obj [/usr/lib/gcc/x86_64-linux-gnu/11/../../../x86_64-linux-gnu/crti.o] ==> [/usr/lib/x86_64-linux-gnu/crti.o]
  collapse obj [/usr/lib/gcc/x86_64-linux-gnu/11/../../../x86_64-linux-gnu/crtn.o] ==> [/usr/lib/x86_64-linux-gnu/crtn.o]
  collapse library dir [/usr/lib/gcc/x86_64-linux-gnu/11] ==> [/usr/lib/gcc/x86_64-linux-gnu/11]
  collapse library dir [/usr/lib/gcc/x86_64-linux-gnu/11/../../../x86_64-linux-gnu] ==> [/usr/lib/x86_64-linux-gnu]
  collapse library dir [/usr/lib/gcc/x86_64-linux-gnu/11/../../../../lib] ==> [/usr/lib]
  collapse library dir [/lib/x86_64-linux-gnu] ==> [/lib/x86_64-linux-gnu]
  collapse library dir [/lib/../lib] ==> [/lib]
  collapse library dir [/usr/lib/x86_64-linux-gnu] ==> [/usr/lib/x86_64-linux-gnu]
  collapse library dir [/usr/lib/../lib] ==> [/usr/lib]
  collapse library dir [/usr/lib/gcc/x86_64-linux-gnu/11/../../..] ==> [/usr/lib]
  implicit libs: [stdc++;m;gcc_s;gcc;c;gcc_s;gcc]
  implicit objs: [/usr/lib/x86_64-linux-gnu/Scrt1.o;/usr/lib/x86_64-linux-gnu/crti.o;/usr/lib/gcc/x86_64-linux-gnu/11/crtbeginS.o;/usr/lib/gcc/x86_64-linux-gnu/11/crtendS.o;/usr/lib/x86_64-linux-gnu/crtn.o]
  implicit dirs: [/usr/lib/gcc/x86_64-linux-gnu/11;/usr/lib/x86_64-linux-gnu;/usr/lib;/lib/x86_64-linux-gnu;/lib]
  implicit fwks: []


Performing C++ SOURCE FILE Test ADDRESS_SANITIZER_AVAILABLE succeeded with the following compile output:
Change Dir: /root/my_pistache_api/build/CMakeFiles/CMakeTmp

Run Build Command(s):/usr/bin/gmake -f Makefile cmTC_d9cf3/fast && /usr/bin/gmake  -f CMakeFiles/cmTC_d9cf3.dir/build.make CMakeFiles/cmTC_d9cf3.dir/build
gmake[1]: Entering directory '/root/my_pistache_api/build/CMakeFiles/CMakeTmp'
Building CXX object CMakeFiles/cmTC_d9cf3.dir/src.cxx.o
/usr/bin/c++ -DADDRESS_SANITIZER_AVAILABLE  -fsanitize=address -std=gnu++17 -o CMakeFiles/cmTC_d9cf3.dir/src.cxx.o -c /root/my_pistache_api/build/CMakeFiles/CMakeTmp/src.cxx
Linking CXX executable cmTC_d9cf3
/usr/bin/cmake -E cmake_link_script CMakeFiles/cmTC_d9cf3.dir/link.txt --verbose=1
/usr/bin/c++  -fsanitize=address CMakeFiles/cmTC_d9cf3.dir/src.cxx.o -o cmTC_d9cf3 
gmake[1]: Leaving directory '/root/my_pistache_api/build/CMakeFiles/CMakeTmp'


...and run output:

Return value: 1
Source file was:
int main() { return 0; }
Performing C++ SOURCE FILE Test LEAK_SANITIZER_AVAILABLE succeeded with the following output:
Change Dir: /root/my_pistache_api/build/CMakeFiles/CMakeTmp

Run Build Command(s):/usr/bin/gmake -f Makefile cmTC_5b782/fast && /usr/bin/gmake  -f CMakeFiles/cmTC_5b782.dir/build.make CMakeFiles/cmTC_5b782.dir/build
gmake[1]: Entering directory '/root/my_pistache_api/build/CMakeFiles/CMakeTmp'
Building CXX object CMakeFiles/cmTC_5b782.dir/src.cxx.o
/usr/bin/c++ -DLEAK_SANITIZER_AVAILABLE  -fsanitize=leak -std=gnu++17 -o CMakeFiles/cmTC_5b782.dir/src.cxx.o -c /root/my_pistache_api/build/CMakeFiles/CMakeTmp/src.cxx
Linking CXX executable cmTC_5b782
/usr/bin/cmake -E cmake_link_script CMakeFiles/cmTC_5b782.dir/link.txt --verbose=1
/usr/bin/c++ CMakeFiles/cmTC_5b782.dir/src.cxx.o -o cmTC_5b782 
gmake[1]: Leaving directory '/root/my_pistache_api/build/CMakeFiles/CMakeTmp'


Source file was:
int main() { return 0; }
Performing C++ SOURCE FILE Test UNDEFINED_BEHAVIOUR_SANITIZER_AVAILABLE succeeded with the following output:
Change Dir: /root/my_pistache_api/build/CMakeFiles/CMakeTmp

Run Build Command(s):/usr/bin/gmake -f Makefile cmTC_3d8e9/fast && /usr/bin/gmake  -f CMakeFiles/cmTC_3d8e9.dir/build.make CMakeFiles/cmTC_3d8e9.dir/build
gmake[1]: Entering directory '/root/my_pistache_api/build/CMakeFiles/CMakeTmp'
Building CXX object CMakeFiles/cmTC_3d8e9.dir/src.cxx.o
/usr/bin/c++ -DUNDEFINED_BEHAVIOUR_SANITIZER_AVAILABLE  -fsanitize=undefined -std=gnu++17 -o CMakeFiles/cmTC_3d8e9.dir/src.cxx.o -c /root/my_pistache_api/build/CMakeFiles/CMakeTmp/src.cxx
Linking CXX executable cmTC_3d8e9
/usr/bin/cmake -E cmake_link_script CMakeFiles/cmTC_3d8e9.dir/link.txt --verbose=1
/usr/bin/c++ CMakeFiles/cmTC_3d8e9.dir/src.cxx.o -o cmTC_3d8e9 
gmake[1]: Leaving directory '/root/my_pistache_api/build/CMakeFiles/CMakeTmp'


Source file was:
int main() { return 0; }
Performing C++ SOURCE FILE Test ALL_SANITIZERS_AVAILABLE succeeded with the following compile output:
Change Dir: /root/my_pistache_api/build/CMakeFiles/CMakeTmp

Run Build Command(s):/usr/bin/gmake -f Makefile cmTC_12604/fast && /usr/bin/gmake  -f CMakeFiles/cmTC_12604.dir/build.make CMakeFiles/cmTC_12604.dir/build
gmake[1]: Entering directory '/root/my_pistache_api/build/CMakeFiles/CMakeTmp'
Building CXX object CMakeFiles/cmTC_12604.dir/src.cxx.o
/usr/bin/c++ -DALL_SANITIZERS_AVAILABLE  -fsanitize=address -fsanitize=leak -fsanitize=undefined -std=gnu++17 -o CMakeFiles/cmTC_12604.dir/src.cxx.o -c /root/my_pistache_api/build/CMakeFiles/CMakeTmp/src.cxx
Linking CXX executable cmTC_12604
/usr/bin/cmake -E cmake_link_script CMakeFiles/cmTC_12604.dir/link.txt --verbose=1
/usr/bin/c++   -fsanitize=address -fsanitize=leak -fsanitize=undefined CMakeFiles/cmTC_12604.dir/src.cxx.o -o cmTC_12604 
gmake[1]: Leaving directory '/root/my_pistache_api/build/CMakeFiles/CMakeTmp'


...and run output:

Return value: 1
Source file was:
int main() { return 0; }
Performing C SOURCE FILE Test FNO_LTO_AVAILABLE succeeded with the following output:
Change Dir: /root/my_pistache_api/build/CMakeFiles/CMakeTmp

Run Build Command(s):/usr/bin/gmake -f Makefile cmTC_9a71a/fast && /usr/bin/gmake  -f CMakeFiles/cmTC_9a71a.dir/build.make CMakeFiles/cmTC_9a71a.dir/build
gmake[1]: Entering directory '/root/my_pistache_api/build/CMakeFiles/CMakeTmp'
Building C object CMakeFiles/cmTC_9a71a.dir/src.c.o
/usr/bin/cc -DFNO_LTO_AVAILABLE  -fno-lto -std=c99 -o CMakeFiles/cmTC_9a71a.dir/src.c.o -c /root/my_pistache_api/build/CMakeFiles/CMakeTmp/src.c
Linking C executable cmTC_9a71a
/usr/bin/cmake -E cmake_link_script CMakeFiles/cmTC_9a71a.dir/link.txt --verbose=1
/usr/bin/cc  -fno-lto CMakeFiles/cmTC_9a71a.dir/src.c.o -o cmTC_9a71a 
gmake[1]: Leaving directory '/root/my_pistache_api/build/CMakeFiles/CMakeTmp'


Source file was:
int main() { return 0; }
Determining if the include file unistd.h exists passed with the following output:
Change Dir: /root/my_pistache_api/build/CMakeFiles/CMakeTmp

Run Build Command(s):/usr/bin/gmake -f Makefile cmTC_3fd8e/fast && /usr/bin/gmake  -f CMakeFiles/cmTC_3fd8e.dir/build.make CMakeFiles/cmTC_3fd8e.dir/build
gmake[1]: Entering directory '/root/my_pistache_api/build/CMakeFiles/CMakeTmp'
Building C object CMakeFiles/cmTC_3fd8e.dir/CheckIncludeFile.c.o
/usr/bin/cc   -Wall -Wno-implicit-fallthrough  -std=c99 -o CMakeFiles/cmTC_3fd8e.dir/CheckIncludeFile.c.o -c /root/my_pistache_api/build/CMakeFiles/CMakeTmp/CheckIncludeFile.c
Linking C executable cmTC_3fd8e
/usr/bin/cmake -E cmake_link_script CMakeFiles/cmTC_3fd8e.dir/link.txt --verbose=1
/usr/bin/cc  -Wall -Wno-implicit-fallthrough  CMakeFiles/cmTC_3fd8e.dir/CheckIncludeFile.c.o -o cmTC_3fd8e 
gmake[1]: Leaving directory '/root/my_pistache_api/build/CMakeFiles/CMakeTmp'



Determining if the include file sys/types.h exists passed with the following output:
Change Dir: /root/my_pistache_api/build/CMakeFiles/CMakeTmp

Run Build Command(s):/usr/bin/gmake -f Makefile cmTC_fa5e2/fast && /usr/bin/gmake  -f CMakeFiles/cmTC_fa5e2.dir/build.make CMakeFiles/cmTC_fa5e2.dir/build
gmake[1]: Entering directory '/root/my_pistache_api/build/CMakeFiles/CMakeTmp'
Building C object CMakeFiles/cmTC_fa5e2.dir/CheckIncludeFile.c.o
/usr/bin/cc -D_LARGEFILE64_SOURCE=1 -D__USE_LARGEFILE64  -Wall -Wno-implicit-fallthrough  -std=c99 -o CMakeFiles/cmTC_fa5e2.dir/CheckIncludeFile.c.o -c /root/my_pistache_api/build/CMakeFiles/CMakeTmp/CheckIncludeFile.c
Linking C executable cmTC_fa5e2
/usr/bin/cmake -E cmake_link_script CMakeFiles/cmTC_fa5e2.dir/link.txt --verbose=1
/usr/bin/cc  -Wall -Wno-implicit-fallthrough  CMakeFiles/cmTC_fa5e2.dir/CheckIncludeFile.c.o -o cmTC_fa5e2 
gmake[1]: Leaving directory '/root/my_pistache_api/build/CMakeFiles/CMakeTmp'



Determining if the include file stdint.h exists passed with the following output:
Change Dir: /root/my_pistache_api/build/CMakeFiles/CMakeTmp

Run Build Command(s):/usr/bin/gmake -f Makefile cmTC_34c66/fast && /usr/bin/gmake  -f CMakeFiles/cmTC_34c66.dir/build.make CMakeFiles/cmTC_34c66.dir/build
gmake[1]: Entering directory '/root/my_pistache_api/build/CMakeFiles/CMakeTmp'
Building C object CMakeFiles/cmTC_34c66.dir/CheckIncludeFile.c.o
/usr/bin/cc -D_LARGEFILE64_SOURCE=1 -D__USE_LARGEFILE64  -Wall -Wno-implicit-fallthrough  -std=c99 -o CMakeFiles/cmTC_34c66.dir/CheckIncludeFile.c.o -c /root/my_pistache_api/build/CMakeFiles/CMakeTmp/CheckIncludeFile.c
Linking C executable cmTC_34c66
/usr/bin/cmake -E cmake_link_script CMakeFiles/cmTC_34c66.dir/link.txt --verbose=1
/usr/bin/cc  -Wall -Wno-implicit-fallthrough  CMakeFiles/cmTC_34c66.dir/CheckIncludeFile.c.o -o cmTC_34c66 
gmake[1]: Leaving directory '/root/my_pistache_api/build/CMakeFiles/CMakeTmp'



Determining if the include file stddef.h exists passed with the following output:
Change Dir: /root/my_pistache_api/build/CMakeFiles/CMakeTmp

Run Build Command(s):/usr/bin/gmake -f Makefile cmTC_109bb/fast && /usr/bin/gmake  -f CMakeFiles/cmTC_109bb.dir/build.make CMakeFiles/cmTC_109bb.dir/build
gmake[1]: Entering directory '/root/my_pistache_api/build/CMakeFiles/CMakeTmp'
Building C object CMakeFiles/cmTC_109bb.dir/CheckIncludeFile.c.o
/usr/bin/cc -D_LARGEFILE64_SOURCE=1 -D__USE_LARGEFILE64  -Wall -Wno-implicit-fallthrough  -std=c99 -o CMakeFiles/cmTC_109bb.dir/CheckIncludeFile.c.o -c /root/my_pistache_api/build/CMakeFiles/CMakeTmp/CheckIncludeFile.c
Linking C executable cmTC_109bb
/usr/bin/cmake -E cmake_link_script CMakeFiles/cmTC_109bb.dir/link.txt --verbose=1
/usr/bin/cc  -Wall -Wno-implicit-fallthrough  CMakeFiles/cmTC_109bb.dir/CheckIncludeFile.c.o -o cmTC_109bb 
gmake[1]: Leaving directory '/root/my_pistache_api/build/CMakeFiles/CMakeTmp'



Determining size of off64_t passed with the following output:
Change Dir: /root/my_pistache_api/build/CMakeFiles/CMakeTmp

Run Build Command(s):/usr/bin/gmake -f Makefile cmTC_6d0af/fast && /usr/bin/gmake  -f CMakeFiles/cmTC_6d0af.dir/build.make CMakeFiles/cmTC_6d0af.dir/build
gmake[1]: Entering directory '/root/my_pistache_api/build/CMakeFiles/CMakeTmp'
Building C object CMakeFiles/cmTC_6d0af.dir/OFF64_T.c.o
/usr/bin/cc -D_LARGEFILE64_SOURCE=1 -D__USE_LARGEFILE64  -Wall -Wno-implicit-fallthrough  -std=c99 -o CMakeFiles/cmTC_6d0af.dir/OFF64_T.c.o -c /root/my_pistache_api/build/CMakeFiles/CheckTypeSize/OFF64_T.c
Linking C executable cmTC_6d0af
/usr/bin/cmake -E cmake_link_script CMakeFiles/cmTC_6d0af.dir/link.txt --verbose=1
/usr/bin/cc  -Wall -Wno-implicit-fallthrough  CMakeFiles/cmTC_6d0af.dir/OFF64_T.c.o -o cmTC_6d0af 
gmake[1]: Leaving directory '/root/my_pistache_api/build/CMakeFiles/CMakeTmp'



Determining if the function fseeko exists passed with the following output:
Change Dir: /root/my_pistache_api/build/CMakeFiles/CMakeTmp

Run Build Command(s):/usr/bin/gmake -f Makefile cmTC_65588/fast && /usr/bin/gmake  -f CMakeFiles/cmTC_65588.dir/build.make CMakeFiles/cmTC_65588.dir/build
gmake[1]: Entering directory '/root/my_pistache_api/build/CMakeFiles/CMakeTmp'
Building C object CMakeFiles/cmTC_65588.dir/CheckFunctionExists.c.o
/usr/bin/cc   -Wall -Wno-implicit-fallthrough -DCHECK_FUNCTION_EXISTS=fseeko -std=c99 -o CMakeFiles/cmTC_65588.dir/CheckFunctionExists.c.o -c /usr/share/cmake-3.22/Modules/CheckFunctionExists.c
Linking C executable cmTC_65588
/usr/bin/cmake -E cmake_link_script CMakeFiles/cmTC_65588.dir/link.txt --verbose=1
/usr/bin/cc  -Wall -Wno-implicit-fallthrough -DCHECK_FUNCTION_EXISTS=fseeko CMakeFiles/cmTC_65588.dir/CheckFunctionExists.c.o -o cmTC_65588 
gmake[1]: Leaving directory '/root/my_pistache_api/build/CMakeFiles/CMakeTmp'



Determining if the function strerror exists passed with the following output:
Change Dir: /root/my_pistache_api/build/CMakeFiles/CMakeTmp

Run Build Command(s):/usr/bin/gmake -f Makefile cmTC_68272/fast && /usr/bin/gmake  -f CMakeFiles/cmTC_68272.dir/build.make CMakeFiles/cmTC_68272.dir/build
gmake[1]: Entering directory '/root/my_pistache_api/build/CMakeFiles/CMakeTmp'
Building C object CMakeFiles/cmTC_68272.dir/CheckFunctionExists.c.o
/usr/bin/cc   -Wall -Wno-implicit-fallthrough -DCHECK_FUNCTION_EXISTS=strerror -std=c99 -o CMakeFiles/cmTC_68272.dir/CheckFunctionExists.c.o -c /usr/share/cmake-3.22/Modules/CheckFunctionExists.c
Linking C executable cmTC_68272
/usr/bin/cmake -E cmake_link_script CMakeFiles/cmTC_68272.dir/link.txt --verbose=1
/usr/bin/cc  -Wall -Wno-implicit-fallthrough -DCHECK_FUNCTION_EXISTS=strerror CMakeFiles/cmTC_68272.dir/CheckFunctionExists.c.o -o cmTC_68272 
gmake[1]: Leaving directory '/root/my_pistache_api/build/CMakeFiles/CMakeTmp'



Determining if the function posix_memalign exists passed with the following output:
Change Dir: /root/my_pistache_api/build/CMakeFiles/CMakeTmp

Run Build Command(s):/usr/bin/gmake -f Makefile cmTC_ebc10/fast && /usr/bin/gmake  -f CMakeFiles/cmTC_ebc10.dir/build.make CMakeFiles/cmTC_ebc10.dir/build
gmake[1]: Entering directory '/root/my_pistache_api/build/CMakeFiles/CMakeTmp'
Building C object CMakeFiles/cmTC_ebc10.dir/CheckFunctionExists.c.o
/usr/bin/cc   -Wall -Wno-implicit-fallthrough -DCHECK_FUNCTION_EXISTS=posix_memalign   -D _POSIX_C_SOURCE=200112L -std=c99 -o CMakeFiles/cmTC_ebc10.dir/CheckFunctionExists.c.o -c /usr/share/cmake-3.22/Modules/CheckFunctionExists.c
Linking C executable cmTC_ebc10
/usr/bin/cmake -E cmake_link_script CMakeFiles/cmTC_ebc10.dir/link.txt --verbose=1
/usr/bin/cc  -Wall -Wno-implicit-fallthrough -DCHECK_FUNCTION_EXISTS=posix_memalign CMakeFiles/cmTC_ebc10.dir/CheckFunctionExists.c.o -o cmTC_ebc10 
gmake[1]: Leaving directory '/root/my_pistache_api/build/CMakeFiles/CMakeTmp'



Performing C SOURCE FILE Test HAVE_NO_INTERPOSITION succeeded with the following output:
Change Dir: /root/my_pistache_api/build/CMakeFiles/CMakeTmp

Run Build Command(s):/usr/bin/gmake -f Makefile cmTC_9c918/fast && /usr/bin/gmake  -f CMakeFiles/cmTC_9c918.dir/build.make CMakeFiles/cmTC_9c918.dir/build
gmake[1]: Entering directory '/root/my_pistache_api/build/CMakeFiles/CMakeTmp'
Building C object CMakeFiles/cmTC_9c918.dir/src.c.o
/usr/bin/cc -DHAVE_NO_INTERPOSITION  -Wall -Wno-implicit-fallthrough    -fno-semantic-interposition -std=c99 -o CMakeFiles/cmTC_9c918.dir/src.c.o -c /root/my_pistache_api/build/CMakeFiles/CMakeTmp/src.c
Linking C executable cmTC_9c918
/usr/bin/cmake -E cmake_link_script CMakeFiles/cmTC_9c918.dir/link.txt --verbose=1
/usr/bin/cc  -Wall -Wno-implicit-fallthrough  CMakeFiles/cmTC_9c918.dir/src.c.o -o cmTC_9c918 
gmake[1]: Leaving directory '/root/my_pistache_api/build/CMakeFiles/CMakeTmp'


Source file was:
int main(void) { return 0; }
Performing C SOURCE FILE Test HAVE_ATTRIBUTE_VISIBILITY_HIDDEN succeeded with the following output:
Change Dir: /root/my_pistache_api/build/CMakeFiles/CMakeTmp

Run Build Command(s):/usr/bin/gmake -f Makefile cmTC_045ed/fast && /usr/bin/gmake  -f CMakeFiles/cmTC_045ed.dir/build.make CMakeFiles/cmTC_045ed.dir/build
gmake[1]: Entering directory '/root/my_pistache_api/build/CMakeFiles/CMakeTmp'
Building C object CMakeFiles/cmTC_045ed.dir/src.c.o
/usr/bin/cc -DHAVE_ATTRIBUTE_VISIBILITY_HIDDEN  -Wall -Wno-implicit-fallthrough  -std=c99 -o CMakeFiles/cmTC_045ed.dir/src.c.o -c /root/my_pistache_api/build/CMakeFiles/CMakeTmp/src.c
Linking C executable cmTC_045ed
/usr/bin/cmake -E cmake_link_script CMakeFiles/cmTC_045ed.dir/link.txt --verbose=1
/usr/bin/cc  -Wall -Wno-implicit-fallthrough  CMakeFiles/cmTC_045ed.dir/src.c.o -o cmTC_045ed 
gmake[1]: Leaving directory '/root/my_pistache_api/build/CMakeFiles/CMakeTmp'


Source file was:
#define Z_INTERNAL __attribute__((visibility ("hidden")))
    int Z_INTERNAL foo;
    int main() {
        return 0;
    }
Performing C SOURCE FILE Test HAVE_ATTRIBUTE_VISIBILITY_INTERNAL succeeded with the following output:
Change Dir: /root/my_pistache_api/build/CMakeFiles/CMakeTmp

Run Build Command(s):/usr/bin/gmake -f Makefile cmTC_1f4b1/fast && /usr/bin/gmake  -f CMakeFiles/cmTC_1f4b1.dir/build.make CMakeFiles/cmTC_1f4b1.dir/build
gmake[1]: Entering directory '/root/my_pistache_api/build/CMakeFiles/CMakeTmp'
Building C object CMakeFiles/cmTC_1f4b1.dir/src.c.o
/usr/bin/cc -DHAVE_ATTRIBUTE_VISIBILITY_INTERNAL  -Wall -Wno-implicit-fallthrough  -std=c99 -o CMakeFiles/cmTC_1f4b1.dir/src.c.o -c /root/my_pistache_api/build/CMakeFiles/CMakeTmp/src.c
Linking C executable cmTC_1f4b1
/usr/bin/cmake -E cmake_link_script CMakeFiles/cmTC_1f4b1.dir/link.txt --verbose=1
/usr/bin/cc  -Wall -Wno-implicit-fallthrough  CMakeFiles/cmTC_1f4b1.dir/src.c.o -o cmTC_1f4b1 
gmake[1]: Leaving directory '/root/my_pistache_api/build/CMakeFiles/CMakeTmp'


Source file was:
#define Z_INTERNAL __attribute__((visibility ("internal")))
    int Z_INTERNAL foo;
    int main() {
        return 0;
    }
Performing C SOURCE FILE Test HAVE_BUILTIN_CTZ succeeded with the following output:
Change Dir: /root/my_pistache_api/build/CMakeFiles/CMakeTmp

Run Build Command(s):/usr/bin/gmake -f Makefile cmTC_9a7a5/fast && /usr/bin/gmake  -f CMakeFiles/cmTC_9a7a5.dir/build.make CMakeFiles/cmTC_9a7a5.dir/build
gmake[1]: Entering directory '/root/my_pistache_api/build/CMakeFiles/CMakeTmp'
Building C object CMakeFiles/cmTC_9a7a5.dir/src.c.o
/usr/bin/cc -DHAVE_BUILTIN_CTZ  -Wall -Wno-implicit-fallthrough  -std=c99 -o CMakeFiles/cmTC_9a7a5.dir/src.c.o -c /root/my_pistache_api/build/CMakeFiles/CMakeTmp/src.c
Linking C executable cmTC_9a7a5
/usr/bin/cmake -E cmake_link_script CMakeFiles/cmTC_9a7a5.dir/link.txt --verbose=1
/usr/bin/cc  -Wall -Wno-implicit-fallthrough  CMakeFiles/cmTC_9a7a5.dir/src.c.o -o cmTC_9a7a5 
gmake[1]: Leaving directory '/root/my_pistache_api/build/CMakeFiles/CMakeTmp'


Source file was:
int main(void) {
        unsigned int zero = 0;
        long test = __builtin_ctz(zero);
        (void)test;
        return 0;
    }
Performing C SOURCE FILE Test HAVE_BUILTIN_CTZLL succeeded with the following output:
Change Dir: /root/my_pistache_api/build/CMakeFiles/CMakeTmp

Run Build Command(s):/usr/bin/gmake -f Makefile cmTC_9e572/fast && /usr/bin/gmake  -f CMakeFiles/cmTC_9e572.dir/build.make CMakeFiles/cmTC_9e572.dir/build
gmake[1]: Entering directory '/root/my_pistache_api/build/CMakeFiles/CMakeTmp'
Building C object CMakeFiles/cmTC_9e572.dir/src.c.o
/usr/bin/cc -DHAVE_BUILTIN_CTZLL  -Wall -Wno-implicit-fallthrough  -std=c99 -o CMakeFiles/cmTC_9e572.dir/src.c.o -c /root/my_pistache_api/build/CMakeFiles/CMakeTmp/src.c
Linking C executable cmTC_9e572
/usr/bin/cmake -E cmake_link_script CMakeFiles/cmTC_9e572.dir/link.txt --verbose=1
/usr/bin/cc  -Wall -Wno-implicit-fallthrough  CMakeFiles/cmTC_9e572.dir/src.c.o -o cmTC_9e572 
gmake[1]: Leaving directory '/root/my_pistache_api/build/CMakeFiles/CMakeTmp'


Source file was:
int main(void) {
        unsigned int zero = 0;
        long test = __builtin_ctzll(zero);
        (void)test;
        return 0;
    }
Performing C SOURCE FILE Test HAVE_PTRDIFF_T succeeded with the following output:
Change Dir: /root/my_pistache_api/build/CMakeFiles/CMakeTmp

Run Build Command(s):/usr/bin/gmake -f Makefile cmTC_503bd/fast && /usr/bin/gmake  -f CMakeFiles/cmTC_503bd.dir/build.make CMakeFiles/cmTC_503bd.dir/build
gmake[1]: Entering directory '/root/my_pistache_api/build/CMakeFiles/CMakeTmp'
Building C object CMakeFiles/cmTC_503bd.dir/src.c.o
/usr/bin/cc -DHAVE_PTRDIFF_T  -Wall -Wno-implicit-fallthrough  -std=c99 -o CMakeFiles/cmTC_503bd.dir/src.c.o -c /root/my_pistache_api/build/CMakeFiles/CMakeTmp/src.c
Linking C executable cmTC_503bd
/usr/bin/cmake -E cmake_link_script CMakeFiles/cmTC_503bd.dir/link.txt --verbose=1
/usr/bin/cc  -Wall -Wno-implicit-fallthrough  CMakeFiles/cmTC_503bd.dir/src.c.o -o cmTC_503bd 
gmake[1]: Leaving directory '/root/my_pistache_api/build/CMakeFiles/CMakeTmp'


Source file was:
#include <stddef.h>
     int main() {
         ptrdiff_t *a;
         (void)a;
         return 0;
    }
Performing C SOURCE FILE Test HAVE_SSE2_INTRIN succeeded with the following output:
Change Dir: /root/my_pistache_api/build/CMakeFiles/CMakeTmp

Run Build Command(s):/usr/bin/gmake -f Makefile cmTC_24b26/fast && /usr/bin/gmake  -f CMakeFiles/cmTC_24b26.dir/build.make CMakeFiles/cmTC_24b26.dir/build
gmake[1]: Entering directory '/root/my_pistache_api/build/CMakeFiles/CMakeTmp'
Building C object CMakeFiles/cmTC_24b26.dir/src.c.o
/usr/bin/cc -DHAVE_SSE2_INTRIN  -Wall -Wno-implicit-fallthrough -msse2 -std=c99 -o CMakeFiles/cmTC_24b26.dir/src.c.o -c /root/my_pistache_api/build/CMakeFiles/CMakeTmp/src.c
Linking C executable cmTC_24b26
/usr/bin/cmake -E cmake_link_script CMakeFiles/cmTC_24b26.dir/link.txt --verbose=1
/usr/bin/cc  -Wall -Wno-implicit-fallthrough -msse2 CMakeFiles/cmTC_24b26.dir/src.c.o -o cmTC_24b26 
gmake[1]: Leaving directory '/root/my_pistache_api/build/CMakeFiles/CMakeTmp'


Source file was:
#include <immintrin.h>
        int main(void) {
            __m128i zero = _mm_setzero_si128();
            (void)zero;
            return 0;
        }
Performing C SOURCE FILE Test HAVE_SSSE3_INTRIN succeeded with the following output:
Change Dir: /root/my_pistache_api/build/CMakeFiles/CMakeTmp

Run Build Command(s):/usr/bin/gmake -f Makefile cmTC_82891/fast && /usr/bin/gmake  -f CMakeFiles/cmTC_82891.dir/build.make CMakeFiles/cmTC_82891.dir/build
gmake[1]: Entering directory '/root/my_pistache_api/build/CMakeFiles/CMakeTmp'
Building C object CMakeFiles/cmTC_82891.dir/src.c.o
/usr/bin/cc -DHAVE_SSSE3_INTRIN  -Wall -Wno-implicit-fallthrough -mssse3 -std=c99 -o CMakeFiles/cmTC_82891.dir/src.c.o -c /root/my_pistache_api/build/CMakeFiles/CMakeTmp/src.c
Linking C executable cmTC_82891
/usr/bin/cmake -E cmake_link_script CMakeFiles/cmTC_82891.dir/link.txt --verbose=1
/usr/bin/cc  -Wall -Wno-implicit-fallthrough -mssse3 CMakeFiles/cmTC_82891.dir/src.c.o -o cmTC_82891 
gmake[1]: Leaving directory '/root/my_pistache_api/build/CMakeFiles/CMakeTmp'


Source file was:
#include <immintrin.h>
        int main(void) {
            __m128i u, v, w;
            u = _mm_set1_epi32(1);
            v = _mm_set1_epi32(2);
            w = _mm_hadd_epi32(u, v);
            (void)w;
            return 0;
        }
Performing C SOURCE FILE Test HAVE_SSE42CRC_INLINE_ASM succeeded with the following output:
Change Dir: /root/my_pistache_api/build/CMakeFiles/CMakeTmp

Run Build Command(s):/usr/bin/gmake -f Makefile cmTC_d539a/fast && /usr/bin/gmake  -f CMakeFiles/cmTC_d539a.dir/build.make CMakeFiles/cmTC_d539a.dir/build
gmake[1]: Entering directory '/root/my_pistache_api/build/CMakeFiles/CMakeTmp'
Building C object CMakeFiles/cmTC_d539a.dir/src.c.o
/usr/bin/cc -DHAVE_SSE42CRC_INLINE_ASM  -Wall -Wno-implicit-fallthrough -msse4 -std=c99 -o CMakeFiles/cmTC_d539a.dir/src.c.o -c /root/my_pistache_api/build/CMakeFiles/CMakeTmp/src.c
Linking C executable cmTC_d539a
/usr/bin/cmake -E cmake_link_script CMakeFiles/cmTC_d539a.dir/link.txt --verbose=1
/usr/bin/cc  -Wall -Wno-implicit-fallthrough -msse4 CMakeFiles/cmTC_d539a.dir/src.c.o -o cmTC_d539a 
gmake[1]: Leaving directory '/root/my_pistache_api/build/CMakeFiles/CMakeTmp'


Source file was:
int main(void) {
            unsigned val = 0, h = 0;
        #if defined(_MSC_VER)
            { __asm mov edx, h __asm mov eax, val __asm crc32 eax, edx __asm mov val, eax }
        #else
            __asm__ __volatile__ ( "crc32 %1,%0" : "+r" (h) : "r" (val) );
        #endif
            return (int)h;
        }
Performing C SOURCE FILE Test HAVE_SSE42CRC_INTRIN succeeded with the following output:
Change Dir: /root/my_pistache_api/build/CMakeFiles/CMakeTmp

Run Build Command(s):/usr/bin/gmake -f Makefile cmTC_687b6/fast && /usr/bin/gmake  -f CMakeFiles/cmTC_687b6.dir/build.make CMakeFiles/cmTC_687b6.dir/build
gmake[1]: Entering directory '/root/my_pistache_api/build/CMakeFiles/CMakeTmp'
Building C object CMakeFiles/cmTC_687b6.dir/src.c.o
/usr/bin/cc -DHAVE_SSE42CRC_INTRIN  -Wall -Wno-implicit-fallthrough -msse4 -std=c99 -o CMakeFiles/cmTC_687b6.dir/src.c.o -c /root/my_pistache_api/build/CMakeFiles/CMakeTmp/src.c
Linking C executable cmTC_687b6
/usr/bin/cmake -E cmake_link_script CMakeFiles/cmTC_687b6.dir/link.txt --verbose=1
/usr/bin/cc  -Wall -Wno-implicit-fallthrough -msse4 CMakeFiles/cmTC_687b6.dir/src.c.o -o cmTC_687b6 
gmake[1]: Leaving directory '/root/my_pistache_api/build/CMakeFiles/CMakeTmp'


Source file was:
#include <immintrin.h>
        int main(void) {
            unsigned crc = 0;
            char c = 'c';
        #if defined(_MSC_VER)
            crc = _mm_crc32_u32(crc, c);
        #else
            crc = __builtin_ia32_crc32qi(crc, c);
        #endif
            (void)crc;
            return 0;
        }
Performing C SOURCE FILE Test HAVE_SSE42CMPSTR_INTRIN succeeded with the following output:
Change Dir: /root/my_pistache_api/build/CMakeFiles/CMakeTmp

Run Build Command(s):/usr/bin/gmake -f Makefile cmTC_7c4d5/fast && /usr/bin/gmake  -f CMakeFiles/cmTC_7c4d5.dir/build.make CMakeFiles/cmTC_7c4d5.dir/build
gmake[1]: Entering directory '/root/my_pistache_api/build/CMakeFiles/CMakeTmp'
Building C object CMakeFiles/cmTC_7c4d5.dir/src.c.o
/usr/bin/cc -DHAVE_SSE42CMPSTR_INTRIN  -Wall -Wno-implicit-fallthrough -msse4 -std=c99 -o CMakeFiles/cmTC_7c4d5.dir/src.c.o -c /root/my_pistache_api/build/CMakeFiles/CMakeTmp/src.c
Linking C executable cmTC_7c4d5
/usr/bin/cmake -E cmake_link_script CMakeFiles/cmTC_7c4d5.dir/link.txt --verbose=1
/usr/bin/cc  -Wall -Wno-implicit-fallthrough -msse4 CMakeFiles/cmTC_7c4d5.dir/src.c.o -o cmTC_7c4d5 
gmake[1]: Leaving directory '/root/my_pistache_api/build/CMakeFiles/CMakeTmp'


Source file was:
#include <immintrin.h>
        int main(void) {
            unsigned char a[64] = { 0 };
            unsigned char b[64] = { 0 };
            __m128i xmm_src0, xmm_src1;
            xmm_src0 = _mm_loadu_si128((__m128i *)(char *)a);
            xmm_src1 = _mm_loadu_si128((__m128i *)(char *)b);
            return _mm_cmpestri(xmm_src0, 16, xmm_src1, 16, 0);
        }
Performing C SOURCE FILE Test HAVE_PCLMULQDQ_INTRIN succeeded with the following output:
Change Dir: /root/my_pistache_api/build/CMakeFiles/CMakeTmp

Run Build Command(s):/usr/bin/gmake -f Makefile cmTC_05dae/fast && /usr/bin/gmake  -f CMakeFiles/cmTC_05dae.dir/build.make CMakeFiles/cmTC_05dae.dir/build
gmake[1]: Entering directory '/root/my_pistache_api/build/CMakeFiles/CMakeTmp'
Building C object CMakeFiles/cmTC_05dae.dir/src.c.o
/usr/bin/cc -DHAVE_PCLMULQDQ_INTRIN  -Wall -Wno-implicit-fallthrough -mpclmul -std=c99 -o CMakeFiles/cmTC_05dae.dir/src.c.o -c /root/my_pistache_api/build/CMakeFiles/CMakeTmp/src.c
Linking C executable cmTC_05dae
/usr/bin/cmake -E cmake_link_script CMakeFiles/cmTC_05dae.dir/link.txt --verbose=1
/usr/bin/cc  -Wall -Wno-implicit-fallthrough -mpclmul CMakeFiles/cmTC_05dae.dir/src.c.o -o cmTC_05dae 
gmake[1]: Leaving directory '/root/my_pistache_api/build/CMakeFiles/CMakeTmp'


Source file was:
#include <immintrin.h>
            int main(void) {
                __m128i a = _mm_setzero_si128();
                __m128i b = _mm_setzero_si128();
                __m128i c = _mm_clmulepi64_si128(a, b, 0x10);
                (void)c;
                return 0;
            }
Performing C SOURCE FILE Test HAVE_AVX2_INTRIN succeeded with the following output:
Change Dir: /root/my_pistache_api/build/CMakeFiles/CMakeTmp

Run Build Command(s):/usr/bin/gmake -f Makefile cmTC_1dfa0/fast && /usr/bin/gmake  -f CMakeFiles/cmTC_1dfa0.dir/build.make CMakeFiles/cmTC_1dfa0.dir/build
gmake[1]: Entering directory '/root/my_pistache_api/build/CMakeFiles/CMakeTmp'
Building C object CMakeFiles/cmTC_1dfa0.dir/src.c.o
/usr/bin/cc -DHAVE_AVX2_INTRIN  -Wall -Wno-implicit-fallthrough -mavx2 -std=c99 -o CMakeFiles/cmTC_1dfa0.dir/src.c.o -c /root/my_pistache_api/build/CMakeFiles/CMakeTmp/src.c
Linking C executable cmTC_1dfa0
/usr/bin/cmake -E cmake_link_script CMakeFiles/cmTC_1dfa0.dir/link.txt --verbose=1
/usr/bin/cc  -Wall -Wno-implicit-fallthrough -mavx2 CMakeFiles/cmTC_1dfa0.dir/src.c.o -o cmTC_1dfa0 
gmake[1]: Leaving directory '/root/my_pistache_api/build/CMakeFiles/CMakeTmp'


Source file was:
#include <immintrin.h>
        int main(void) {
            __m256i x = _mm256_set1_epi16(2);
            const __m256i y = _mm256_set1_epi16(1);
            x = _mm256_subs_epu16(x, y);
            (void)x;
            return 0;
        }
Performing C SOURCE FILE Test OPT_Wdouble_promotion succeeded with the following output:
Change Dir: /root/my_pistache_api/build/CMakeFiles/CMakeTmp

Run Build Command(s):/usr/bin/gmake -f Makefile cmTC_06fac/fast && /usr/bin/gmake  -f CMakeFiles/cmTC_06fac.dir/build.make CMakeFiles/cmTC_06fac.dir/build
gmake[1]: Entering directory '/root/my_pistache_api/build/CMakeFiles/CMakeTmp'
Building C object CMakeFiles/cmTC_06fac.dir/src.c.o
/usr/bin/cc -DOPT_Wdouble_promotion  -Wdouble-promotion -o CMakeFiles/cmTC_06fac.dir/src.c.o -c /root/my_pistache_api/build/CMakeFiles/CMakeTmp/src.c
Linking C executable cmTC_06fac
/usr/bin/cmake -E cmake_link_script CMakeFiles/cmTC_06fac.dir/link.txt --verbose=1
/usr/bin/cc CMakeFiles/cmTC_06fac.dir/src.c.o -o cmTC_06fac 
gmake[1]: Leaving directory '/root/my_pistache_api/build/CMakeFiles/CMakeTmp'


Source file was:
int main(void) { return 0; }
Performing C SOURCE FILE Test OPT_Wenum_conversion succeeded with the following output:
Change Dir: /root/my_pistache_api/build/CMakeFiles/CMakeTmp

Run Build Command(s):/usr/bin/gmake -f Makefile cmTC_0fd80/fast && /usr/bin/gmake  -f CMakeFiles/cmTC_0fd80.dir/build.make CMakeFiles/cmTC_0fd80.dir/build
gmake[1]: Entering directory '/root/my_pistache_api/build/CMakeFiles/CMakeTmp'
Building C object CMakeFiles/cmTC_0fd80.dir/src.c.o
/usr/bin/cc -DOPT_Wenum_conversion  -Wenum-conversion -o CMakeFiles/cmTC_0fd80.dir/src.c.o -c /root/my_pistache_api/build/CMakeFiles/CMakeTmp/src.c
Linking C executable cmTC_0fd80
/usr/bin/cmake -E cmake_link_script CMakeFiles/cmTC_0fd80.dir/link.txt --verbose=1
/usr/bin/cc CMakeFiles/cmTC_0fd80.dir/src.c.o -o cmTC_0fd80 
gmake[1]: Leaving directory '/root/my_pistache_api/build/CMakeFiles/CMakeTmp'


Source file was:
int main(void) { return 0; }
Performing C SOURCE FILE Test OPT_Wunused_const_variable succeeded with the following output:
Change Dir: /root/my_pistache_api/build/CMakeFiles/CMakeTmp

Run Build Command(s):/usr/bin/gmake -f Makefile cmTC_de103/fast && /usr/bin/gmake  -f CMakeFiles/cmTC_de103.dir/build.make CMakeFiles/cmTC_de103.dir/build
gmake[1]: Entering directory '/root/my_pistache_api/build/CMakeFiles/CMakeTmp'
Building C object CMakeFiles/cmTC_de103.dir/src.c.o
/usr/bin/cc -DOPT_Wunused_const_variable  -Wunused-const-variable -o CMakeFiles/cmTC_de103.dir/src.c.o -c /root/my_pistache_api/build/CMakeFiles/CMakeTmp/src.c
Linking C executable cmTC_de103
/usr/bin/cmake -E cmake_link_script CMakeFiles/cmTC_de103.dir/link.txt --verbose=1
/usr/bin/cc CMakeFiles/cmTC_de103.dir/src.c.o -o cmTC_de103 
gmake[1]: Leaving directory '/root/my_pistache_api/build/CMakeFiles/CMakeTmp'


Source file was:
int main(void) { return 0; }
Performing C SOURCE FILE Test HAVE_SOCKADDR_IN6_SIN6_ADDR succeeded with the following output:
Change Dir: /root/my_pistache_api/build/CMakeFiles/CMakeTmp

Run Build Command(s):/usr/bin/gmake -f Makefile cmTC_82289/fast && /usr/bin/gmake  -f CMakeFiles/cmTC_82289.dir/build.make CMakeFiles/cmTC_82289.dir/build
gmake[1]: Entering directory '/root/my_pistache_api/build/CMakeFiles/CMakeTmp'
Building C object CMakeFiles/cmTC_82289.dir/src.c.o
/usr/bin/cc -DHAVE_SOCKADDR_IN6_SIN6_ADDR  -W -Wall -pedantic -Wbad-function-cast -Wconversion -Winline -Wmissing-declarations -Wmissing-prototypes -Wnested-externs -Wno-long-long -Wno-multichar -Wpointer-arith -Wshadow -Wsign-compare -Wundef -Wunused -Wwrite-strings -Wcast-align -Wdeclaration-after-statement -Wempty-body -Wendif-labels -Wfloat-equal -Wignored-qualifiers -Wno-format-nonliteral -Wno-sign-conversion -Wno-system-headers -Wstrict-prototypes -Wtype-limits -Wvla -Wmissing-parameter-type -Wold-style-declaration -Wstrict-aliasing=3 -Wformat=2 -Warray-bounds=2 -ftree-vrp -Wduplicated-cond -Wnull-dereference -fdelete-null-pointer-checks -Wshift-negative-value -Wshift-overflow=2 -Walloc-zero -Wduplicated-branches -Wformat-overflow=2 -Wformat-truncation=1 -Wrestrict -Warith-conversion -Wdouble-promotion -Wenum-conversion -Wunused-const-variable  -o CMakeFiles/cmTC_82289.dir/src.c.o -c /root/my_pistache_api/build/CMakeFiles/CMakeTmp/src.c
/root/my_pistache_api/build/CMakeFiles/CMakeTmp/src.c:4:5: warning: function declaration isn’t a prototype [-Wstrict-prototypes]
    4 | int main()
      |     ^~~~
Linking C executable cmTC_82289
/usr/bin/cmake -E cmake_link_script CMakeFiles/cmTC_82289.dir/link.txt --verbose=1
/usr/bin/cc   -W -Wall -pedantic -Wbad-function-cast -Wconversion -Winline -Wmissing-declarations -Wmissing-prototypes -Wnested-externs -Wno-long-long -Wno-multichar -Wpointer-arith -Wshadow -Wsign-compare -Wundef -Wunused -Wwrite-strings -Wcast-align -Wdeclaration-after-statement -Wempty-body -Wendif-labels -Wfloat-equal -Wignored-qualifiers -Wno-format-nonliteral -Wno-sign-conversion -Wno-system-headers -Wstrict-prototypes -Wtype-limits -Wvla -Wmissing-parameter-type -Wold-style-declaration -Wstrict-aliasing=3 -Wformat=2 -Warray-bounds=2 -ftree-vrp -Wduplicated-cond -Wnull-dereference -fdelete-null-pointer-checks -Wshift-negative-value -Wshift-overflow=2 -Walloc-zero -Wduplicated-branches -Wformat-overflow=2 -Wformat-truncation=1 -Wrestrict -Warith-conversion -Wdouble-promotion -Wenum-conversion -Wunused-const-variable  CMakeFiles/cmTC_82289.dir/src.c.o -o cmTC_82289 
gmake[1]: Leaving directory '/root/my_pistache_api/build/CMakeFiles/CMakeTmp'


Source file was:

#include <netinet/in.h>

int main()
{
  (void)sizeof(((struct sockaddr_in6 *)0)->sin6_addr);
  return 0;
}

Performing C SOURCE FILE Test HAVE_SOCKADDR_IN6_SIN6_SCOPE_ID succeeded with the following output:
Change Dir: /root/my_pistache_api/build/CMakeFiles/CMakeTmp

Run Build Command(s):/usr/bin/gmake -f Makefile cmTC_8f8e7/fast && /usr/bin/gmake  -f CMakeFiles/cmTC_8f8e7.dir/build.make CMakeFiles/cmTC_8f8e7.dir/build
gmake[1]: Entering directory '/root/my_pistache_api/build/CMakeFiles/CMakeTmp'
Building C object CMakeFiles/cmTC_8f8e7.dir/src.c.o
/usr/bin/cc -DHAVE_SOCKADDR_IN6_SIN6_SCOPE_ID  -W -Wall -pedantic -Wbad-function-cast -Wconversion -Winline -Wmissing-declarations -Wmissing-prototypes -Wnested-externs -Wno-long-long -Wno-multichar -Wpointer-arith -Wshadow -Wsign-compare -Wundef -Wunused -Wwrite-strings -Wcast-align -Wdeclaration-after-statement -Wempty-body -Wendif-labels -Wfloat-equal -Wignored-qualifiers -Wno-format-nonliteral -Wno-sign-conversion -Wno-system-headers -Wstrict-prototypes -Wtype-limits -Wvla -Wmissing-parameter-type -Wold-style-declaration -Wstrict-aliasing=3 -Wformat=2 -Warray-bounds=2 -ftree-vrp -Wduplicated-cond -Wnull-dereference -fdelete-null-pointer-checks -Wshift-negative-value -Wshift-overflow=2 -Walloc-zero -Wduplicated-branches -Wformat-overflow=2 -Wformat-truncation=1 -Wrestrict -Warith-conversion -Wdouble-promotion -Wenum-conversion -Wunused-const-variable  -o CMakeFiles/cmTC_8f8e7.dir/src.c.o -c /root/my_pistache_api/build/CMakeFiles/CMakeTmp/src.c
/root/my_pistache_api/build/CMakeFiles/CMakeTmp/src.c:4:5: warning: function declaration isn’t a prototype [-Wstrict-prototypes]
    4 | int main()
      |     ^~~~
Linking C executable cmTC_8f8e7
/usr/bin/cmake -E cmake_link_script CMakeFiles/cmTC_8f8e7.dir/link.txt --verbose=1
/usr/bin/cc   -W -Wall -pedantic -Wbad-function-cast -Wconversion -Winline -Wmissing-declarations -Wmissing-prototypes -Wnested-externs -Wno-long-long -Wno-multichar -Wpointer-arith -Wshadow -Wsign-compare -Wundef -Wunused -Wwrite-strings -Wcast-align -Wdeclaration-after-statement -Wempty-body -Wendif-labels -Wfloat-equal -Wignored-qualifiers -Wno-format-nonliteral -Wno-sign-conversion -Wno-system-headers -Wstrict-prototypes -Wtype-limits -Wvla -Wmissing-parameter-type -Wold-style-declaration -Wstrict-aliasing=3 -Wformat=2 -Warray-bounds=2 -ftree-vrp -Wduplicated-cond -Wnull-dereference -fdelete-null-pointer-checks -Wshift-negative-value -Wshift-overflow=2 -Walloc-zero -Wduplicated-branches -Wformat-overflow=2 -Wformat-truncation=1 -Wrestrict -Warith-conversion -Wdouble-promotion -Wenum-conversion -Wunused-const-variable  CMakeFiles/cmTC_8f8e7.dir/src.c.o -o cmTC_8f8e7 
gmake[1]: Leaving directory '/root/my_pistache_api/build/CMakeFiles/CMakeTmp'


Source file was:

#include <netinet/in.h>

int main()
{
  (void)sizeof(((struct sockaddr_in6 *)0)->sin6_scope_id);
  return 0;
}

Determining if the include file pthread.h exists passed with the following output:
Change Dir: /root/my_pistache_api/build/CMakeFiles/CMakeTmp

Run Build Command(s):/usr/bin/gmake -f Makefile cmTC_0d3e2/fast && /usr/bin/gmake  -f CMakeFiles/cmTC_0d3e2.dir/build.make CMakeFiles/cmTC_0d3e2.dir/build
gmake[1]: Entering directory '/root/my_pistache_api/build/CMakeFiles/CMakeTmp'
Building C object CMakeFiles/cmTC_0d3e2.dir/CheckIncludeFile.c.o
/usr/bin/cc   -W -Wall -pedantic -Wbad-function-cast -Wconversion -Winline -Wmissing-declarations -Wmissing-prototypes -Wnested-externs -Wno-long-long -Wno-multichar -Wpointer-arith -Wshadow -Wsign-compare -Wundef -Wunused -Wwrite-strings -Wcast-align -Wdeclaration-after-statement -Wempty-body -Wendif-labels -Wfloat-equal -Wignored-qualifiers -Wno-format-nonliteral -Wno-sign-conversion -Wno-system-headers -Wstrict-prototypes -Wtype-limits -Wvla -Wmissing-parameter-type -Wold-style-declaration -Wstrict-aliasing=3 -Wformat=2 -Warray-bounds=2 -ftree-vrp -Wduplicated-cond -Wnull-dereference -fdelete-null-pointer-checks -Wshift-negative-value -Wshift-overflow=2 -Walloc-zero -Wduplicated-branches -Wformat-overflow=2 -Wformat-truncation=1 -Wrestrict -Warith-conversion -Wdouble-promotion -Wenum-conversion -Wunused-const-variable  -o CMakeFiles/cmTC_0d3e2.dir/CheckIncludeFile.c.o -c /root/my_pistache_api/build/CMakeFiles/CMakeTmp/CheckIncludeFile.c
Linking C executable cmTC_0d3e2
/usr/bin/cmake -E cmake_link_script CMakeFiles/cmTC_0d3e2.dir/link.txt --verbose=1
/usr/bin/cc   -W -Wall -pedantic -Wbad-function-cast -Wconversion -Winline -Wmissing-declarations -Wmissing-prototypes -Wnested-externs -Wno-long-long -Wno-multichar -Wpointer-arith -Wshadow -Wsign-compare -Wundef -Wunused -Wwrite-strings -Wcast-align -Wdeclaration-after-statement -Wempty-body -Wendif-labels -Wfloat-equal -Wignored-qualifiers -Wno-format-nonliteral -Wno-sign-conversion -Wno-system-headers -Wstrict-prototypes -Wtype-limits -Wvla -Wmissing-parameter-type -Wold-style-declaration -Wstrict-aliasing=3 -Wformat=2 -Warray-bounds=2 -ftree-vrp -Wduplicated-cond -Wnull-dereference -fdelete-null-pointer-checks -Wshift-negative-value -Wshift-overflow=2 -Walloc-zero -Wduplicated-branches -Wformat-overflow=2 -Wformat-truncation=1 -Wrestrict -Warith-conversion -Wdouble-promotion -Wenum-conversion -Wunused-const-variable  CMakeFiles/cmTC_0d3e2.dir/CheckIncludeFile.c.o -o cmTC_0d3e2 
gmake[1]: Leaving directory '/root/my_pistache_api/build/CMakeFiles/CMakeTmp'



Performing C SOURCE FILE Test CMAKE_HAVE_LIBC_PTHREAD succeeded with the following output:
Change Dir: /root/my_pistache_api/build/CMakeFiles/CMakeTmp

Run Build Command(s):/usr/bin/gmake -f Makefile cmTC_03954/fast && /usr/bin/gmake  -f CMakeFiles/cmTC_03954.dir/build.make CMakeFiles/cmTC_03954.dir/build
gmake[1]: Entering directory '/root/my_pistache_api/build/CMakeFiles/CMakeTmp'
Building C object CMakeFiles/cmTC_03954.dir/src.c.o
/usr/bin/cc -DCMAKE_HAVE_LIBC_PTHREAD  -W -Wall -pedantic -Wbad-function-cast -Wconversion -Winline -Wmissing-declarations -Wmissing-prototypes -Wnested-externs -Wno-long-long -Wno-multichar -Wpointer-arith -Wshadow -Wsign-compare -Wundef -Wunused -Wwrite-strings -Wcast-align -Wdeclaration-after-statement -Wempty-body -Wendif-labels -Wfloat-equal -Wignored-qualifiers -Wno-format-nonliteral -Wno-sign-conversion -Wno-system-headers -Wstrict-prototypes -Wtype-limits -Wvla -Wmissing-parameter-type -Wold-style-declaration -Wstrict-aliasing=3 -Wformat=2 -Warray-bounds=2 -ftree-vrp -Wduplicated-cond -Wnull-dereference -fdelete-null-pointer-checks -Wshift-negative-value -Wshift-overflow=2 -Walloc-zero -Wduplicated-branches -Wformat-overflow=2 -Wformat-truncation=1 -Wrestrict -Warith-conversion -Wdouble-promotion -Wenum-conversion -Wunused-const-variable  -o CMakeFiles/cmTC_03954.dir/src.c.o -c /root/my_pistache_api/build/CMakeFiles/CMakeTmp/src.c
Linking C executable cmTC_03954
/usr/bin/cmake -E cmake_link_script CMakeFiles/cmTC_03954.dir/link.txt --verbose=1
/usr/bin/cc   -W -Wall -pedantic -Wbad-function-cast -Wconversion -Winline -Wmissing-declarations -Wmissing-prototypes -Wnested-externs -Wno-long-long -Wno-multichar -Wpointer-arith -Wshadow -Wsign-compare -Wundef -Wunused -Wwrite-strings -Wcast-align -Wdeclaration-after-statement -Wempty-body -Wendif-labels -Wfloat-equal -Wignored-qualifiers -Wno-format-nonliteral -Wno-sign-conversion -Wno-system-headers -Wstrict-prototypes -Wtype-limits -Wvla -Wmissing-parameter-type -Wold-style-declaration -Wstrict-aliasing=3 -Wformat=2 -Warray-bounds=2 -ftree-vrp -Wduplicated-cond -Wnull-dereference -fdelete-null-pointer-checks -Wshift-negative-value -Wshift-overflow=2 -Walloc-zero -Wduplicated-branches -Wformat-overflow=2 -Wformat-truncation=1 -Wrestrict -Warith-conversion -Wdouble-promotion -Wenum-conversion -Wunused-const-variable  CMakeFiles/cmTC_03954.dir/src.c.o -o cmTC_03954 
gmake[1]: Leaving directory '/root/my_pistache_api/build/CMakeFiles/CMakeTmp'


Source file was:
#include <pthread.h>

static void* test_func(void* data)
{
  return data;
}

int main(void)
{
  pthread_t thread;
  pthread_create(&thread, NULL, test_func, NULL);
  pthread_detach(thread);
  pthread_cancel(thread);
  pthread_join(thread, NULL);
  pthread_atfork(NULL, NULL, NULL);
  pthread_exit(NULL);

  return 0;
}

Determining if the function gethostname exists passed with the following output:
Change Dir: /root/my_pistache_api/build/CMakeFiles/CMakeTmp

Run Build Command(s):/usr/bin/gmake -f Makefile cmTC_c17dc/fast && /usr/bin/gmake  -f CMakeFiles/cmTC_c17dc.dir/build.make CMakeFiles/cmTC_c17dc.dir/build
gmake[1]: Entering directory '/root/my_pistache_api/build/CMakeFiles/CMakeTmp'
Building C object CMakeFiles/cmTC_c17dc.dir/CheckFunctionExists.c.o
/usr/bin/cc   -W -Wall -pedantic -Wbad-function-cast -Wconversion -Winline -Wmissing-declarations -Wmissing-prototypes -Wnested-externs -Wno-long-long -Wno-multichar -Wpointer-arith -Wshadow -Wsign-compare -Wundef -Wunused -Wwrite-strings -Wcast-align -Wdeclaration-after-statement -Wempty-body -Wendif-labels -Wfloat-equal -Wignored-qualifiers -Wno-format-nonliteral -Wno-sign-conversion -Wno-system-headers -Wstrict-prototypes -Wtype-limits -Wvla -Wmissing-parameter-type -Wold-style-declaration -Wstrict-aliasing=3 -Wformat=2 -Warray-bounds=2 -ftree-vrp -Wduplicated-cond -Wnull-dereference -fdelete-null-pointer-checks -Wshift-negative-value -Wshift-overflow=2 -Walloc-zero -Wduplicated-branches -Wformat-overflow=2 -Wformat-truncation=1 -Wrestrict -Warith-conversion -Wdouble-promotion -Wenum-conversion -Wunused-const-variable -DCHECK_FUNCTION_EXISTS=gethostname -o CMakeFiles/cmTC_c17dc.dir/CheckFunctionExists.c.o -c /usr/share/cmake-3.22/Modules/CheckFunctionExists.c
Linking C executable cmTC_c17dc
/usr/bin/cmake -E cmake_link_script CMakeFiles/cmTC_c17dc.dir/link.txt --verbose=1
/usr/bin/cc   -W -Wall -pedantic -Wbad-function-cast -Wconversion -Winline -Wmissing-declarations -Wmissing-prototypes -Wnested-externs -Wno-long-long -Wno-multichar -Wpointer-arith -Wshadow -Wsign-compare -Wundef -Wunused -Wwrite-strings -Wcast-align -Wdeclaration-after-statement -Wempty-body -Wendif-labels -Wfloat-equal -Wignored-qualifiers -Wno-format-nonliteral -Wno-sign-conversion -Wno-system-headers -Wstrict-prototypes -Wtype-limits -Wvla -Wmissing-parameter-type -Wold-style-declaration -Wstrict-aliasing=3 -Wformat=2 -Warray-bounds=2 -ftree-vrp -Wduplicated-cond -Wnull-dereference -fdelete-null-pointer-checks -Wshift-negative-value -Wshift-overflow=2 -Walloc-zero -Wduplicated-branches -Wformat-overflow=2 -Wformat-truncation=1 -Wrestrict -Warith-conversion -Wdouble-promotion -Wenum-conversion -Wunused-const-variable -DCHECK_FUNCTION_EXISTS=gethostname CMakeFiles/cmTC_c17dc.dir/CheckFunctionExists.c.o -o cmTC_c17dc 
gmake[1]: Leaving directory '/root/my_pistache_api/build/CMakeFiles/CMakeTmp'



Determining if the SSL_set0_wbio exist passed with the following output:
Change Dir: /root/my_pistache_api/build/CMakeFiles/CMakeTmp

Run Build Command(s):/usr/bin/gmake -f Makefile cmTC_f5444/fast && /usr/bin/gmake  -f CMakeFiles/cmTC_f5444.dir/build.make CMakeFiles/cmTC_f5444.dir/build
gmake[1]: Entering directory '/root/my_pistache_api/build/CMakeFiles/CMakeTmp'
Building C object CMakeFiles/cmTC_f5444.dir/CheckSymbolExists.c.o
/usr/bin/cc   -W -Wall -pedantic -Wbad-function-cast -Wconversion -Winline -Wmissing-declarations -Wmissing-prototypes -Wnested-externs -Wno-long-long -Wno-multichar -Wpointer-arith -Wshadow -Wsign-compare -Wundef -Wunused -Wwrite-strings -Wcast-align -Wdeclaration-after-statement -Wempty-body -Wendif-labels -Wfloat-equal -Wignored-qualifiers -Wno-format-nonliteral -Wno-sign-conversion -Wno-system-headers -Wstrict-prototypes -Wtype-limits -Wvla -Wmissing-parameter-type -Wold-style-declaration -Wstrict-aliasing=3 -Wformat=2 -Warray-bounds=2 -ftree-vrp -Wduplicated-cond -Wnull-dereference -fdelete-null-pointer-checks -Wshift-negative-value -Wshift-overflow=2 -Walloc-zero -Wduplicated-branches -Wformat-overflow=2 -Wformat-truncation=1 -Wrestrict -Warith-conversion -Wdouble-promotion -Wenum-conversion -Wunused-const-variable  -o CMakeFiles/cmTC_f5444.dir/CheckSymbolExists.c.o -c /root/my_pistache_api/build/CMakeFiles/CMakeTmp/CheckSymbolExists.c
/root/my_pistache_api/build/CMakeFiles/CMakeTmp/CheckSymbolExists.c: In function ‘main’:
/root/my_pistache_api/build/CMakeFiles/CMakeTmp/CheckSymbolExists.c:8:11: warning: ISO C forbids conversion of function pointer to object pointer type [-Wpedantic]
    8 |   return ((int*)(&SSL_set0_wbio))[argc];
      |           ^
Linking C executable cmTC_f5444
/usr/bin/cmake -E cmake_link_script CMakeFiles/cmTC_f5444.dir/link.txt --verbose=1
/usr/bin/cc   -W -Wall -pedantic -Wbad-function-cast -Wconversion -Winline -Wmissing-declarations -Wmissing-prototypes -Wnested-externs -Wno-long-long -Wno-multichar -Wpointer-arith -Wshadow -Wsign-compare -Wundef -Wunused -Wwrite-strings -Wcast-align -Wdeclaration-after-statement -Wempty-body -Wendif-labels -Wfloat-equal -Wignored-qualifiers -Wno-format-nonliteral -Wno-sign-conversion -Wno-system-headers -Wstrict-prototypes -Wtype-limits -Wvla -Wmissing-parameter-type -Wold-style-declaration -Wstrict-aliasing=3 -Wformat=2 -Warray-bounds=2 -ftree-vrp -Wduplicated-cond -Wnull-dereference -fdelete-null-pointer-checks -Wshift-negative-value -Wshift-overflow=2 -Walloc-zero -Wduplicated-branches -Wformat-overflow=2 -Wformat-truncation=1 -Wrestrict -Warith-conversion -Wdouble-promotion -Wenum-conversion -Wunused-const-variable  CMakeFiles/cmTC_f5444.dir/CheckSymbolExists.c.o -o cmTC_f5444  /usr/lib/x86_64-linux-gnu/libssl.so /usr/lib/x86_64-linux-gnu/libcrypto.so /usr/lib/x86_64-linux-gnu/libz.so 
gmake[1]: Leaving directory '/root/my_pistache_api/build/CMakeFiles/CMakeTmp'


File /root/my_pistache_api/build/CMakeFiles/CMakeTmp/CheckSymbolExists.c:
/* */
#include <openssl/ssl.h>

int main(int argc, char** argv)
{
  (void)argv;
#ifndef SSL_set0_wbio
  return ((int*)(&SSL_set0_wbio))[argc];
#else
  (void)argc;
  return 0;
#endif
}
Determining if the SSL_CTX_set_srp_username exist passed with the following output:
Change Dir: /root/my_pistache_api/build/CMakeFiles/CMakeTmp

Run Build Command(s):/usr/bin/gmake -f Makefile cmTC_1827a/fast && /usr/bin/gmake  -f CMakeFiles/cmTC_1827a.dir/build.make CMakeFiles/cmTC_1827a.dir/build
gmake[1]: Entering directory '/root/my_pistache_api/build/CMakeFiles/CMakeTmp'
Building C object CMakeFiles/cmTC_1827a.dir/CheckSymbolExists.c.o
/usr/bin/cc   -W -Wall -pedantic -Wbad-function-cast -Wconversion -Winline -Wmissing-declarations -Wmissing-prototypes -Wnested-externs -Wno-long-long -Wno-multichar -Wpointer-arith -Wshadow -Wsign-compare -Wundef -Wunused -Wwrite-strings -Wcast-align -Wdeclaration-after-statement -Wempty-body -Wendif-labels -Wfloat-equal -Wignored-qualifiers -Wno-format-nonliteral -Wno-sign-conversion -Wno-system-headers -Wstrict-prototypes -Wtype-limits -Wvla -Wmissing-parameter-type -Wold-style-declaration -Wstrict-aliasing=3 -Wformat=2 -Warray-bounds=2 -ftree-vrp -Wduplicated-cond -Wnull-dereference -fdelete-null-pointer-checks -Wshift-negative-value -Wshift-overflow=2 -Walloc-zero -Wduplicated-branches -Wformat-overflow=2 -Wformat-truncation=1 -Wrestrict -Warith-conversion -Wdouble-promotion -Wenum-conversion -Wunused-const-variable  -o CMakeFiles/cmTC_1827a.dir/CheckSymbolExists.c.o -c /root/my_pistache_api/build/CMakeFiles/CMakeTmp/CheckSymbolExists.c
/root/my_pistache_api/build/CMakeFiles/CMakeTmp/CheckSymbolExists.c: In function ‘main’:
/root/my_pistache_api/build/CMakeFiles/CMakeTmp/CheckSymbolExists.c:8:3: warning: ‘SSL_CTX_set_srp_username’ is deprecated: Since OpenSSL 3.0 [-Wdeprecated-declarations]
    8 |   return ((int*)(&SSL_CTX_set_srp_username))[argc];
      |   ^~~~~~
In file included from /root/my_pistache_api/build/CMakeFiles/CMakeTmp/CheckSymbolExists.c:2:
/usr/include/openssl/ssl.h:1876:27: note: declared here
 1876 | OSSL_DEPRECATEDIN_3_0 int SSL_CTX_set_srp_username(SSL_CTX *ctx, char *name);
      |                           ^~~~~~~~~~~~~~~~~~~~~~~~
/root/my_pistache_api/build/CMakeFiles/CMakeTmp/CheckSymbolExists.c:8:11: warning: ISO C forbids conversion of function pointer to object pointer type [-Wpedantic]
    8 |   return ((int*)(&SSL_CTX_set_srp_username))[argc];
      |           ^
Linking C executable cmTC_1827a
/usr/bin/cmake -E cmake_link_script CMakeFiles/cmTC_1827a.dir/link.txt --verbose=1
/usr/bin/cc   -W -Wall -pedantic -Wbad-function-cast -Wconversion -Winline -Wmissing-declarations -Wmissing-prototypes -Wnested-externs -Wno-long-long -Wno-multichar -Wpointer-arith -Wshadow -Wsign-compare -Wundef -Wunused -Wwrite-strings -Wcast-align -Wdeclaration-after-statement -Wempty-body -Wendif-labels -Wfloat-equal -Wignored-qualifiers -Wno-format-nonliteral -Wno-sign-conversion -Wno-system-headers -Wstrict-prototypes -Wtype-limits -Wvla -Wmissing-parameter-type -Wold-style-declaration -Wstrict-aliasing=3 -Wformat=2 -Warray-bounds=2 -ftree-vrp -Wduplicated-cond -Wnull-dereference -fdelete-null-pointer-checks -Wshift-negative-value -Wshift-overflow=2 -Walloc-zero -Wduplicated-branches -Wformat-overflow=2 -Wformat-truncation=1 -Wrestrict -Warith-conversion -Wdouble-promotion -Wenum-conversion -Wunused-const-variable  CMakeFiles/cmTC_1827a.dir/CheckSymbolExists.c.o -o cmTC_1827a  /usr/lib/x86_64-linux-gnu/libssl.so /usr/lib/x86_64-linux-gnu/libcrypto.so /usr/lib/x86_64-linux-gnu/libz.so 
gmake[1]: Leaving directory '/root/my_pistache_api/build/CMakeFiles/CMakeTmp'


File /root/my_pistache_api/build/CMakeFiles/CMakeTmp/CheckSymbolExists.c:
/* */
#include <openssl/ssl.h>

int main(int argc, char** argv)
{
  (void)argv;
#ifndef SSL_CTX_set_srp_username
  return ((int*)(&SSL_CTX_set_srp_username))[argc];
#else
  (void)argc;
  return 0;
#endif
}
Performing C SOURCE FILE Test USE_UNIX_SOCKETS succeeded with the following output:
Change Dir: /root/my_pistache_api/build/CMakeFiles/CMakeTmp

Run Build Command(s):/usr/bin/gmake -f Makefile cmTC_fb574/fast && /usr/bin/gmake  -f CMakeFiles/cmTC_fb574.dir/build.make CMakeFiles/cmTC_fb574.dir/build
gmake[1]: Entering directory '/root/my_pistache_api/build/CMakeFiles/CMakeTmp'
Building C object CMakeFiles/cmTC_fb574.dir/src.c.o
/usr/bin/cc -DUSE_UNIX_SOCKETS  -W -Wall -pedantic -Wbad-function-cast -Wconversion -Winline -Wmissing-declarations -Wmissing-prototypes -Wnested-externs -Wno-long-long -Wno-multichar -Wpointer-arith -Wshadow -Wsign-compare -Wundef -Wunused -Wwrite-strings -Wcast-align -Wdeclaration-after-statement -Wempty-body -Wendif-labels -Wfloat-equal -Wignored-qualifiers -Wno-format-nonliteral -Wno-sign-conversion -Wno-system-headers -Wstrict-prototypes -Wtype-limits -Wvla -Wmissing-parameter-type -Wold-style-declaration -Wstrict-aliasing=3 -Wformat=2 -Warray-bounds=2 -ftree-vrp -Wduplicated-cond -Wnull-dereference -fdelete-null-pointer-checks -Wshift-negative-value -Wshift-overflow=2 -Walloc-zero -Wduplicated-branches -Wformat-overflow=2 -Wformat-truncation=1 -Wrestrict -Warith-conversion -Wdouble-promotion -Wenum-conversion -Wunused-const-variable  -o CMakeFiles/cmTC_fb574.dir/src.c.o -c /root/my_pistache_api/build/CMakeFiles/CMakeTmp/src.c
/root/my_pistache_api/build/CMakeFiles/CMakeTmp/src.c:4:5: warning: function declaration isn’t a prototype [-Wstrict-prototypes]
    4 | int main()
      |     ^~~~
Linking C executable cmTC_fb574
/usr/bin/cmake -E cmake_link_script CMakeFiles/cmTC_fb574.dir/link.txt --verbose=1
/usr/bin/cc   -W -Wall -pedantic -Wbad-function-cast -Wconversion -Winline -Wmissing-declarations -Wmissing-prototypes -Wnested-externs -Wno-long-long -Wno-multichar -Wpointer-arith -Wshadow -Wsign-compare -Wundef -Wunused -Wwrite-strings -Wcast-align -Wdeclaration-after-statement -Wempty-body -Wendif-labels -Wfloat-equal -Wignored-qualifiers -Wno-format-nonliteral -Wno-sign-conversion -Wno-system-headers -Wstrict-prototypes -Wtype-limits -Wvla -Wmissing-parameter-type -Wold-style-declaration -Wstrict-aliasing=3 -Wformat=2 -Warray-bounds=2 -ftree-vrp -Wduplicated-cond -Wnull-dereference -fdelete-null-pointer-checks -Wshift-negative-value -Wshift-overflow=2 -Walloc-zero -Wduplicated-branches -Wformat-overflow=2 -Wformat-truncation=1 -Wrestrict -Warith-conversion -Wdouble-promotion -Wenum-conversion -Wunused-const-variable  CMakeFiles/cmTC_fb574.dir/src.c.o -o cmTC_fb574 
gmake[1]: Leaving directory '/root/my_pistache_api/build/CMakeFiles/CMakeTmp'


Source file was:

#include <sys/un.h>

int main()
{
  (void)sizeof(((struct sockaddr_un *)0)->sun_path);
  return 0;
}

Determining if files ;inttypes.h exist passed with the following output:
Change Dir: /root/my_pistache_api/build/CMakeFiles/CMakeTmp

Run Build Command(s):/usr/bin/gmake -f Makefile cmTC_fe1d0/fast && /usr/bin/gmake  -f CMakeFiles/cmTC_fe1d0.dir/build.make CMakeFiles/cmTC_fe1d0.dir/build
gmake[1]: Entering directory '/root/my_pistache_api/build/CMakeFiles/CMakeTmp'
Building C object CMakeFiles/cmTC_fe1d0.dir/HAVE_INTTYPES_H.c.o
/usr/bin/cc   -W -Wall -pedantic -Wbad-function-cast -Wconversion -Winline -Wmissing-declarations -Wmissing-prototypes -Wnested-externs -Wno-long-long -Wno-multichar -Wpointer-arith -Wshadow -Wsign-compare -Wundef -Wunused -Wwrite-strings -Wcast-align -Wdeclaration-after-statement -Wempty-body -Wendif-labels -Wfloat-equal -Wignored-qualifiers -Wno-format-nonliteral -Wno-sign-conversion -Wno-system-headers -Wstrict-prototypes -Wtype-limits -Wvla -Wmissing-parameter-type -Wold-style-declaration -Wstrict-aliasing=3 -Wformat=2 -Warray-bounds=2 -ftree-vrp -Wduplicated-cond -Wnull-dereference -fdelete-null-pointer-checks -Wshift-negative-value -Wshift-overflow=2 -Walloc-zero -Wduplicated-branches -Wformat-overflow=2 -Wformat-truncation=1 -Wrestrict -Warith-conversion -Wdouble-promotion -Wenum-conversion -Wunused-const-variable  -o CMakeFiles/cmTC_fe1d0.dir/HAVE_INTTYPES_H.c.o -c /root/my_pistache_api/build/CMakeFiles/CheckIncludeFiles/HAVE_INTTYPES_H.c
Linking C executable cmTC_fe1d0
/usr/bin/cmake -E cmake_link_script CMakeFiles/cmTC_fe1d0.dir/link.txt --verbose=1
/usr/bin/cc   -W -Wall -pedantic -Wbad-function-cast -Wconversion -Winline -Wmissing-declarations -Wmissing-prototypes -Wnested-externs -Wno-long-long -Wno-multichar -Wpointer-arith -Wshadow -Wsign-compare -Wundef -Wunused -Wwrite-strings -Wcast-align -Wdeclaration-after-statement -Wempty-body -Wendif-labels -Wfloat-equal -Wignored-qualifiers -Wno-format-nonliteral -Wno-sign-conversion -Wno-system-headers -Wstrict-prototypes -Wtype-limits -Wvla -Wmissing-parameter-type -Wold-style-declaration -Wstrict-aliasing=3 -Wformat=2 -Warray-bounds=2 -ftree-vrp -Wduplicated-cond -Wnull-dereference -fdelete-null-pointer-checks -Wshift-negative-value -Wshift-overflow=2 -Walloc-zero -Wduplicated-branches -Wformat-overflow=2 -Wformat-truncation=1 -Wrestrict -Warith-conversion -Wdouble-promotion -Wenum-conversion -Wunused-const-variable  CMakeFiles/cmTC_fe1d0.dir/HAVE_INTTYPES_H.c.o -o cmTC_fe1d0 
gmake[1]: Leaving directory '/root/my_pistache_api/build/CMakeFiles/CMakeTmp'



Determining if files inttypes.h;sys/wait.h exist passed with the following output:
Change Dir: /root/my_pistache_api/build/CMakeFiles/CMakeTmp

Run Build Command(s):/usr/bin/gmake -f Makefile cmTC_8e38c/fast && /usr/bin/gmake  -f CMakeFiles/cmTC_8e38c.dir/build.make CMakeFiles/cmTC_8e38c.dir/build
gmake[1]: Entering directory '/root/my_pistache_api/build/CMakeFiles/CMakeTmp'
Building C object CMakeFiles/cmTC_8e38c.dir/HAVE_SYS_WAIT_H.c.o
/usr/bin/cc   -W -Wall -pedantic -Wbad-function-cast -Wconversion -Winline -Wmissing-declarations -Wmissing-prototypes -Wnested-externs -Wno-long-long -Wno-multichar -Wpointer-arith -Wshadow -Wsign-compare -Wundef -Wunused -Wwrite-strings -Wcast-align -Wdeclaration-after-statement -Wempty-body -Wendif-labels -Wfloat-equal -Wignored-qualifiers -Wno-format-nonliteral -Wno-sign-conversion -Wno-system-headers -Wstrict-prototypes -Wtype-limits -Wvla -Wmissing-parameter-type -Wold-style-declaration -Wstrict-aliasing=3 -Wformat=2 -Warray-bounds=2 -ftree-vrp -Wduplicated-cond -Wnull-dereference -fdelete-null-pointer-checks -Wshift-negative-value -Wshift-overflow=2 -Walloc-zero -Wduplicated-branches -Wformat-overflow=2 -Wformat-truncation=1 -Wrestrict -Warith-conversion -Wdouble-promotion -Wenum-conversion -Wunused-const-variable  -o CMakeFiles/cmTC_8e38c.dir/HAVE_SYS_WAIT_H.c.o -c /root/my_pistache_api/build/CMakeFiles/CheckIncludeFiles/HAVE_SYS_WAIT_H.c
Linking C executable cmTC_8e38c
/usr/bin/cmake -E cmake_link_script CMakeFiles/cmTC_8e38c.dir/link.txt --verbose=1
/usr/bin/cc   -W -Wall -pedantic -Wbad-function-cast -Wconversion -Winline -Wmissing-declarations -Wmissing-prototypes -Wnested-externs -Wno-long-long -Wno-multichar -Wpointer-arith -Wshadow -Wsign-compare -Wundef -Wunused -Wwrite-strings -Wcast-align -Wdeclaration-after-statement -Wempty-body -Wendif-labels -Wfloat-equal -Wignored-qualifiers -Wno-format-nonliteral -Wno-sign-conversion -Wno-system-headers -Wstrict-prototypes -Wtype-limits -Wvla -Wmissing-parameter-type -Wold-style-declaration -Wstrict-aliasing=3 -Wformat=2 -Warray-bounds=2 -ftree-vrp -Wduplicated-cond -Wnull-dereference -fdelete-null-pointer-checks -Wshift-negative-value -Wshift-overflow=2 -Walloc-zero -Wduplicated-branches -Wformat-overflow=2 -Wformat-truncation=1 -Wrestrict -Warith-conversion -Wdouble-promotion -Wenum-conversion -Wunused-const-variable  CMakeFiles/cmTC_8e38c.dir/HAVE_SYS_WAIT_H.c.o -o cmTC_8e38c 
gmake[1]: Leaving directory '/root/my_pistache_api/build/CMakeFiles/CMakeTmp'



Determining if files inttypes.h;sys/wait.h;sys/ioctl.h exist passed with the following output:
Change Dir: /root/my_pistache_api/build/CMakeFiles/CMakeTmp

Run Build Command(s):/usr/bin/gmake -f Makefile cmTC_01a9b/fast && /usr/bin/gmake  -f CMakeFiles/cmTC_01a9b.dir/build.make CMakeFiles/cmTC_01a9b.dir/build
gmake[1]: Entering directory '/root/my_pistache_api/build/CMakeFiles/CMakeTmp'
Building C object CMakeFiles/cmTC_01a9b.dir/HAVE_SYS_IOCTL_H.c.o
/usr/bin/cc   -W -Wall -pedantic -Wbad-function-cast -Wconversion -Winline -Wmissing-declarations -Wmissing-prototypes -Wnested-externs -Wno-long-long -Wno-multichar -Wpointer-arith -Wshadow -Wsign-compare -Wundef -Wunused -Wwrite-strings -Wcast-align -Wdeclaration-after-statement -Wempty-body -Wendif-labels -Wfloat-equal -Wignored-qualifiers -Wno-format-nonliteral -Wno-sign-conversion -Wno-system-headers -Wstrict-prototypes -Wtype-limits -Wvla -Wmissing-parameter-type -Wold-style-declaration -Wstrict-aliasing=3 -Wformat=2 -Warray-bounds=2 -ftree-vrp -Wduplicated-cond -Wnull-dereference -fdelete-null-pointer-checks -Wshift-negative-value -Wshift-overflow=2 -Walloc-zero -Wduplicated-branches -Wformat-overflow=2 -Wformat-truncation=1 -Wrestrict -Warith-conversion -Wdouble-promotion -Wenum-conversion -Wunused-const-variable  -o CMakeFiles/cmTC_01a9b.dir/HAVE_SYS_IOCTL_H.c.o -c /root/my_pistache_api/build/CMakeFiles/CheckIncludeFiles/HAVE_SYS_IOCTL_H.c
Linking C executable cmTC_01a9b
/usr/bin/cmake -E cmake_link_script CMakeFiles/cmTC_01a9b.dir/link.txt --verbose=1
/usr/bin/cc   -W -Wall -pedantic -Wbad-function-cast -Wconversion -Winline -Wmissing-declarations -Wmissing-prototypes -Wnested-externs -Wno-long-long -Wno-multichar -Wpointer-arith -Wshadow -Wsign-compare -Wundef -Wunused -Wwrite-strings -Wcast-align -Wdeclaration-after-statement -Wempty-body -Wendif-labels -Wfloat-equal -Wignored-qualifiers -Wno-format-nonliteral -Wno-sign-conversion -Wno-system-headers -Wstrict-prototypes -Wtype-limits -Wvla -Wmissing-parameter-type -Wold-style-declaration -Wstrict-aliasing=3 -Wformat=2 -Warray-bounds=2 -ftree-vrp -Wduplicated-cond -Wnull-dereference -fdelete-null-pointer-checks -Wshift-negative-value -Wshift-overflow=2 -Walloc-zero -Wduplicated-branches -Wformat-overflow=2 -Wformat-truncation=1 -Wrestrict -Warith-conversion -Wdouble-promotion -Wenum-conversion -Wunused-const-variable  CMakeFiles/cmTC_01a9b.dir/HAVE_SYS_IOCTL_H.c.o -o cmTC_01a9b 
gmake[1]: Leaving directory '/root/my_pistache_api/build/CMakeFiles/CMakeTmp'



Determining if files inttypes.h;sys/wait.h;sys/ioctl.h;sys/param.h exist passed with the following output:
Change Dir: /root/my_pistache_api/build/CMakeFiles/CMakeTmp

Run Build Command(s):/usr/bin/gmake -f Makefile cmTC_a79dc/fast && /usr/bin/gmake  -f CMakeFiles/cmTC_a79dc.dir/build.make CMakeFiles/cmTC_a79dc.dir/build
gmake[1]: Entering directory '/root/my_pistache_api/build/CMakeFiles/CMakeTmp'
Building C object CMakeFiles/cmTC_a79dc.dir/HAVE_SYS_PARAM_H.c.o
/usr/bin/cc   -W -Wall -pedantic -Wbad-function-cast -Wconversion -Winline -Wmissing-declarations -Wmissing-prototypes -Wnested-externs -Wno-long-long -Wno-multichar -Wpointer-arith -Wshadow -Wsign-compare -Wundef -Wunused -Wwrite-strings -Wcast-align -Wdeclaration-after-statement -Wempty-body -Wendif-labels -Wfloat-equal -Wignored-qualifiers -Wno-format-nonliteral -Wno-sign-conversion -Wno-system-headers -Wstrict-prototypes -Wtype-limits -Wvla -Wmissing-parameter-type -Wold-style-declaration -Wstrict-aliasing=3 -Wformat=2 -Warray-bounds=2 -ftree-vrp -Wduplicated-cond -Wnull-dereference -fdelete-null-pointer-checks -Wshift-negative-value -Wshift-overflow=2 -Walloc-zero -Wduplicated-branches -Wformat-overflow=2 -Wformat-truncation=1 -Wrestrict -Warith-conversion -Wdouble-promotion -Wenum-conversion -Wunused-const-variable  -o CMakeFiles/cmTC_a79dc.dir/HAVE_SYS_PARAM_H.c.o -c /root/my_pistache_api/build/CMakeFiles/CheckIncludeFiles/HAVE_SYS_PARAM_H.c
Linking C executable cmTC_a79dc
/usr/bin/cmake -E cmake_link_script CMakeFiles/cmTC_a79dc.dir/link.txt --verbose=1
/usr/bin/cc   -W -Wall -pedantic -Wbad-function-cast -Wconversion -Winline -Wmissing-declarations -Wmissing-prototypes -Wnested-externs -Wno-long-long -Wno-multichar -Wpointer-arith -Wshadow -Wsign-compare -Wundef -Wunused -Wwrite-strings -Wcast-align -Wdeclaration-after-statement -Wempty-body -Wendif-labels -Wfloat-equal -Wignored-qualifiers -Wno-format-nonliteral -Wno-sign-conversion -Wno-system-headers -Wstrict-prototypes -Wtype-limits -Wvla -Wmissing-parameter-type -Wold-style-declaration -Wstrict-aliasing=3 -Wformat=2 -Warray-bounds=2 -ftree-vrp -Wduplicated-cond -Wnull-dereference -fdelete-null-pointer-checks -Wshift-negative-value -Wshift-overflow=2 -Walloc-zero -Wduplicated-branches -Wformat-overflow=2 -Wformat-truncation=1 -Wrestrict -Warith-conversion -Wdouble-promotion -Wenum-conversion -Wunused-const-variable  CMakeFiles/cmTC_a79dc.dir/HAVE_SYS_PARAM_H.c.o -o cmTC_a79dc 
gmake[1]: Leaving directory '/root/my_pistache_api/build/CMakeFiles/CMakeTmp'



Determining if files inttypes.h;sys/wait.h;sys/ioctl.h;sys/param.h;sys/poll.h exist passed with the following output:
Change Dir: /root/my_pistache_api/build/CMakeFiles/CMakeTmp

Run Build Command(s):/usr/bin/gmake -f Makefile cmTC_78894/fast && /usr/bin/gmake  -f CMakeFiles/cmTC_78894.dir/build.make CMakeFiles/cmTC_78894.dir/build
gmake[1]: Entering directory '/root/my_pistache_api/build/CMakeFiles/CMakeTmp'
Building C object CMakeFiles/cmTC_78894.dir/HAVE_SYS_POLL_H.c.o
/usr/bin/cc   -W -Wall -pedantic -Wbad-function-cast -Wconversion -Winline -Wmissing-declarations -Wmissing-prototypes -Wnested-externs -Wno-long-long -Wno-multichar -Wpointer-arith -Wshadow -Wsign-compare -Wundef -Wunused -Wwrite-strings -Wcast-align -Wdeclaration-after-statement -Wempty-body -Wendif-labels -Wfloat-equal -Wignored-qualifiers -Wno-format-nonliteral -Wno-sign-conversion -Wno-system-headers -Wstrict-prototypes -Wtype-limits -Wvla -Wmissing-parameter-type -Wold-style-declaration -Wstrict-aliasing=3 -Wformat=2 -Warray-bounds=2 -ftree-vrp -Wduplicated-cond -Wnull-dereference -fdelete-null-pointer-checks -Wshift-negative-value -Wshift-overflow=2 -Walloc-zero -Wduplicated-branches -Wformat-overflow=2 -Wformat-truncation=1 -Wrestrict -Warith-conversion -Wdouble-promotion -Wenum-conversion -Wunused-const-variable  -o CMakeFiles/cmTC_78894.dir/HAVE_SYS_POLL_H.c.o -c /root/my_pistache_api/build/CMakeFiles/CheckIncludeFiles/HAVE_SYS_POLL_H.c
Linking C executable cmTC_78894
/usr/bin/cmake -E cmake_link_script CMakeFiles/cmTC_78894.dir/link.txt --verbose=1
/usr/bin/cc   -W -Wall -pedantic -Wbad-function-cast -Wconversion -Winline -Wmissing-declarations -Wmissing-prototypes -Wnested-externs -Wno-long-long -Wno-multichar -Wpointer-arith -Wshadow -Wsign-compare -Wundef -Wunused -Wwrite-strings -Wcast-align -Wdeclaration-after-statement -Wempty-body -Wendif-labels -Wfloat-equal -Wignored-qualifiers -Wno-format-nonliteral -Wno-sign-conversion -Wno-system-headers -Wstrict-prototypes -Wtype-limits -Wvla -Wmissing-parameter-type -Wold-style-declaration -Wstrict-aliasing=3 -Wformat=2 -Warray-bounds=2 -ftree-vrp -Wduplicated-cond -Wnull-dereference -fdelete-null-pointer-checks -Wshift-negative-value -Wshift-overflow=2 -Walloc-zero -Wduplicated-branches -Wformat-overflow=2 -Wformat-truncation=1 -Wrestrict -Warith-conversion -Wdouble-promotion -Wenum-conversion -Wunused-const-variable  CMakeFiles/cmTC_78894.dir/HAVE_SYS_POLL_H.c.o -o cmTC_78894 
gmake[1]: Leaving directory '/root/my_pistache_api/build/CMakeFiles/CMakeTmp'



Determining if files inttypes.h;sys/wait.h;sys/ioctl.h;sys/param.h;sys/poll.h;sys/resource.h exist passed with the following output:
Change Dir: /root/my_pistache_api/build/CMakeFiles/CMakeTmp

Run Build Command(s):/usr/bin/gmake -f Makefile cmTC_422d7/fast && /usr/bin/gmake  -f CMakeFiles/cmTC_422d7.dir/build.make CMakeFiles/cmTC_422d7.dir/build
gmake[1]: Entering directory '/root/my_pistache_api/build/CMakeFiles/CMakeTmp'
Building C object CMakeFiles/cmTC_422d7.dir/HAVE_SYS_RESOURCE_H.c.o
/usr/bin/cc   -W -Wall -pedantic -Wbad-function-cast -Wconversion -Winline -Wmissing-declarations -Wmissing-prototypes -Wnested-externs -Wno-long-long -Wno-multichar -Wpointer-arith -Wshadow -Wsign-compare -Wundef -Wunused -Wwrite-strings -Wcast-align -Wdeclaration-after-statement -Wempty-body -Wendif-labels -Wfloat-equal -Wignored-qualifiers -Wno-format-nonliteral -Wno-sign-conversion -Wno-system-headers -Wstrict-prototypes -Wtype-limits -Wvla -Wmissing-parameter-type -Wold-style-declaration -Wstrict-aliasing=3 -Wformat=2 -Warray-bounds=2 -ftree-vrp -Wduplicated-cond -Wnull-dereference -fdelete-null-pointer-checks -Wshift-negative-value -Wshift-overflow=2 -Walloc-zero -Wduplicated-branches -Wformat-overflow=2 -Wformat-truncation=1 -Wrestrict -Warith-conversion -Wdouble-promotion -Wenum-conversion -Wunused-const-variable  -o CMakeFiles/cmTC_422d7.dir/HAVE_SYS_RESOURCE_H.c.o -c /root/my_pistache_api/build/CMakeFiles/CheckIncludeFiles/HAVE_SYS_RESOURCE_H.c
Linking C executable cmTC_422d7
/usr/bin/cmake -E cmake_link_script CMakeFiles/cmTC_422d7.dir/link.txt --verbose=1
/usr/bin/cc   -W -Wall -pedantic -Wbad-function-cast -Wconversion -Winline -Wmissing-declarations -Wmissing-prototypes -Wnested-externs -Wno-long-long -Wno-multichar -Wpointer-arith -Wshadow -Wsign-compare -Wundef -Wunused -Wwrite-strings -Wcast-align -Wdeclaration-after-statement -Wempty-body -Wendif-labels -Wfloat-equal -Wignored-qualifiers -Wno-format-nonliteral -Wno-sign-conversion -Wno-system-headers -Wstrict-prototypes -Wtype-limits -Wvla -Wmissing-parameter-type -Wold-style-declaration -Wstrict-aliasing=3 -Wformat=2 -Warray-bounds=2 -ftree-vrp -Wduplicated-cond -Wnull-dereference -fdelete-null-pointer-checks -Wshift-negative-value -Wshift-overflow=2 -Walloc-zero -Wduplicated-branches -Wformat-overflow=2 -Wformat-truncation=1 -Wrestrict -Warith-conversion -Wdouble-promotion -Wenum-conversion -Wunused-const-variable  CMakeFiles/cmTC_422d7.dir/HAVE_SYS_RESOURCE_H.c.o -o cmTC_422d7 
gmake[1]: Leaving directory '/root/my_pistache_api/build/CMakeFiles/CMakeTmp'



Determining if files inttypes.h;sys/wait.h;sys/ioctl.h;sys/param.h;sys/poll.h;sys/resource.h;sys/select.h exist passed with the following output:
Change Dir: /root/my_pistache_api/build/CMakeFiles/CMakeTmp

Run Build Command(s):/usr/bin/gmake -f Makefile cmTC_ceafd/fast && /usr/bin/gmake  -f CMakeFiles/cmTC_ceafd.dir/build.make CMakeFiles/cmTC_ceafd.dir/build
gmake[1]: Entering directory '/root/my_pistache_api/build/CMakeFiles/CMakeTmp'
Building C object CMakeFiles/cmTC_ceafd.dir/HAVE_SYS_SELECT_H.c.o
/usr/bin/cc   -W -Wall -pedantic -Wbad-function-cast -Wconversion -Winline -Wmissing-declarations -Wmissing-prototypes -Wnested-externs -Wno-long-long -Wno-multichar -Wpointer-arith -Wshadow -Wsign-compare -Wundef -Wunused -Wwrite-strings -Wcast-align -Wdeclaration-after-statement -Wempty-body -Wendif-labels -Wfloat-equal -Wignored-qualifiers -Wno-format-nonliteral -Wno-sign-conversion -Wno-system-headers -Wstrict-prototypes -Wtype-limits -Wvla -Wmissing-parameter-type -Wold-style-declaration -Wstrict-aliasing=3 -Wformat=2 -Warray-bounds=2 -ftree-vrp -Wduplicated-cond -Wnull-dereference -fdelete-null-pointer-checks -Wshift-negative-value -Wshift-overflow=2 -Walloc-zero -Wduplicated-branches -Wformat-overflow=2 -Wformat-truncation=1 -Wrestrict -Warith-conversion -Wdouble-promotion -Wenum-conversion -Wunused-const-variable  -o CMakeFiles/cmTC_ceafd.dir/HAVE_SYS_SELECT_H.c.o -c /root/my_pistache_api/build/CMakeFiles/CheckIncludeFiles/HAVE_SYS_SELECT_H.c
Linking C executable cmTC_ceafd
/usr/bin/cmake -E cmake_link_script CMakeFiles/cmTC_ceafd.dir/link.txt --verbose=1
/usr/bin/cc   -W -Wall -pedantic -Wbad-function-cast -Wconversion -Winline -Wmissing-declarations -Wmissing-prototypes -Wnested-externs -Wno-long-long -Wno-multichar -Wpointer-arith -Wshadow -Wsign-compare -Wundef -Wunused -Wwrite-strings -Wcast-align -Wdeclaration-after-statement -Wempty-body -Wendif-labels -Wfloat-equal -Wignored-qualifiers -Wno-format-nonliteral -Wno-sign-conversion -Wno-system-headers -Wstrict-prototypes -Wtype-limits -Wvla -Wmissing-parameter-type -Wold-style-declaration -Wstrict-aliasing=3 -Wformat=2 -Warray-bounds=2 -ftree-vrp -Wduplicated-cond -Wnull-dereference -fdelete-null-pointer-checks -Wshift-negative-value -Wshift-overflow=2 -Walloc-zero -Wduplicated-branches -Wformat-overflow=2 -Wformat-truncation=1 -Wrestrict -Warith-conversion -Wdouble-promotion -Wenum-conversion -Wunused-const-variable  CMakeFiles/cmTC_ceafd.dir/HAVE_SYS_SELECT_H.c.o -o cmTC_ceafd 
gmake[1]: Leaving directory '/root/my_pistache_api/build/CMakeFiles/CMakeTmp'



Determining if files inttypes.h;sys/wait.h;sys/ioctl.h;sys/param.h;sys/poll.h;sys/resource.h;sys/select.h;sys/socket.h exist passed with the following output:
Change Dir: /root/my_pistache_api/build/CMakeFiles/CMakeTmp

Run Build Command(s):/usr/bin/gmake -f Makefile cmTC_d44ff/fast && /usr/bin/gmake  -f CMakeFiles/cmTC_d44ff.dir/build.make CMakeFiles/cmTC_d44ff.dir/build
gmake[1]: Entering directory '/root/my_pistache_api/build/CMakeFiles/CMakeTmp'
Building C object CMakeFiles/cmTC_d44ff.dir/HAVE_SYS_SOCKET_H.c.o
/usr/bin/cc   -W -Wall -pedantic -Wbad-function-cast -Wconversion -Winline -Wmissing-declarations -Wmissing-prototypes -Wnested-externs -Wno-long-long -Wno-multichar -Wpointer-arith -Wshadow -Wsign-compare -Wundef -Wunused -Wwrite-strings -Wcast-align -Wdeclaration-after-statement -Wempty-body -Wendif-labels -Wfloat-equal -Wignored-qualifiers -Wno-format-nonliteral -Wno-sign-conversion -Wno-system-headers -Wstrict-prototypes -Wtype-limits -Wvla -Wmissing-parameter-type -Wold-style-declaration -Wstrict-aliasing=3 -Wformat=2 -Warray-bounds=2 -ftree-vrp -Wduplicated-cond -Wnull-dereference -fdelete-null-pointer-checks -Wshift-negative-value -Wshift-overflow=2 -Walloc-zero -Wduplicated-branches -Wformat-overflow=2 -Wformat-truncation=1 -Wrestrict -Warith-conversion -Wdouble-promotion -Wenum-conversion -Wunused-const-variable  -o CMakeFiles/cmTC_d44ff.dir/HAVE_SYS_SOCKET_H.c.o -c /root/my_pistache_api/build/CMakeFiles/CheckIncludeFiles/HAVE_SYS_SOCKET_H.c
Linking C executable cmTC_d44ff
/usr/bin/cmake -E cmake_link_script CMakeFiles/cmTC_d44ff.dir/link.txt --verbose=1
/usr/bin/cc   -W -Wall -pedantic -Wbad-function-cast -Wconversion -Winline -Wmissing-declarations -Wmissing-prototypes -Wnested-externs -Wno-long-long -Wno-multichar -Wpointer-arith -Wshadow -Wsign-compare -Wundef -Wunused -Wwrite-strings -Wcast-align -Wdeclaration-after-statement -Wempty-body -Wendif-labels -Wfloat-equal -Wignored-qualifiers -Wno-format-nonliteral -Wno-sign-conversion -Wno-system-headers -Wstrict-prototypes -Wtype-limits -Wvla -Wmissing-parameter-type -Wold-style-declaration -Wstrict-aliasing=3 -Wformat=2 -Warray-bounds=2 -ftree-vrp -Wduplicated-cond -Wnull-dereference -fdelete-null-pointer-checks -Wshift-negative-value -Wshift-overflow=2 -Walloc-zero -Wduplicated-branches -Wformat-overflow=2 -Wformat-truncation=1 -Wrestrict -Warith-conversion -Wdouble-promotion -Wenum-conversion -Wunused-const-variable  CMakeFiles/cmTC_d44ff.dir/HAVE_SYS_SOCKET_H.c.o -o cmTC_d44ff 
gmake[1]: Leaving directory '/root/my_pistache_api/build/CMakeFiles/CMakeTmp'



Determining if files inttypes.h;sys/wait.h;sys/ioctl.h;sys/param.h;sys/poll.h;sys/resource.h;sys/select.h;sys/socket.h;sys/stat.h exist passed with the following output:
Change Dir: /root/my_pistache_api/build/CMakeFiles/CMakeTmp

Run Build Command(s):/usr/bin/gmake -f Makefile cmTC_66188/fast && /usr/bin/gmake  -f CMakeFiles/cmTC_66188.dir/build.make CMakeFiles/cmTC_66188.dir/build
gmake[1]: Entering directory '/root/my_pistache_api/build/CMakeFiles/CMakeTmp'
Building C object CMakeFiles/cmTC_66188.dir/HAVE_SYS_STAT_H.c.o
/usr/bin/cc   -W -Wall -pedantic -Wbad-function-cast -Wconversion -Winline -Wmissing-declarations -Wmissing-prototypes -Wnested-externs -Wno-long-long -Wno-multichar -Wpointer-arith -Wshadow -Wsign-compare -Wundef -Wunused -Wwrite-strings -Wcast-align -Wdeclaration-after-statement -Wempty-body -Wendif-labels -Wfloat-equal -Wignored-qualifiers -Wno-format-nonliteral -Wno-sign-conversion -Wno-system-headers -Wstrict-prototypes -Wtype-limits -Wvla -Wmissing-parameter-type -Wold-style-declaration -Wstrict-aliasing=3 -Wformat=2 -Warray-bounds=2 -ftree-vrp -Wduplicated-cond -Wnull-dereference -fdelete-null-pointer-checks -Wshift-negative-value -Wshift-overflow=2 -Walloc-zero -Wduplicated-branches -Wformat-overflow=2 -Wformat-truncation=1 -Wrestrict -Warith-conversion -Wdouble-promotion -Wenum-conversion -Wunused-const-variable  -o CMakeFiles/cmTC_66188.dir/HAVE_SYS_STAT_H.c.o -c /root/my_pistache_api/build/CMakeFiles/CheckIncludeFiles/HAVE_SYS_STAT_H.c
Linking C executable cmTC_66188
/usr/bin/cmake -E cmake_link_script CMakeFiles/cmTC_66188.dir/link.txt --verbose=1
/usr/bin/cc   -W -Wall -pedantic -Wbad-function-cast -Wconversion -Winline -Wmissing-declarations -Wmissing-prototypes -Wnested-externs -Wno-long-long -Wno-multichar -Wpointer-arith -Wshadow -Wsign-compare -Wundef -Wunused -Wwrite-strings -Wcast-align -Wdeclaration-after-statement -Wempty-body -Wendif-labels -Wfloat-equal -Wignored-qualifiers -Wno-format-nonliteral -Wno-sign-conversion -Wno-system-headers -Wstrict-prototypes -Wtype-limits -Wvla -Wmissing-parameter-type -Wold-style-declaration -Wstrict-aliasing=3 -Wformat=2 -Warray-bounds=2 -ftree-vrp -Wduplicated-cond -Wnull-dereference -fdelete-null-pointer-checks -Wshift-negative-value -Wshift-overflow=2 -Walloc-zero -Wduplicated-branches -Wformat-overflow=2 -Wformat-truncation=1 -Wrestrict -Warith-conversion -Wdouble-promotion -Wenum-conversion -Wunused-const-variable  CMakeFiles/cmTC_66188.dir/HAVE_SYS_STAT_H.c.o -o cmTC_66188 
gmake[1]: Leaving directory '/root/my_pistache_api/build/CMakeFiles/CMakeTmp'



Determining if files inttypes.h;sys/wait.h;sys/ioctl.h;sys/param.h;sys/poll.h;sys/resource.h;sys/select.h;sys/socket.h;sys/stat.h;sys/time.h exist passed with the following output:
Change Dir: /root/my_pistache_api/build/CMakeFiles/CMakeTmp

Run Build Command(s):/usr/bin/gmake -f Makefile cmTC_eb5d5/fast && /usr/bin/gmake  -f CMakeFiles/cmTC_eb5d5.dir/build.make CMakeFiles/cmTC_eb5d5.dir/build
gmake[1]: Entering directory '/root/my_pistache_api/build/CMakeFiles/CMakeTmp'
Building C object CMakeFiles/cmTC_eb5d5.dir/HAVE_SYS_TIME_H.c.o
/usr/bin/cc   -W -Wall -pedantic -Wbad-function-cast -Wconversion -Winline -Wmissing-declarations -Wmissing-prototypes -Wnested-externs -Wno-long-long -Wno-multichar -Wpointer-arith -Wshadow -Wsign-compare -Wundef -Wunused -Wwrite-strings -Wcast-align -Wdeclaration-after-statement -Wempty-body -Wendif-labels -Wfloat-equal -Wignored-qualifiers -Wno-format-nonliteral -Wno-sign-conversion -Wno-system-headers -Wstrict-prototypes -Wtype-limits -Wvla -Wmissing-parameter-type -Wold-style-declaration -Wstrict-aliasing=3 -Wformat=2 -Warray-bounds=2 -ftree-vrp -Wduplicated-cond -Wnull-dereference -fdelete-null-pointer-checks -Wshift-negative-value -Wshift-overflow=2 -Walloc-zero -Wduplicated-branches -Wformat-overflow=2 -Wformat-truncation=1 -Wrestrict -Warith-conversion -Wdouble-promotion -Wenum-conversion -Wunused-const-variable  -o CMakeFiles/cmTC_eb5d5.dir/HAVE_SYS_TIME_H.c.o -c /root/my_pistache_api/build/CMakeFiles/CheckIncludeFiles/HAVE_SYS_TIME_H.c
Linking C executable cmTC_eb5d5
/usr/bin/cmake -E cmake_link_script CMakeFiles/cmTC_eb5d5.dir/link.txt --verbose=1
/usr/bin/cc   -W -Wall -pedantic -Wbad-function-cast -Wconversion -Winline -Wmissing-declarations -Wmissing-prototypes -Wnested-externs -Wno-long-long -Wno-multichar -Wpointer-arith -Wshadow -Wsign-compare -Wundef -Wunused -Wwrite-strings -Wcast-align -Wdeclaration-after-statement -Wempty-body -Wendif-labels -Wfloat-equal -Wignored-qualifiers -Wno-format-nonliteral -Wno-sign-conversion -Wno-system-headers -Wstrict-prototypes -Wtype-limits -Wvla -Wmissing-parameter-type -Wold-style-declaration -Wstrict-aliasing=3 -Wformat=2 -Warray-bounds=2 -ftree-vrp -Wduplicated-cond -Wnull-dereference -fdelete-null-pointer-checks -Wshift-negative-value -Wshift-overflow=2 -Walloc-zero -Wduplicated-branches -Wformat-overflow=2 -Wformat-truncation=1 -Wrestrict -Warith-conversion -Wdouble-promotion -Wenum-conversion -Wunused-const-variable  CMakeFiles/cmTC_eb5d5.dir/HAVE_SYS_TIME_H.c.o -o cmTC_eb5d5 
gmake[1]: Leaving directory '/root/my_pistache_api/build/CMakeFiles/CMakeTmp'



Determining if files inttypes.h;sys/wait.h;sys/ioctl.h;sys/param.h;sys/poll.h;sys/resource.h;sys/select.h;sys/socket.h;sys/stat.h;sys/time.h;sys/types.h;sys/un.h exist passed with the following output:
Change Dir: /root/my_pistache_api/build/CMakeFiles/CMakeTmp

Run Build Command(s):/usr/bin/gmake -f Makefile cmTC_3cc8f/fast && /usr/bin/gmake  -f CMakeFiles/cmTC_3cc8f.dir/build.make CMakeFiles/cmTC_3cc8f.dir/build
gmake[1]: Entering directory '/root/my_pistache_api/build/CMakeFiles/CMakeTmp'
Building C object CMakeFiles/cmTC_3cc8f.dir/HAVE_SYS_UN_H.c.o
/usr/bin/cc   -W -Wall -pedantic -Wbad-function-cast -Wconversion -Winline -Wmissing-declarations -Wmissing-prototypes -Wnested-externs -Wno-long-long -Wno-multichar -Wpointer-arith -Wshadow -Wsign-compare -Wundef -Wunused -Wwrite-strings -Wcast-align -Wdeclaration-after-statement -Wempty-body -Wendif-labels -Wfloat-equal -Wignored-qualifiers -Wno-format-nonliteral -Wno-sign-conversion -Wno-system-headers -Wstrict-prototypes -Wtype-limits -Wvla -Wmissing-parameter-type -Wold-style-declaration -Wstrict-aliasing=3 -Wformat=2 -Warray-bounds=2 -ftree-vrp -Wduplicated-cond -Wnull-dereference -fdelete-null-pointer-checks -Wshift-negative-value -Wshift-overflow=2 -Walloc-zero -Wduplicated-branches -Wformat-overflow=2 -Wformat-truncation=1 -Wrestrict -Warith-conversion -Wdouble-promotion -Wenum-conversion -Wunused-const-variable  -o CMakeFiles/cmTC_3cc8f.dir/HAVE_SYS_UN_H.c.o -c /root/my_pistache_api/build/CMakeFiles/CheckIncludeFiles/HAVE_SYS_UN_H.c
Linking C executable cmTC_3cc8f
/usr/bin/cmake -E cmake_link_script CMakeFiles/cmTC_3cc8f.dir/link.txt --verbose=1
/usr/bin/cc   -W -Wall -pedantic -Wbad-function-cast -Wconversion -Winline -Wmissing-declarations -Wmissing-prototypes -Wnested-externs -Wno-long-long -Wno-multichar -Wpointer-arith -Wshadow -Wsign-compare -Wundef -Wunused -Wwrite-strings -Wcast-align -Wdeclaration-after-statement -Wempty-body -Wendif-labels -Wfloat-equal -Wignored-qualifiers -Wno-format-nonliteral -Wno-sign-conversion -Wno-system-headers -Wstrict-prototypes -Wtype-limits -Wvla -Wmissing-parameter-type -Wold-style-declaration -Wstrict-aliasing=3 -Wformat=2 -Warray-bounds=2 -ftree-vrp -Wduplicated-cond -Wnull-dereference -fdelete-null-pointer-checks -Wshift-negative-value -Wshift-overflow=2 -Walloc-zero -Wduplicated-branches -Wformat-overflow=2 -Wformat-truncation=1 -Wrestrict -Warith-conversion -Wdouble-promotion -Wenum-conversion -Wunused-const-variable  CMakeFiles/cmTC_3cc8f.dir/HAVE_SYS_UN_H.c.o -o cmTC_3cc8f 
gmake[1]: Leaving directory '/root/my_pistache_api/build/CMakeFiles/CMakeTmp'



Determining if files inttypes.h;sys/wait.h;sys/ioctl.h;sys/param.h;sys/poll.h;sys/resource.h;sys/select.h;sys/socket.h;sys/stat.h;sys/time.h;sys/types.h;sys/un.h;sys/xattr.h exist passed with the following output:
Change Dir: /root/my_pistache_api/build/CMakeFiles/CMakeTmp

Run Build Command(s):/usr/bin/gmake -f Makefile cmTC_12f44/fast && /usr/bin/gmake  -f CMakeFiles/cmTC_12f44.dir/build.make CMakeFiles/cmTC_12f44.dir/build
gmake[1]: Entering directory '/root/my_pistache_api/build/CMakeFiles/CMakeTmp'
Building C object CMakeFiles/cmTC_12f44.dir/HAVE_SYS_XATTR_H.c.o
/usr/bin/cc   -W -Wall -pedantic -Wbad-function-cast -Wconversion -Winline -Wmissing-declarations -Wmissing-prototypes -Wnested-externs -Wno-long-long -Wno-multichar -Wpointer-arith -Wshadow -Wsign-compare -Wundef -Wunused -Wwrite-strings -Wcast-align -Wdeclaration-after-statement -Wempty-body -Wendif-labels -Wfloat-equal -Wignored-qualifiers -Wno-format-nonliteral -Wno-sign-conversion -Wno-system-headers -Wstrict-prototypes -Wtype-limits -Wvla -Wmissing-parameter-type -Wold-style-declaration -Wstrict-aliasing=3 -Wformat=2 -Warray-bounds=2 -ftree-vrp -Wduplicated-cond -Wnull-dereference -fdelete-null-pointer-checks -Wshift-negative-value -Wshift-overflow=2 -Walloc-zero -Wduplicated-branches -Wformat-overflow=2 -Wformat-truncation=1 -Wrestrict -Warith-conversion -Wdouble-promotion -Wenum-conversion -Wunused-const-variable  -o CMakeFiles/cmTC_12f44.dir/HAVE_SYS_XATTR_H.c.o -c /root/my_pistache_api/build/CMakeFiles/CheckIncludeFiles/HAVE_SYS_XATTR_H.c
Linking C executable cmTC_12f44
/usr/bin/cmake -E cmake_link_script CMakeFiles/cmTC_12f44.dir/link.txt --verbose=1
/usr/bin/cc   -W -Wall -pedantic -Wbad-function-cast -Wconversion -Winline -Wmissing-declarations -Wmissing-prototypes -Wnested-externs -Wno-long-long -Wno-multichar -Wpointer-arith -Wshadow -Wsign-compare -Wundef -Wunused -Wwrite-strings -Wcast-align -Wdeclaration-after-statement -Wempty-body -Wendif-labels -Wfloat-equal -Wignored-qualifiers -Wno-format-nonliteral -Wno-sign-conversion -Wno-system-headers -Wstrict-prototypes -Wtype-limits -Wvla -Wmissing-parameter-type -Wold-style-declaration -Wstrict-aliasing=3 -Wformat=2 -Warray-bounds=2 -ftree-vrp -Wduplicated-cond -Wnull-dereference -fdelete-null-pointer-checks -Wshift-negative-value -Wshift-overflow=2 -Walloc-zero -Wduplicated-branches -Wformat-overflow=2 -Wformat-truncation=1 -Wrestrict -Warith-conversion -Wdouble-promotion -Wenum-conversion -Wunused-const-variable  CMakeFiles/cmTC_12f44.dir/HAVE_SYS_XATTR_H.c.o -o cmTC_12f44 
gmake[1]: Leaving directory '/root/my_pistache_api/build/CMakeFiles/CMakeTmp'



Determining if files inttypes.h;sys/wait.h;sys/ioctl.h;sys/param.h;sys/poll.h;sys/resource.h;sys/select.h;sys/socket.h;sys/stat.h;sys/time.h;sys/types.h;sys/un.h;sys/xattr.h;arpa/inet.h exist passed with the following output:
Change Dir: /root/my_pistache_api/build/CMakeFiles/CMakeTmp

Run Build Command(s):/usr/bin/gmake -f Makefile cmTC_cd858/fast && /usr/bin/gmake  -f CMakeFiles/cmTC_cd858.dir/build.make CMakeFiles/cmTC_cd858.dir/build
gmake[1]: Entering directory '/root/my_pistache_api/build/CMakeFiles/CMakeTmp'
Building C object CMakeFiles/cmTC_cd858.dir/HAVE_ARPA_INET_H.c.o
/usr/bin/cc   -W -Wall -pedantic -Wbad-function-cast -Wconversion -Winline -Wmissing-declarations -Wmissing-prototypes -Wnested-externs -Wno-long-long -Wno-multichar -Wpointer-arith -Wshadow -Wsign-compare -Wundef -Wunused -Wwrite-strings -Wcast-align -Wdeclaration-after-statement -Wempty-body -Wendif-labels -Wfloat-equal -Wignored-qualifiers -Wno-format-nonliteral -Wno-sign-conversion -Wno-system-headers -Wstrict-prototypes -Wtype-limits -Wvla -Wmissing-parameter-type -Wold-style-declaration -Wstrict-aliasing=3 -Wformat=2 -Warray-bounds=2 -ftree-vrp -Wduplicated-cond -Wnull-dereference -fdelete-null-pointer-checks -Wshift-negative-value -Wshift-overflow=2 -Walloc-zero -Wduplicated-branches -Wformat-overflow=2 -Wformat-truncation=1 -Wrestrict -Warith-conversion -Wdouble-promotion -Wenum-conversion -Wunused-const-variable  -o CMakeFiles/cmTC_cd858.dir/HAVE_ARPA_INET_H.c.o -c /root/my_pistache_api/build/CMakeFiles/CheckIncludeFiles/HAVE_ARPA_INET_H.c
Linking C executable cmTC_cd858
/usr/bin/cmake -E cmake_link_script CMakeFiles/cmTC_cd858.dir/link.txt --verbose=1
/usr/bin/cc   -W -Wall -pedantic -Wbad-function-cast -Wconversion -Winline -Wmissing-declarations -Wmissing-prototypes -Wnested-externs -Wno-long-long -Wno-multichar -Wpointer-arith -Wshadow -Wsign-compare -Wundef -Wunused -Wwrite-strings -Wcast-align -Wdeclaration-after-statement -Wempty-body -Wendif-labels -Wfloat-equal -Wignored-qualifiers -Wno-format-nonliteral -Wno-sign-conversion -Wno-system-headers -Wstrict-prototypes -Wtype-limits -Wvla -Wmissing-parameter-type -Wold-style-declaration -Wstrict-aliasing=3 -Wformat=2 -Warray-bounds=2 -ftree-vrp -Wduplicated-cond -Wnull-dereference -fdelete-null-pointer-checks -Wshift-negative-value -Wshift-overflow=2 -Walloc-zero -Wduplicated-branches -Wformat-overflow=2 -Wformat-truncation=1 -Wrestrict -Warith-conversion -Wdouble-promotion -Wenum-conversion -Wunused-const-variable  CMakeFiles/cmTC_cd858.dir/HAVE_ARPA_INET_H.c.o -o cmTC_cd858 
gmake[1]: Leaving directory '/root/my_pistache_api/build/CMakeFiles/CMakeTmp'



Determining if files inttypes.h;sys/wait.h;sys/ioctl.h;sys/param.h;sys/poll.h;sys/resource.h;sys/select.h;sys/socket.h;sys/stat.h;sys/time.h;sys/types.h;sys/un.h;sys/xattr.h;arpa/inet.h;fcntl.h exist passed with the following output:
Change Dir: /root/my_pistache_api/build/CMakeFiles/CMakeTmp

Run Build Command(s):/usr/bin/gmake -f Makefile cmTC_4ddf4/fast && /usr/bin/gmake  -f CMakeFiles/cmTC_4ddf4.dir/build.make CMakeFiles/cmTC_4ddf4.dir/build
gmake[1]: Entering directory '/root/my_pistache_api/build/CMakeFiles/CMakeTmp'
Building C object CMakeFiles/cmTC_4ddf4.dir/HAVE_FCNTL_H.c.o
/usr/bin/cc   -W -Wall -pedantic -Wbad-function-cast -Wconversion -Winline -Wmissing-declarations -Wmissing-prototypes -Wnested-externs -Wno-long-long -Wno-multichar -Wpointer-arith -Wshadow -Wsign-compare -Wundef -Wunused -Wwrite-strings -Wcast-align -Wdeclaration-after-statement -Wempty-body -Wendif-labels -Wfloat-equal -Wignored-qualifiers -Wno-format-nonliteral -Wno-sign-conversion -Wno-system-headers -Wstrict-prototypes -Wtype-limits -Wvla -Wmissing-parameter-type -Wold-style-declaration -Wstrict-aliasing=3 -Wformat=2 -Warray-bounds=2 -ftree-vrp -Wduplicated-cond -Wnull-dereference -fdelete-null-pointer-checks -Wshift-negative-value -Wshift-overflow=2 -Walloc-zero -Wduplicated-branches -Wformat-overflow=2 -Wformat-truncation=1 -Wrestrict -Warith-conversion -Wdouble-promotion -Wenum-conversion -Wunused-const-variable  -o CMakeFiles/cmTC_4ddf4.dir/HAVE_FCNTL_H.c.o -c /root/my_pistache_api/build/CMakeFiles/CheckIncludeFiles/HAVE_FCNTL_H.c
Linking C executable cmTC_4ddf4
/usr/bin/cmake -E cmake_link_script CMakeFiles/cmTC_4ddf4.dir/link.txt --verbose=1
/usr/bin/cc   -W -Wall -pedantic -Wbad-function-cast -Wconversion -Winline -Wmissing-declarations -Wmissing-prototypes -Wnested-externs -Wno-long-long -Wno-multichar -Wpointer-arith -Wshadow -Wsign-compare -Wundef -Wunused -Wwrite-strings -Wcast-align -Wdeclaration-after-statement -Wempty-body -Wendif-labels -Wfloat-equal -Wignored-qualifiers -Wno-format-nonliteral -Wno-sign-conversion -Wno-system-headers -Wstrict-prototypes -Wtype-limits -Wvla -Wmissing-parameter-type -Wold-style-declaration -Wstrict-aliasing=3 -Wformat=2 -Warray-bounds=2 -ftree-vrp -Wduplicated-cond -Wnull-dereference -fdelete-null-pointer-checks -Wshift-negative-value -Wshift-overflow=2 -Walloc-zero -Wduplicated-branches -Wformat-overflow=2 -Wformat-truncation=1 -Wrestrict -Warith-conversion -Wdouble-promotion -Wenum-conversion -Wunused-const-variable  CMakeFiles/cmTC_4ddf4.dir/HAVE_FCNTL_H.c.o -o cmTC_4ddf4 
gmake[1]: Leaving directory '/root/my_pistache_api/build/CMakeFiles/CMakeTmp'



Determining if files inttypes.h;sys/wait.h;sys/ioctl.h;sys/param.h;sys/poll.h;sys/resource.h;sys/select.h;sys/socket.h;sys/stat.h;sys/time.h;sys/types.h;sys/un.h;sys/xattr.h;arpa/inet.h;fcntl.h;ifaddrs.h exist passed with the following output:
Change Dir: /root/my_pistache_api/build/CMakeFiles/CMakeTmp

Run Build Command(s):/usr/bin/gmake -f Makefile cmTC_4311f/fast && /usr/bin/gmake  -f CMakeFiles/cmTC_4311f.dir/build.make CMakeFiles/cmTC_4311f.dir/build
gmake[1]: Entering directory '/root/my_pistache_api/build/CMakeFiles/CMakeTmp'
Building C object CMakeFiles/cmTC_4311f.dir/HAVE_IFADDRS_H.c.o
/usr/bin/cc   -W -Wall -pedantic -Wbad-function-cast -Wconversion -Winline -Wmissing-declarations -Wmissing-prototypes -Wnested-externs -Wno-long-long -Wno-multichar -Wpointer-arith -Wshadow -Wsign-compare -Wundef -Wunused -Wwrite-strings -Wcast-align -Wdeclaration-after-statement -Wempty-body -Wendif-labels -Wfloat-equal -Wignored-qualifiers -Wno-format-nonliteral -Wno-sign-conversion -Wno-system-headers -Wstrict-prototypes -Wtype-limits -Wvla -Wmissing-parameter-type -Wold-style-declaration -Wstrict-aliasing=3 -Wformat=2 -Warray-bounds=2 -ftree-vrp -Wduplicated-cond -Wnull-dereference -fdelete-null-pointer-checks -Wshift-negative-value -Wshift-overflow=2 -Walloc-zero -Wduplicated-branches -Wformat-overflow=2 -Wformat-truncation=1 -Wrestrict -Warith-conversion -Wdouble-promotion -Wenum-conversion -Wunused-const-variable  -o CMakeFiles/cmTC_4311f.dir/HAVE_IFADDRS_H.c.o -c /root/my_pistache_api/build/CMakeFiles/CheckIncludeFiles/HAVE_IFADDRS_H.c
Linking C executable cmTC_4311f
/usr/bin/cmake -E cmake_link_script CMakeFiles/cmTC_4311f.dir/link.txt --verbose=1
/usr/bin/cc   -W -Wall -pedantic -Wbad-function-cast -Wconversion -Winline -Wmissing-declarations -Wmissing-prototypes -Wnested-externs -Wno-long-long -Wno-multichar -Wpointer-arith -Wshadow -Wsign-compare -Wundef -Wunused -Wwrite-strings -Wcast-align -Wdeclaration-after-statement -Wempty-body -Wendif-labels -Wfloat-equal -Wignored-qualifiers -Wno-format-nonliteral -Wno-sign-conversion -Wno-system-headers -Wstrict-prototypes -Wtype-limits -Wvla -Wmissing-parameter-type -Wold-style-declaration -Wstrict-aliasing=3 -Wformat=2 -Warray-bounds=2 -ftree-vrp -Wduplicated-cond -Wnull-dereference -fdelete-null-pointer-checks -Wshift-negative-value -Wshift-overflow=2 -Walloc-zero -Wduplicated-branches -Wformat-overflow=2 -Wformat-truncation=1 -Wrestrict -Warith-conversion -Wdouble-promotion -Wenum-conversion -Wunused-const-variable  CMakeFiles/cmTC_4311f.dir/HAVE_IFADDRS_H.c.o -o cmTC_4311f 
gmake[1]: Leaving directory '/root/my_pistache_api/build/CMakeFiles/CMakeTmp'



Determining if files inttypes.h;sys/wait.h;sys/ioctl.h;sys/param.h;sys/poll.h;sys/resource.h;sys/select.h;sys/socket.h;sys/stat.h;sys/time.h;sys/types.h;sys/un.h;sys/xattr.h;arpa/inet.h;fcntl.h;ifaddrs.h;libgen.h exist passed with the following output:
Change Dir: /root/my_pistache_api/build/CMakeFiles/CMakeTmp

Run Build Command(s):/usr/bin/gmake -f Makefile cmTC_da9e7/fast && /usr/bin/gmake  -f CMakeFiles/cmTC_da9e7.dir/build.make CMakeFiles/cmTC_da9e7.dir/build
gmake[1]: Entering directory '/root/my_pistache_api/build/CMakeFiles/CMakeTmp'
Building C object CMakeFiles/cmTC_da9e7.dir/HAVE_LIBGEN_H.c.o
/usr/bin/cc   -W -Wall -pedantic -Wbad-function-cast -Wconversion -Winline -Wmissing-declarations -Wmissing-prototypes -Wnested-externs -Wno-long-long -Wno-multichar -Wpointer-arith -Wshadow -Wsign-compare -Wundef -Wunused -Wwrite-strings -Wcast-align -Wdeclaration-after-statement -Wempty-body -Wendif-labels -Wfloat-equal -Wignored-qualifiers -Wno-format-nonliteral -Wno-sign-conversion -Wno-system-headers -Wstrict-prototypes -Wtype-limits -Wvla -Wmissing-parameter-type -Wold-style-declaration -Wstrict-aliasing=3 -Wformat=2 -Warray-bounds=2 -ftree-vrp -Wduplicated-cond -Wnull-dereference -fdelete-null-pointer-checks -Wshift-negative-value -Wshift-overflow=2 -Walloc-zero -Wduplicated-branches -Wformat-overflow=2 -Wformat-truncation=1 -Wrestrict -Warith-conversion -Wdouble-promotion -Wenum-conversion -Wunused-const-variable  -o CMakeFiles/cmTC_da9e7.dir/HAVE_LIBGEN_H.c.o -c /root/my_pistache_api/build/CMakeFiles/CheckIncludeFiles/HAVE_LIBGEN_H.c
Linking C executable cmTC_da9e7
/usr/bin/cmake -E cmake_link_script CMakeFiles/cmTC_da9e7.dir/link.txt --verbose=1
/usr/bin/cc   -W -Wall -pedantic -Wbad-function-cast -Wconversion -Winline -Wmissing-declarations -Wmissing-prototypes -Wnested-externs -Wno-long-long -Wno-multichar -Wpointer-arith -Wshadow -Wsign-compare -Wundef -Wunused -Wwrite-strings -Wcast-align -Wdeclaration-after-statement -Wempty-body -Wendif-labels -Wfloat-equal -Wignored-qualifiers -Wno-format-nonliteral -Wno-sign-conversion -Wno-system-headers -Wstrict-prototypes -Wtype-limits -Wvla -Wmissing-parameter-type -Wold-style-declaration -Wstrict-aliasing=3 -Wformat=2 -Warray-bounds=2 -ftree-vrp -Wduplicated-cond -Wnull-dereference -fdelete-null-pointer-checks -Wshift-negative-value -Wshift-overflow=2 -Walloc-zero -Wduplicated-branches -Wformat-overflow=2 -Wformat-truncation=1 -Wrestrict -Warith-conversion -Wdouble-promotion -Wenum-conversion -Wunused-const-variable  CMakeFiles/cmTC_da9e7.dir/HAVE_LIBGEN_H.c.o -o cmTC_da9e7 
gmake[1]: Leaving directory '/root/my_pistache_api/build/CMakeFiles/CMakeTmp'



Determining if files inttypes.h;sys/wait.h;sys/ioctl.h;sys/param.h;sys/poll.h;sys/resource.h;sys/select.h;sys/socket.h;sys/stat.h;sys/time.h;sys/types.h;sys/un.h;sys/xattr.h;arpa/inet.h;fcntl.h;ifaddrs.h;libgen.h;locale.h exist passed with the following output:
Change Dir: /root/my_pistache_api/build/CMakeFiles/CMakeTmp

Run Build Command(s):/usr/bin/gmake -f Makefile cmTC_6ec61/fast && /usr/bin/gmake  -f CMakeFiles/cmTC_6ec61.dir/build.make CMakeFiles/cmTC_6ec61.dir/build
gmake[1]: Entering directory '/root/my_pistache_api/build/CMakeFiles/CMakeTmp'
Building C object CMakeFiles/cmTC_6ec61.dir/HAVE_LOCALE_H.c.o
/usr/bin/cc   -W -Wall -pedantic -Wbad-function-cast -Wconversion -Winline -Wmissing-declarations -Wmissing-prototypes -Wnested-externs -Wno-long-long -Wno-multichar -Wpointer-arith -Wshadow -Wsign-compare -Wundef -Wunused -Wwrite-strings -Wcast-align -Wdeclaration-after-statement -Wempty-body -Wendif-labels -Wfloat-equal -Wignored-qualifiers -Wno-format-nonliteral -Wno-sign-conversion -Wno-system-headers -Wstrict-prototypes -Wtype-limits -Wvla -Wmissing-parameter-type -Wold-style-declaration -Wstrict-aliasing=3 -Wformat=2 -Warray-bounds=2 -ftree-vrp -Wduplicated-cond -Wnull-dereference -fdelete-null-pointer-checks -Wshift-negative-value -Wshift-overflow=2 -Walloc-zero -Wduplicated-branches -Wformat-overflow=2 -Wformat-truncation=1 -Wrestrict -Warith-conversion -Wdouble-promotion -Wenum-conversion -Wunused-const-variable  -o CMakeFiles/cmTC_6ec61.dir/HAVE_LOCALE_H.c.o -c /root/my_pistache_api/build/CMakeFiles/CheckIncludeFiles/HAVE_LOCALE_H.c
Linking C executable cmTC_6ec61
/usr/bin/cmake -E cmake_link_script CMakeFiles/cmTC_6ec61.dir/link.txt --verbose=1
/usr/bin/cc   -W -Wall -pedantic -Wbad-function-cast -Wconversion -Winline -Wmissing-declarations -Wmissing-prototypes -Wnested-externs -Wno-long-long -Wno-multichar -Wpointer-arith -Wshadow -Wsign-compare -Wundef -Wunused -Wwrite-strings -Wcast-align -Wdeclaration-after-statement -Wempty-body -Wendif-labels -Wfloat-equal -Wignored-qualifiers -Wno-format-nonliteral -Wno-sign-conversion -Wno-system-headers -Wstrict-prototypes -Wtype-limits -Wvla -Wmissing-parameter-type -Wold-style-declaration -Wstrict-aliasing=3 -Wformat=2 -Warray-bounds=2 -ftree-vrp -Wduplicated-cond -Wnull-dereference -fdelete-null-pointer-checks -Wshift-negative-value -Wshift-overflow=2 -Walloc-zero -Wduplicated-branches -Wformat-overflow=2 -Wformat-truncation=1 -Wrestrict -Warith-conversion -Wdouble-promotion -Wenum-conversion -Wunused-const-variable  CMakeFiles/cmTC_6ec61.dir/HAVE_LOCALE_H.c.o -o cmTC_6ec61 
gmake[1]: Leaving directory '/root/my_pistache_api/build/CMakeFiles/CMakeTmp'



Determining if files inttypes.h;sys/wait.h;sys/ioctl.h;sys/param.h;sys/poll.h;sys/resource.h;sys/select.h;sys/socket.h;sys/stat.h;sys/time.h;sys/types.h;sys/un.h;sys/xattr.h;arpa/inet.h;fcntl.h;ifaddrs.h;libgen.h;locale.h;net/if.h exist passed with the following output:
Change Dir: /root/my_pistache_api/build/CMakeFiles/CMakeTmp

Run Build Command(s):/usr/bin/gmake -f Makefile cmTC_ff1ce/fast && /usr/bin/gmake  -f CMakeFiles/cmTC_ff1ce.dir/build.make CMakeFiles/cmTC_ff1ce.dir/build
gmake[1]: Entering directory '/root/my_pistache_api/build/CMakeFiles/CMakeTmp'
Building C object CMakeFiles/cmTC_ff1ce.dir/HAVE_NET_IF_H.c.o
/usr/bin/cc   -W -Wall -pedantic -Wbad-function-cast -Wconversion -Winline -Wmissing-declarations -Wmissing-prototypes -Wnested-externs -Wno-long-long -Wno-multichar -Wpointer-arith -Wshadow -Wsign-compare -Wundef -Wunused -Wwrite-strings -Wcast-align -Wdeclaration-after-statement -Wempty-body -Wendif-labels -Wfloat-equal -Wignored-qualifiers -Wno-format-nonliteral -Wno-sign-conversion -Wno-system-headers -Wstrict-prototypes -Wtype-limits -Wvla -Wmissing-parameter-type -Wold-style-declaration -Wstrict-aliasing=3 -Wformat=2 -Warray-bounds=2 -ftree-vrp -Wduplicated-cond -Wnull-dereference -fdelete-null-pointer-checks -Wshift-negative-value -Wshift-overflow=2 -Walloc-zero -Wduplicated-branches -Wformat-overflow=2 -Wformat-truncation=1 -Wrestrict -Warith-conversion -Wdouble-promotion -Wenum-conversion -Wunused-const-variable  -o CMakeFiles/cmTC_ff1ce.dir/HAVE_NET_IF_H.c.o -c /root/my_pistache_api/build/CMakeFiles/CheckIncludeFiles/HAVE_NET_IF_H.c
Linking C executable cmTC_ff1ce
/usr/bin/cmake -E cmake_link_script CMakeFiles/cmTC_ff1ce.dir/link.txt --verbose=1
/usr/bin/cc   -W -Wall -pedantic -Wbad-function-cast -Wconversion -Winline -Wmissing-declarations -Wmissing-prototypes -Wnested-externs -Wno-long-long -Wno-multichar -Wpointer-arith -Wshadow -Wsign-compare -Wundef -Wunused -Wwrite-strings -Wcast-align -Wdeclaration-after-statement -Wempty-body -Wendif-labels -Wfloat-equal -Wignored-qualifiers -Wno-format-nonliteral -Wno-sign-conversion -Wno-system-headers -Wstrict-prototypes -Wtype-limits -Wvla -Wmissing-parameter-type -Wold-style-declaration -Wstrict-aliasing=3 -Wformat=2 -Warray-bounds=2 -ftree-vrp -Wduplicated-cond -Wnull-dereference -fdelete-null-pointer-checks -Wshift-negative-value -Wshift-overflow=2 -Walloc-zero -Wduplicated-branches -Wformat-overflow=2 -Wformat-truncation=1 -Wrestrict -Warith-conversion -Wdouble-promotion -Wenum-conversion -Wunused-const-variable  CMakeFiles/cmTC_ff1ce.dir/HAVE_NET_IF_H.c.o -o cmTC_ff1ce 
gmake[1]: Leaving directory '/root/my_pistache_api/build/CMakeFiles/CMakeTmp'



Determining if files inttypes.h;sys/wait.h;sys/ioctl.h;sys/param.h;sys/poll.h;sys/resource.h;sys/select.h;sys/socket.h;sys/stat.h;sys/time.h;sys/types.h;sys/un.h;sys/xattr.h;arpa/inet.h;fcntl.h;ifaddrs.h;libgen.h;locale.h;net/if.h;netdb.h exist passed with the following output:
Change Dir: /root/my_pistache_api/build/CMakeFiles/CMakeTmp

Run Build Command(s):/usr/bin/gmake -f Makefile cmTC_ab235/fast && /usr/bin/gmake  -f CMakeFiles/cmTC_ab235.dir/build.make CMakeFiles/cmTC_ab235.dir/build
gmake[1]: Entering directory '/root/my_pistache_api/build/CMakeFiles/CMakeTmp'
Building C object CMakeFiles/cmTC_ab235.dir/HAVE_NETDB_H.c.o
/usr/bin/cc   -W -Wall -pedantic -Wbad-function-cast -Wconversion -Winline -Wmissing-declarations -Wmissing-prototypes -Wnested-externs -Wno-long-long -Wno-multichar -Wpointer-arith -Wshadow -Wsign-compare -Wundef -Wunused -Wwrite-strings -Wcast-align -Wdeclaration-after-statement -Wempty-body -Wendif-labels -Wfloat-equal -Wignored-qualifiers -Wno-format-nonliteral -Wno-sign-conversion -Wno-system-headers -Wstrict-prototypes -Wtype-limits -Wvla -Wmissing-parameter-type -Wold-style-declaration -Wstrict-aliasing=3 -Wformat=2 -Warray-bounds=2 -ftree-vrp -Wduplicated-cond -Wnull-dereference -fdelete-null-pointer-checks -Wshift-negative-value -Wshift-overflow=2 -Walloc-zero -Wduplicated-branches -Wformat-overflow=2 -Wformat-truncation=1 -Wrestrict -Warith-conversion -Wdouble-promotion -Wenum-conversion -Wunused-const-variable  -o CMakeFiles/cmTC_ab235.dir/HAVE_NETDB_H.c.o -c /root/my_pistache_api/build/CMakeFiles/CheckIncludeFiles/HAVE_NETDB_H.c
Linking C executable cmTC_ab235
/usr/bin/cmake -E cmake_link_script CMakeFiles/cmTC_ab235.dir/link.txt --verbose=1
/usr/bin/cc   -W -Wall -pedantic -Wbad-function-cast -Wconversion -Winline -Wmissing-declarations -Wmissing-prototypes -Wnested-externs -Wno-long-long -Wno-multichar -Wpointer-arith -Wshadow -Wsign-compare -Wundef -Wunused -Wwrite-strings -Wcast-align -Wdeclaration-after-statement -Wempty-body -Wendif-labels -Wfloat-equal -Wignored-qualifiers -Wno-format-nonliteral -Wno-sign-conversion -Wno-system-headers -Wstrict-prototypes -Wtype-limits -Wvla -Wmissing-parameter-type -Wold-style-declaration -Wstrict-aliasing=3 -Wformat=2 -Warray-bounds=2 -ftree-vrp -Wduplicated-cond -Wnull-dereference -fdelete-null-pointer-checks -Wshift-negative-value -Wshift-overflow=2 -Walloc-zero -Wduplicated-branches -Wformat-overflow=2 -Wformat-truncation=1 -Wrestrict -Warith-conversion -Wdouble-promotion -Wenum-conversion -Wunused-const-variable  CMakeFiles/cmTC_ab235.dir/HAVE_NETDB_H.c.o -o cmTC_ab235 
gmake[1]: Leaving directory '/root/my_pistache_api/build/CMakeFiles/CMakeTmp'



Determining if files inttypes.h;sys/wait.h;sys/ioctl.h;sys/param.h;sys/poll.h;sys/resource.h;sys/select.h;sys/socket.h;sys/stat.h;sys/time.h;sys/types.h;sys/un.h;sys/xattr.h;arpa/inet.h;fcntl.h;ifaddrs.h;libgen.h;locale.h;net/if.h;netdb.h;netinet/in.h exist passed with the following output:
Change Dir: /root/my_pistache_api/build/CMakeFiles/CMakeTmp

Run Build Command(s):/usr/bin/gmake -f Makefile cmTC_715df/fast && /usr/bin/gmake  -f CMakeFiles/cmTC_715df.dir/build.make CMakeFiles/cmTC_715df.dir/build
gmake[1]: Entering directory '/root/my_pistache_api/build/CMakeFiles/CMakeTmp'
Building C object CMakeFiles/cmTC_715df.dir/HAVE_NETINET_IN_H.c.o
/usr/bin/cc   -W -Wall -pedantic -Wbad-function-cast -Wconversion -Winline -Wmissing-declarations -Wmissing-prototypes -Wnested-externs -Wno-long-long -Wno-multichar -Wpointer-arith -Wshadow -Wsign-compare -Wundef -Wunused -Wwrite-strings -Wcast-align -Wdeclaration-after-statement -Wempty-body -Wendif-labels -Wfloat-equal -Wignored-qualifiers -Wno-format-nonliteral -Wno-sign-conversion -Wno-system-headers -Wstrict-prototypes -Wtype-limits -Wvla -Wmissing-parameter-type -Wold-style-declaration -Wstrict-aliasing=3 -Wformat=2 -Warray-bounds=2 -ftree-vrp -Wduplicated-cond -Wnull-dereference -fdelete-null-pointer-checks -Wshift-negative-value -Wshift-overflow=2 -Walloc-zero -Wduplicated-branches -Wformat-overflow=2 -Wformat-truncation=1 -Wrestrict -Warith-conversion -Wdouble-promotion -Wenum-conversion -Wunused-const-variable  -o CMakeFiles/cmTC_715df.dir/HAVE_NETINET_IN_H.c.o -c /root/my_pistache_api/build/CMakeFiles/CheckIncludeFiles/HAVE_NETINET_IN_H.c
Linking C executable cmTC_715df
/usr/bin/cmake -E cmake_link_script CMakeFiles/cmTC_715df.dir/link.txt --verbose=1
/usr/bin/cc   -W -Wall -pedantic -Wbad-function-cast -Wconversion -Winline -Wmissing-declarations -Wmissing-prototypes -Wnested-externs -Wno-long-long -Wno-multichar -Wpointer-arith -Wshadow -Wsign-compare -Wundef -Wunused -Wwrite-strings -Wcast-align -Wdeclaration-after-statement -Wempty-body -Wendif-labels -Wfloat-equal -Wignored-qualifiers -Wno-format-nonliteral -Wno-sign-conversion -Wno-system-headers -Wstrict-prototypes -Wtype-limits -Wvla -Wmissing-parameter-type -Wold-style-declaration -Wstrict-aliasing=3 -Wformat=2 -Warray-bounds=2 -ftree-vrp -Wduplicated-cond -Wnull-dereference -fdelete-null-pointer-checks -Wshift-negative-value -Wshift-overflow=2 -Walloc-zero -Wduplicated-branches -Wformat-overflow=2 -Wformat-truncation=1 -Wrestrict -Warith-conversion -Wdouble-promotion -Wenum-conversion -Wunused-const-variable  CMakeFiles/cmTC_715df.dir/HAVE_NETINET_IN_H.c.o -o cmTC_715df 
gmake[1]: Leaving directory '/root/my_pistache_api/build/CMakeFiles/CMakeTmp'



Determining if files inttypes.h;sys/wait.h;sys/ioctl.h;sys/param.h;sys/poll.h;sys/resource.h;sys/select.h;sys/socket.h;sys/stat.h;sys/time.h;sys/types.h;sys/un.h;sys/xattr.h;arpa/inet.h;fcntl.h;ifaddrs.h;libgen.h;locale.h;net/if.h;netdb.h;netinet/in.h;netinet/tcp.h exist passed with the following output:
Change Dir: /root/my_pistache_api/build/CMakeFiles/CMakeTmp

Run Build Command(s):/usr/bin/gmake -f Makefile cmTC_0667e/fast && /usr/bin/gmake  -f CMakeFiles/cmTC_0667e.dir/build.make CMakeFiles/cmTC_0667e.dir/build
gmake[1]: Entering directory '/root/my_pistache_api/build/CMakeFiles/CMakeTmp'
Building C object CMakeFiles/cmTC_0667e.dir/HAVE_NETINET_TCP_H.c.o
/usr/bin/cc   -W -Wall -pedantic -Wbad-function-cast -Wconversion -Winline -Wmissing-declarations -Wmissing-prototypes -Wnested-externs -Wno-long-long -Wno-multichar -Wpointer-arith -Wshadow -Wsign-compare -Wundef -Wunused -Wwrite-strings -Wcast-align -Wdeclaration-after-statement -Wempty-body -Wendif-labels -Wfloat-equal -Wignored-qualifiers -Wno-format-nonliteral -Wno-sign-conversion -Wno-system-headers -Wstrict-prototypes -Wtype-limits -Wvla -Wmissing-parameter-type -Wold-style-declaration -Wstrict-aliasing=3 -Wformat=2 -Warray-bounds=2 -ftree-vrp -Wduplicated-cond -Wnull-dereference -fdelete-null-pointer-checks -Wshift-negative-value -Wshift-overflow=2 -Walloc-zero -Wduplicated-branches -Wformat-overflow=2 -Wformat-truncation=1 -Wrestrict -Warith-conversion -Wdouble-promotion -Wenum-conversion -Wunused-const-variable  -o CMakeFiles/cmTC_0667e.dir/HAVE_NETINET_TCP_H.c.o -c /root/my_pistache_api/build/CMakeFiles/CheckIncludeFiles/HAVE_NETINET_TCP_H.c
Linking C executable cmTC_0667e
/usr/bin/cmake -E cmake_link_script CMakeFiles/cmTC_0667e.dir/link.txt --verbose=1
/usr/bin/cc   -W -Wall -pedantic -Wbad-function-cast -Wconversion -Winline -Wmissing-declarations -Wmissing-prototypes -Wnested-externs -Wno-long-long -Wno-multichar -Wpointer-arith -Wshadow -Wsign-compare -Wundef -Wunused -Wwrite-strings -Wcast-align -Wdeclaration-after-statement -Wempty-body -Wendif-labels -Wfloat-equal -Wignored-qualifiers -Wno-format-nonliteral -Wno-sign-conversion -Wno-system-headers -Wstrict-prototypes -Wtype-limits -Wvla -Wmissing-parameter-type -Wold-style-declaration -Wstrict-aliasing=3 -Wformat=2 -Warray-bounds=2 -ftree-vrp -Wduplicated-cond -Wnull-dereference -fdelete-null-pointer-checks -Wshift-negative-value -Wshift-overflow=2 -Walloc-zero -Wduplicated-branches -Wformat-overflow=2 -Wformat-truncation=1 -Wrestrict -Warith-conversion -Wdouble-promotion -Wenum-conversion -Wunused-const-variable  CMakeFiles/cmTC_0667e.dir/HAVE_NETINET_TCP_H.c.o -o cmTC_0667e 
gmake[1]: Leaving directory '/root/my_pistache_api/build/CMakeFiles/CMakeTmp'



Determining if files inttypes.h;sys/wait.h;sys/ioctl.h;sys/param.h;sys/poll.h;sys/resource.h;sys/select.h;sys/socket.h;sys/stat.h;sys/time.h;sys/types.h;sys/un.h;sys/xattr.h;arpa/inet.h;fcntl.h;ifaddrs.h;libgen.h;locale.h;net/if.h;netdb.h;netinet/in.h;netinet/tcp.h;netinet/udp.h exist passed with the following output:
Change Dir: /root/my_pistache_api/build/CMakeFiles/CMakeTmp

Run Build Command(s):/usr/bin/gmake -f Makefile cmTC_f96a5/fast && /usr/bin/gmake  -f CMakeFiles/cmTC_f96a5.dir/build.make CMakeFiles/cmTC_f96a5.dir/build
gmake[1]: Entering directory '/root/my_pistache_api/build/CMakeFiles/CMakeTmp'
Building C object CMakeFiles/cmTC_f96a5.dir/HAVE_NETINET_UDP_H.c.o
/usr/bin/cc   -W -Wall -pedantic -Wbad-function-cast -Wconversion -Winline -Wmissing-declarations -Wmissing-prototypes -Wnested-externs -Wno-long-long -Wno-multichar -Wpointer-arith -Wshadow -Wsign-compare -Wundef -Wunused -Wwrite-strings -Wcast-align -Wdeclaration-after-statement -Wempty-body -Wendif-labels -Wfloat-equal -Wignored-qualifiers -Wno-format-nonliteral -Wno-sign-conversion -Wno-system-headers -Wstrict-prototypes -Wtype-limits -Wvla -Wmissing-parameter-type -Wold-style-declaration -Wstrict-aliasing=3 -Wformat=2 -Warray-bounds=2 -ftree-vrp -Wduplicated-cond -Wnull-dereference -fdelete-null-pointer-checks -Wshift-negative-value -Wshift-overflow=2 -Walloc-zero -Wduplicated-branches -Wformat-overflow=2 -Wformat-truncation=1 -Wrestrict -Warith-conversion -Wdouble-promotion -Wenum-conversion -Wunused-const-variable  -o CMakeFiles/cmTC_f96a5.dir/HAVE_NETINET_UDP_H.c.o -c /root/my_pistache_api/build/CMakeFiles/CheckIncludeFiles/HAVE_NETINET_UDP_H.c
Linking C executable cmTC_f96a5
/usr/bin/cmake -E cmake_link_script CMakeFiles/cmTC_f96a5.dir/link.txt --verbose=1
/usr/bin/cc   -W -Wall -pedantic -Wbad-function-cast -Wconversion -Winline -Wmissing-declarations -Wmissing-prototypes -Wnested-externs -Wno-long-long -Wno-multichar -Wpointer-arith -Wshadow -Wsign-compare -Wundef -Wunused -Wwrite-strings -Wcast-align -Wdeclaration-after-statement -Wempty-body -Wendif-labels -Wfloat-equal -Wignored-qualifiers -Wno-format-nonliteral -Wno-sign-conversion -Wno-system-headers -Wstrict-prototypes -Wtype-limits -Wvla -Wmissing-parameter-type -Wold-style-declaration -Wstrict-aliasing=3 -Wformat=2 -Warray-bounds=2 -ftree-vrp -Wduplicated-cond -Wnull-dereference -fdelete-null-pointer-checks -Wshift-negative-value -Wshift-overflow=2 -Walloc-zero -Wduplicated-branches -Wformat-overflow=2 -Wformat-truncation=1 -Wrestrict -Warith-conversion -Wdouble-promotion -Wenum-conversion -Wunused-const-variable  CMakeFiles/cmTC_f96a5.dir/HAVE_NETINET_UDP_H.c.o -o cmTC_f96a5 
gmake[1]: Leaving directory '/root/my_pistache_api/build/CMakeFiles/CMakeTmp'



Determining if the include file linux/tcp.h exists passed with the following output:
Change Dir: /root/my_pistache_api/build/CMakeFiles/CMakeTmp

Run Build Command(s):/usr/bin/gmake -f Makefile cmTC_aa7c1/fast && /usr/bin/gmake  -f CMakeFiles/cmTC_aa7c1.dir/build.make CMakeFiles/cmTC_aa7c1.dir/build
gmake[1]: Entering directory '/root/my_pistache_api/build/CMakeFiles/CMakeTmp'
Building C object CMakeFiles/cmTC_aa7c1.dir/CheckIncludeFile.c.o
/usr/bin/cc   -W -Wall -pedantic -Wbad-function-cast -Wconversion -Winline -Wmissing-declarations -Wmissing-prototypes -Wnested-externs -Wno-long-long -Wno-multichar -Wpointer-arith -Wshadow -Wsign-compare -Wundef -Wunused -Wwrite-strings -Wcast-align -Wdeclaration-after-statement -Wempty-body -Wendif-labels -Wfloat-equal -Wignored-qualifiers -Wno-format-nonliteral -Wno-sign-conversion -Wno-system-headers -Wstrict-prototypes -Wtype-limits -Wvla -Wmissing-parameter-type -Wold-style-declaration -Wstrict-aliasing=3 -Wformat=2 -Warray-bounds=2 -ftree-vrp -Wduplicated-cond -Wnull-dereference -fdelete-null-pointer-checks -Wshift-negative-value -Wshift-overflow=2 -Walloc-zero -Wduplicated-branches -Wformat-overflow=2 -Wformat-truncation=1 -Wrestrict -Warith-conversion -Wdouble-promotion -Wenum-conversion -Wunused-const-variable  -o CMakeFiles/cmTC_aa7c1.dir/CheckIncludeFile.c.o -c /root/my_pistache_api/build/CMakeFiles/CMakeTmp/CheckIncludeFile.c
Linking C executable cmTC_aa7c1
/usr/bin/cmake -E cmake_link_script CMakeFiles/cmTC_aa7c1.dir/link.txt --verbose=1
/usr/bin/cc   -W -Wall -pedantic -Wbad-function-cast -Wconversion -Winline -Wmissing-declarations -Wmissing-prototypes -Wnested-externs -Wno-long-long -Wno-multichar -Wpointer-arith -Wshadow -Wsign-compare -Wundef -Wunused -Wwrite-strings -Wcast-align -Wdeclaration-after-statement -Wempty-body -Wendif-labels -Wfloat-equal -Wignored-qualifiers -Wno-format-nonliteral -Wno-sign-conversion -Wno-system-headers -Wstrict-prototypes -Wtype-limits -Wvla -Wmissing-parameter-type -Wold-style-declaration -Wstrict-aliasing=3 -Wformat=2 -Warray-bounds=2 -ftree-vrp -Wduplicated-cond -Wnull-dereference -fdelete-null-pointer-checks -Wshift-negative-value -Wshift-overflow=2 -Walloc-zero -Wduplicated-branches -Wformat-overflow=2 -Wformat-truncation=1 -Wrestrict -Warith-conversion -Wdouble-promotion -Wenum-conversion -Wunused-const-variable  CMakeFiles/cmTC_aa7c1.dir/CheckIncludeFile.c.o -o cmTC_aa7c1 
gmake[1]: Leaving directory '/root/my_pistache_api/build/CMakeFiles/CMakeTmp'



Determining if files inttypes.h;sys/wait.h;sys/ioctl.h;sys/param.h;sys/poll.h;sys/resource.h;sys/select.h;sys/socket.h;sys/stat.h;sys/time.h;sys/types.h;sys/un.h;sys/xattr.h;arpa/inet.h;fcntl.h;ifaddrs.h;libgen.h;locale.h;net/if.h;netdb.h;netinet/in.h;netinet/tcp.h;netinet/udp.h;poll.h exist passed with the following output:
Change Dir: /root/my_pistache_api/build/CMakeFiles/CMakeTmp

Run Build Command(s):/usr/bin/gmake -f Makefile cmTC_fbd74/fast && /usr/bin/gmake  -f CMakeFiles/cmTC_fbd74.dir/build.make CMakeFiles/cmTC_fbd74.dir/build
gmake[1]: Entering directory '/root/my_pistache_api/build/CMakeFiles/CMakeTmp'
Building C object CMakeFiles/cmTC_fbd74.dir/HAVE_POLL_H.c.o
/usr/bin/cc   -W -Wall -pedantic -Wbad-function-cast -Wconversion -Winline -Wmissing-declarations -Wmissing-prototypes -Wnested-externs -Wno-long-long -Wno-multichar -Wpointer-arith -Wshadow -Wsign-compare -Wundef -Wunused -Wwrite-strings -Wcast-align -Wdeclaration-after-statement -Wempty-body -Wendif-labels -Wfloat-equal -Wignored-qualifiers -Wno-format-nonliteral -Wno-sign-conversion -Wno-system-headers -Wstrict-prototypes -Wtype-limits -Wvla -Wmissing-parameter-type -Wold-style-declaration -Wstrict-aliasing=3 -Wformat=2 -Warray-bounds=2 -ftree-vrp -Wduplicated-cond -Wnull-dereference -fdelete-null-pointer-checks -Wshift-negative-value -Wshift-overflow=2 -Walloc-zero -Wduplicated-branches -Wformat-overflow=2 -Wformat-truncation=1 -Wrestrict -Warith-conversion -Wdouble-promotion -Wenum-conversion -Wunused-const-variable  -o CMakeFiles/cmTC_fbd74.dir/HAVE_POLL_H.c.o -c /root/my_pistache_api/build/CMakeFiles/CheckIncludeFiles/HAVE_POLL_H.c
Linking C executable cmTC_fbd74
/usr/bin/cmake -E cmake_link_script CMakeFiles/cmTC_fbd74.dir/link.txt --verbose=1
/usr/bin/cc   -W -Wall -pedantic -Wbad-function-cast -Wconversion -Winline -Wmissing-declarations -Wmissing-prototypes -Wnested-externs -Wno-long-long -Wno-multichar -Wpointer-arith -Wshadow -Wsign-compare -Wundef -Wunused -Wwrite-strings -Wcast-align -Wdeclaration-after-statement -Wempty-body -Wendif-labels -Wfloat-equal -Wignored-qualifiers -Wno-format-nonliteral -Wno-sign-conversion -Wno-system-headers -Wstrict-prototypes -Wtype-limits -Wvla -Wmissing-parameter-type -Wold-style-declaration -Wstrict-aliasing=3 -Wformat=2 -Warray-bounds=2 -ftree-vrp -Wduplicated-cond -Wnull-dereference -fdelete-null-pointer-checks -Wshift-negative-value -Wshift-overflow=2 -Walloc-zero -Wduplicated-branches -Wformat-overflow=2 -Wformat-truncation=1 -Wrestrict -Warith-conversion -Wdouble-promotion -Wenum-conversion -Wunused-const-variable  CMakeFiles/cmTC_fbd74.dir/HAVE_POLL_H.c.o -o cmTC_fbd74 
gmake[1]: Leaving directory '/root/my_pistache_api/build/CMakeFiles/CMakeTmp'



Determining if files inttypes.h;sys/wait.h;sys/ioctl.h;sys/param.h;sys/poll.h;sys/resource.h;sys/select.h;sys/socket.h;sys/stat.h;sys/time.h;sys/types.h;sys/un.h;sys/xattr.h;arpa/inet.h;fcntl.h;ifaddrs.h;libgen.h;locale.h;net/if.h;netdb.h;netinet/in.h;netinet/tcp.h;netinet/udp.h;poll.h;pwd.h exist passed with the following output:
Change Dir: /root/my_pistache_api/build/CMakeFiles/CMakeTmp

Run Build Command(s):/usr/bin/gmake -f Makefile cmTC_73622/fast && /usr/bin/gmake  -f CMakeFiles/cmTC_73622.dir/build.make CMakeFiles/cmTC_73622.dir/build
gmake[1]: Entering directory '/root/my_pistache_api/build/CMakeFiles/CMakeTmp'
Building C object CMakeFiles/cmTC_73622.dir/HAVE_PWD_H.c.o
/usr/bin/cc   -W -Wall -pedantic -Wbad-function-cast -Wconversion -Winline -Wmissing-declarations -Wmissing-prototypes -Wnested-externs -Wno-long-long -Wno-multichar -Wpointer-arith -Wshadow -Wsign-compare -Wundef -Wunused -Wwrite-strings -Wcast-align -Wdeclaration-after-statement -Wempty-body -Wendif-labels -Wfloat-equal -Wignored-qualifiers -Wno-format-nonliteral -Wno-sign-conversion -Wno-system-headers -Wstrict-prototypes -Wtype-limits -Wvla -Wmissing-parameter-type -Wold-style-declaration -Wstrict-aliasing=3 -Wformat=2 -Warray-bounds=2 -ftree-vrp -Wduplicated-cond -Wnull-dereference -fdelete-null-pointer-checks -Wshift-negative-value -Wshift-overflow=2 -Walloc-zero -Wduplicated-branches -Wformat-overflow=2 -Wformat-truncation=1 -Wrestrict -Warith-conversion -Wdouble-promotion -Wenum-conversion -Wunused-const-variable  -o CMakeFiles/cmTC_73622.dir/HAVE_PWD_H.c.o -c /root/my_pistache_api/build/CMakeFiles/CheckIncludeFiles/HAVE_PWD_H.c
Linking C executable cmTC_73622
/usr/bin/cmake -E cmake_link_script CMakeFiles/cmTC_73622.dir/link.txt --verbose=1
/usr/bin/cc   -W -Wall -pedantic -Wbad-function-cast -Wconversion -Winline -Wmissing-declarations -Wmissing-prototypes -Wnested-externs -Wno-long-long -Wno-multichar -Wpointer-arith -Wshadow -Wsign-compare -Wundef -Wunused -Wwrite-strings -Wcast-align -Wdeclaration-after-statement -Wempty-body -Wendif-labels -Wfloat-equal -Wignored-qualifiers -Wno-format-nonliteral -Wno-sign-conversion -Wno-system-headers -Wstrict-prototypes -Wtype-limits -Wvla -Wmissing-parameter-type -Wold-style-declaration -Wstrict-aliasing=3 -Wformat=2 -Warray-bounds=2 -ftree-vrp -Wduplicated-cond -Wnull-dereference -fdelete-null-pointer-checks -Wshift-negative-value -Wshift-overflow=2 -Walloc-zero -Wduplicated-branches -Wformat-overflow=2 -Wformat-truncation=1 -Wrestrict -Warith-conversion -Wdouble-promotion -Wenum-conversion -Wunused-const-variable  CMakeFiles/cmTC_73622.dir/HAVE_PWD_H.c.o -o cmTC_73622 
gmake[1]: Leaving directory '/root/my_pistache_api/build/CMakeFiles/CMakeTmp'



Determining if files inttypes.h;sys/wait.h;sys/ioctl.h;sys/param.h;sys/poll.h;sys/resource.h;sys/select.h;sys/socket.h;sys/stat.h;sys/time.h;sys/types.h;sys/un.h;sys/xattr.h;arpa/inet.h;fcntl.h;ifaddrs.h;libgen.h;locale.h;net/if.h;netdb.h;netinet/in.h;netinet/tcp.h;netinet/udp.h;poll.h;pwd.h;stdatomic.h exist passed with the following output:
Change Dir: /root/my_pistache_api/build/CMakeFiles/CMakeTmp

Run Build Command(s):/usr/bin/gmake -f Makefile cmTC_24689/fast && /usr/bin/gmake  -f CMakeFiles/cmTC_24689.dir/build.make CMakeFiles/cmTC_24689.dir/build
gmake[1]: Entering directory '/root/my_pistache_api/build/CMakeFiles/CMakeTmp'
Building C object CMakeFiles/cmTC_24689.dir/HAVE_STDATOMIC_H.c.o
/usr/bin/cc   -W -Wall -pedantic -Wbad-function-cast -Wconversion -Winline -Wmissing-declarations -Wmissing-prototypes -Wnested-externs -Wno-long-long -Wno-multichar -Wpointer-arith -Wshadow -Wsign-compare -Wundef -Wunused -Wwrite-strings -Wcast-align -Wdeclaration-after-statement -Wempty-body -Wendif-labels -Wfloat-equal -Wignored-qualifiers -Wno-format-nonliteral -Wno-sign-conversion -Wno-system-headers -Wstrict-prototypes -Wtype-limits -Wvla -Wmissing-parameter-type -Wold-style-declaration -Wstrict-aliasing=3 -Wformat=2 -Warray-bounds=2 -ftree-vrp -Wduplicated-cond -Wnull-dereference -fdelete-null-pointer-checks -Wshift-negative-value -Wshift-overflow=2 -Walloc-zero -Wduplicated-branches -Wformat-overflow=2 -Wformat-truncation=1 -Wrestrict -Warith-conversion -Wdouble-promotion -Wenum-conversion -Wunused-const-variable  -o CMakeFiles/cmTC_24689.dir/HAVE_STDATOMIC_H.c.o -c /root/my_pistache_api/build/CMakeFiles/CheckIncludeFiles/HAVE_STDATOMIC_H.c
Linking C executable cmTC_24689
/usr/bin/cmake -E cmake_link_script CMakeFiles/cmTC_24689.dir/link.txt --verbose=1
/usr/bin/cc   -W -Wall -pedantic -Wbad-function-cast -Wconversion -Winline -Wmissing-declarations -Wmissing-prototypes -Wnested-externs -Wno-long-long -Wno-multichar -Wpointer-arith -Wshadow -Wsign-compare -Wundef -Wunused -Wwrite-strings -Wcast-align -Wdeclaration-after-statement -Wempty-body -Wendif-labels -Wfloat-equal -Wignored-qualifiers -Wno-format-nonliteral -Wno-sign-conversion -Wno-system-headers -Wstrict-prototypes -Wtype-limits -Wvla -Wmissing-parameter-type -Wold-style-declaration -Wstrict-aliasing=3 -Wformat=2 -Warray-bounds=2 -ftree-vrp -Wduplicated-cond -Wnull-dereference -fdelete-null-pointer-checks -Wshift-negative-value -Wshift-overflow=2 -Walloc-zero -Wduplicated-branches -Wformat-overflow=2 -Wformat-truncation=1 -Wrestrict -Warith-conversion -Wdouble-promotion -Wenum-conversion -Wunused-const-variable  CMakeFiles/cmTC_24689.dir/HAVE_STDATOMIC_H.c.o -o cmTC_24689 
gmake[1]: Leaving directory '/root/my_pistache_api/build/CMakeFiles/CMakeTmp'



Determining if files inttypes.h;sys/wait.h;sys/ioctl.h;sys/param.h;sys/poll.h;sys/resource.h;sys/select.h;sys/socket.h;sys/stat.h;sys/time.h;sys/types.h;sys/un.h;sys/xattr.h;arpa/inet.h;fcntl.h;ifaddrs.h;libgen.h;locale.h;net/if.h;netdb.h;netinet/in.h;netinet/tcp.h;netinet/udp.h;poll.h;pwd.h;stdatomic.h;stdbool.h exist passed with the following output:
Change Dir: /root/my_pistache_api/build/CMakeFiles/CMakeTmp

Run Build Command(s):/usr/bin/gmake -f Makefile cmTC_013b5/fast && /usr/bin/gmake  -f CMakeFiles/cmTC_013b5.dir/build.make CMakeFiles/cmTC_013b5.dir/build
gmake[1]: Entering directory '/root/my_pistache_api/build/CMakeFiles/CMakeTmp'
Building C object CMakeFiles/cmTC_013b5.dir/HAVE_STDBOOL_H.c.o
/usr/bin/cc   -W -Wall -pedantic -Wbad-function-cast -Wconversion -Winline -Wmissing-declarations -Wmissing-prototypes -Wnested-externs -Wno-long-long -Wno-multichar -Wpointer-arith -Wshadow -Wsign-compare -Wundef -Wunused -Wwrite-strings -Wcast-align -Wdeclaration-after-statement -Wempty-body -Wendif-labels -Wfloat-equal -Wignored-qualifiers -Wno-format-nonliteral -Wno-sign-conversion -Wno-system-headers -Wstrict-prototypes -Wtype-limits -Wvla -Wmissing-parameter-type -Wold-style-declaration -Wstrict-aliasing=3 -Wformat=2 -Warray-bounds=2 -ftree-vrp -Wduplicated-cond -Wnull-dereference -fdelete-null-pointer-checks -Wshift-negative-value -Wshift-overflow=2 -Walloc-zero -Wduplicated-branches -Wformat-overflow=2 -Wformat-truncation=1 -Wrestrict -Warith-conversion -Wdouble-promotion -Wenum-conversion -Wunused-const-variable  -o CMakeFiles/cmTC_013b5.dir/HAVE_STDBOOL_H.c.o -c /root/my_pistache_api/build/CMakeFiles/CheckIncludeFiles/HAVE_STDBOOL_H.c
Linking C executable cmTC_013b5
/usr/bin/cmake -E cmake_link_script CMakeFiles/cmTC_013b5.dir/link.txt --verbose=1
/usr/bin/cc   -W -Wall -pedantic -Wbad-function-cast -Wconversion -Winline -Wmissing-declarations -Wmissing-prototypes -Wnested-externs -Wno-long-long -Wno-multichar -Wpointer-arith -Wshadow -Wsign-compare -Wundef -Wunused -Wwrite-strings -Wcast-align -Wdeclaration-after-statement -Wempty-body -Wendif-labels -Wfloat-equal -Wignored-qualifiers -Wno-format-nonliteral -Wno-sign-conversion -Wno-system-headers -Wstrict-prototypes -Wtype-limits -Wvla -Wmissing-parameter-type -Wold-style-declaration -Wstrict-aliasing=3 -Wformat=2 -Warray-bounds=2 -ftree-vrp -Wduplicated-cond -Wnull-dereference -fdelete-null-pointer-checks -Wshift-negative-value -Wshift-overflow=2 -Walloc-zero -Wduplicated-branches -Wformat-overflow=2 -Wformat-truncation=1 -Wrestrict -Warith-conversion -Wdouble-promotion -Wenum-conversion -Wunused-const-variable  CMakeFiles/cmTC_013b5.dir/HAVE_STDBOOL_H.c.o -o cmTC_013b5 
gmake[1]: Leaving directory '/root/my_pistache_api/build/CMakeFiles/CMakeTmp'



Determining if files inttypes.h;sys/wait.h;sys/ioctl.h;sys/param.h;sys/poll.h;sys/resource.h;sys/select.h;sys/socket.h;sys/stat.h;sys/time.h;sys/types.h;sys/un.h;sys/xattr.h;arpa/inet.h;fcntl.h;ifaddrs.h;libgen.h;locale.h;net/if.h;netdb.h;netinet/in.h;netinet/tcp.h;netinet/udp.h;poll.h;pwd.h;stdatomic.h;stdbool.h;stdint.h;strings.h exist passed with the following output:
Change Dir: /root/my_pistache_api/build/CMakeFiles/CMakeTmp

Run Build Command(s):/usr/bin/gmake -f Makefile cmTC_13fbc/fast && /usr/bin/gmake  -f CMakeFiles/cmTC_13fbc.dir/build.make CMakeFiles/cmTC_13fbc.dir/build
gmake[1]: Entering directory '/root/my_pistache_api/build/CMakeFiles/CMakeTmp'
Building C object CMakeFiles/cmTC_13fbc.dir/HAVE_STRINGS_H.c.o
/usr/bin/cc   -W -Wall -pedantic -Wbad-function-cast -Wconversion -Winline -Wmissing-declarations -Wmissing-prototypes -Wnested-externs -Wno-long-long -Wno-multichar -Wpointer-arith -Wshadow -Wsign-compare -Wundef -Wunused -Wwrite-strings -Wcast-align -Wdeclaration-after-statement -Wempty-body -Wendif-labels -Wfloat-equal -Wignored-qualifiers -Wno-format-nonliteral -Wno-sign-conversion -Wno-system-headers -Wstrict-prototypes -Wtype-limits -Wvla -Wmissing-parameter-type -Wold-style-declaration -Wstrict-aliasing=3 -Wformat=2 -Warray-bounds=2 -ftree-vrp -Wduplicated-cond -Wnull-dereference -fdelete-null-pointer-checks -Wshift-negative-value -Wshift-overflow=2 -Walloc-zero -Wduplicated-branches -Wformat-overflow=2 -Wformat-truncation=1 -Wrestrict -Warith-conversion -Wdouble-promotion -Wenum-conversion -Wunused-const-variable  -o CMakeFiles/cmTC_13fbc.dir/HAVE_STRINGS_H.c.o -c /root/my_pistache_api/build/CMakeFiles/CheckIncludeFiles/HAVE_STRINGS_H.c
Linking C executable cmTC_13fbc
/usr/bin/cmake -E cmake_link_script CMakeFiles/cmTC_13fbc.dir/link.txt --verbose=1
/usr/bin/cc   -W -Wall -pedantic -Wbad-function-cast -Wconversion -Winline -Wmissing-declarations -Wmissing-prototypes -Wnested-externs -Wno-long-long -Wno-multichar -Wpointer-arith -Wshadow -Wsign-compare -Wundef -Wunused -Wwrite-strings -Wcast-align -Wdeclaration-after-statement -Wempty-body -Wendif-labels -Wfloat-equal -Wignored-qualifiers -Wno-format-nonliteral -Wno-sign-conversion -Wno-system-headers -Wstrict-prototypes -Wtype-limits -Wvla -Wmissing-parameter-type -Wold-style-declaration -Wstrict-aliasing=3 -Wformat=2 -Warray-bounds=2 -ftree-vrp -Wduplicated-cond -Wnull-dereference -fdelete-null-pointer-checks -Wshift-negative-value -Wshift-overflow=2 -Walloc-zero -Wduplicated-branches -Wformat-overflow=2 -Wformat-truncation=1 -Wrestrict -Warith-conversion -Wdouble-promotion -Wenum-conversion -Wunused-const-variable  CMakeFiles/cmTC_13fbc.dir/HAVE_STRINGS_H.c.o -o cmTC_13fbc 
gmake[1]: Leaving directory '/root/my_pistache_api/build/CMakeFiles/CMakeTmp'



Determining if files inttypes.h;sys/wait.h;sys/ioctl.h;sys/param.h;sys/poll.h;sys/resource.h;sys/select.h;sys/socket.h;sys/stat.h;sys/time.h;sys/types.h;sys/un.h;sys/xattr.h;arpa/inet.h;fcntl.h;ifaddrs.h;libgen.h;locale.h;net/if.h;netdb.h;netinet/in.h;netinet/tcp.h;netinet/udp.h;poll.h;pwd.h;stdatomic.h;stdbool.h;stdint.h;strings.h;termio.h exist passed with the following output:
Change Dir: /root/my_pistache_api/build/CMakeFiles/CMakeTmp

Run Build Command(s):/usr/bin/gmake -f Makefile cmTC_18509/fast && /usr/bin/gmake  -f CMakeFiles/cmTC_18509.dir/build.make CMakeFiles/cmTC_18509.dir/build
gmake[1]: Entering directory '/root/my_pistache_api/build/CMakeFiles/CMakeTmp'
Building C object CMakeFiles/cmTC_18509.dir/HAVE_TERMIO_H.c.o
/usr/bin/cc   -W -Wall -pedantic -Wbad-function-cast -Wconversion -Winline -Wmissing-declarations -Wmissing-prototypes -Wnested-externs -Wno-long-long -Wno-multichar -Wpointer-arith -Wshadow -Wsign-compare -Wundef -Wunused -Wwrite-strings -Wcast-align -Wdeclaration-after-statement -Wempty-body -Wendif-labels -Wfloat-equal -Wignored-qualifiers -Wno-format-nonliteral -Wno-sign-conversion -Wno-system-headers -Wstrict-prototypes -Wtype-limits -Wvla -Wmissing-parameter-type -Wold-style-declaration -Wstrict-aliasing=3 -Wformat=2 -Warray-bounds=2 -ftree-vrp -Wduplicated-cond -Wnull-dereference -fdelete-null-pointer-checks -Wshift-negative-value -Wshift-overflow=2 -Walloc-zero -Wduplicated-branches -Wformat-overflow=2 -Wformat-truncation=1 -Wrestrict -Warith-conversion -Wdouble-promotion -Wenum-conversion -Wunused-const-variable  -o CMakeFiles/cmTC_18509.dir/HAVE_TERMIO_H.c.o -c /root/my_pistache_api/build/CMakeFiles/CheckIncludeFiles/HAVE_TERMIO_H.c
Linking C executable cmTC_18509
/usr/bin/cmake -E cmake_link_script CMakeFiles/cmTC_18509.dir/link.txt --verbose=1
/usr/bin/cc   -W -Wall -pedantic -Wbad-function-cast -Wconversion -Winline -Wmissing-declarations -Wmissing-prototypes -Wnested-externs -Wno-long-long -Wno-multichar -Wpointer-arith -Wshadow -Wsign-compare -Wundef -Wunused -Wwrite-strings -Wcast-align -Wdeclaration-after-statement -Wempty-body -Wendif-labels -Wfloat-equal -Wignored-qualifiers -Wno-format-nonliteral -Wno-sign-conversion -Wno-system-headers -Wstrict-prototypes -Wtype-limits -Wvla -Wmissing-parameter-type -Wold-style-declaration -Wstrict-aliasing=3 -Wformat=2 -Warray-bounds=2 -ftree-vrp -Wduplicated-cond -Wnull-dereference -fdelete-null-pointer-checks -Wshift-negative-value -Wshift-overflow=2 -Walloc-zero -Wduplicated-branches -Wformat-overflow=2 -Wformat-truncation=1 -Wrestrict -Warith-conversion -Wdouble-promotion -Wenum-conversion -Wunused-const-variable  CMakeFiles/cmTC_18509.dir/HAVE_TERMIO_H.c.o -o cmTC_18509 
gmake[1]: Leaving directory '/root/my_pistache_api/build/CMakeFiles/CMakeTmp'



Determining if files inttypes.h;sys/wait.h;sys/ioctl.h;sys/param.h;sys/poll.h;sys/resource.h;sys/select.h;sys/socket.h;sys/stat.h;sys/time.h;sys/types.h;sys/un.h;sys/xattr.h;arpa/inet.h;fcntl.h;ifaddrs.h;libgen.h;locale.h;net/if.h;netdb.h;netinet/in.h;netinet/tcp.h;netinet/udp.h;poll.h;pwd.h;stdatomic.h;stdbool.h;stdint.h;strings.h;termio.h;termios.h exist passed with the following output:
Change Dir: /root/my_pistache_api/build/CMakeFiles/CMakeTmp

Run Build Command(s):/usr/bin/gmake -f Makefile cmTC_0a4b3/fast && /usr/bin/gmake  -f CMakeFiles/cmTC_0a4b3.dir/build.make CMakeFiles/cmTC_0a4b3.dir/build
gmake[1]: Entering directory '/root/my_pistache_api/build/CMakeFiles/CMakeTmp'
Building C object CMakeFiles/cmTC_0a4b3.dir/HAVE_TERMIOS_H.c.o
/usr/bin/cc   -W -Wall -pedantic -Wbad-function-cast -Wconversion -Winline -Wmissing-declarations -Wmissing-prototypes -Wnested-externs -Wno-long-long -Wno-multichar -Wpointer-arith -Wshadow -Wsign-compare -Wundef -Wunused -Wwrite-strings -Wcast-align -Wdeclaration-after-statement -Wempty-body -Wendif-labels -Wfloat-equal -Wignored-qualifiers -Wno-format-nonliteral -Wno-sign-conversion -Wno-system-headers -Wstrict-prototypes -Wtype-limits -Wvla -Wmissing-parameter-type -Wold-style-declaration -Wstrict-aliasing=3 -Wformat=2 -Warray-bounds=2 -ftree-vrp -Wduplicated-cond -Wnull-dereference -fdelete-null-pointer-checks -Wshift-negative-value -Wshift-overflow=2 -Walloc-zero -Wduplicated-branches -Wformat-overflow=2 -Wformat-truncation=1 -Wrestrict -Warith-conversion -Wdouble-promotion -Wenum-conversion -Wunused-const-variable  -o CMakeFiles/cmTC_0a4b3.dir/HAVE_TERMIOS_H.c.o -c /root/my_pistache_api/build/CMakeFiles/CheckIncludeFiles/HAVE_TERMIOS_H.c
Linking C executable cmTC_0a4b3
/usr/bin/cmake -E cmake_link_script CMakeFiles/cmTC_0a4b3.dir/link.txt --verbose=1
/usr/bin/cc   -W -Wall -pedantic -Wbad-function-cast -Wconversion -Winline -Wmissing-declarations -Wmissing-prototypes -Wnested-externs -Wno-long-long -Wno-multichar -Wpointer-arith -Wshadow -Wsign-compare -Wundef -Wunused -Wwrite-strings -Wcast-align -Wdeclaration-after-statement -Wempty-body -Wendif-labels -Wfloat-equal -Wignored-qualifiers -Wno-format-nonliteral -Wno-sign-conversion -Wno-system-headers -Wstrict-prototypes -Wtype-limits -Wvla -Wmissing-parameter-type -Wold-style-declaration -Wstrict-aliasing=3 -Wformat=2 -Warray-bounds=2 -ftree-vrp -Wduplicated-cond -Wnull-dereference -fdelete-null-pointer-checks -Wshift-negative-value -Wshift-overflow=2 -Walloc-zero -Wduplicated-branches -Wformat-overflow=2 -Wformat-truncation=1 -Wrestrict -Warith-conversion -Wdouble-promotion -Wenum-conversion -Wunused-const-variable  CMakeFiles/cmTC_0a4b3.dir/HAVE_TERMIOS_H.c.o -o cmTC_0a4b3 
gmake[1]: Leaving directory '/root/my_pistache_api/build/CMakeFiles/CMakeTmp'



Determining if files inttypes.h;sys/wait.h;sys/ioctl.h;sys/param.h;sys/poll.h;sys/resource.h;sys/select.h;sys/socket.h;sys/stat.h;sys/time.h;sys/types.h;sys/un.h;sys/xattr.h;arpa/inet.h;fcntl.h;ifaddrs.h;libgen.h;locale.h;net/if.h;netdb.h;netinet/in.h;netinet/tcp.h;netinet/udp.h;poll.h;pwd.h;stdatomic.h;stdbool.h;stdint.h;strings.h;termio.h;termios.h;unistd.h;utime.h exist passed with the following output:
Change Dir: /root/my_pistache_api/build/CMakeFiles/CMakeTmp

Run Build Command(s):/usr/bin/gmake -f Makefile cmTC_e114f/fast && /usr/bin/gmake  -f CMakeFiles/cmTC_e114f.dir/build.make CMakeFiles/cmTC_e114f.dir/build
gmake[1]: Entering directory '/root/my_pistache_api/build/CMakeFiles/CMakeTmp'
Building C object CMakeFiles/cmTC_e114f.dir/HAVE_UTIME_H.c.o
/usr/bin/cc   -W -Wall -pedantic -Wbad-function-cast -Wconversion -Winline -Wmissing-declarations -Wmissing-prototypes -Wnested-externs -Wno-long-long -Wno-multichar -Wpointer-arith -Wshadow -Wsign-compare -Wundef -Wunused -Wwrite-strings -Wcast-align -Wdeclaration-after-statement -Wempty-body -Wendif-labels -Wfloat-equal -Wignored-qualifiers -Wno-format-nonliteral -Wno-sign-conversion -Wno-system-headers -Wstrict-prototypes -Wtype-limits -Wvla -Wmissing-parameter-type -Wold-style-declaration -Wstrict-aliasing=3 -Wformat=2 -Warray-bounds=2 -ftree-vrp -Wduplicated-cond -Wnull-dereference -fdelete-null-pointer-checks -Wshift-negative-value -Wshift-overflow=2 -Walloc-zero -Wduplicated-branches -Wformat-overflow=2 -Wformat-truncation=1 -Wrestrict -Warith-conversion -Wdouble-promotion -Wenum-conversion -Wunused-const-variable  -o CMakeFiles/cmTC_e114f.dir/HAVE_UTIME_H.c.o -c /root/my_pistache_api/build/CMakeFiles/CheckIncludeFiles/HAVE_UTIME_H.c
Linking C executable cmTC_e114f
/usr/bin/cmake -E cmake_link_script CMakeFiles/cmTC_e114f.dir/link.txt --verbose=1
/usr/bin/cc   -W -Wall -pedantic -Wbad-function-cast -Wconversion -Winline -Wmissing-declarations -Wmissing-prototypes -Wnested-externs -Wno-long-long -Wno-multichar -Wpointer-arith -Wshadow -Wsign-compare -Wundef -Wunused -Wwrite-strings -Wcast-align -Wdeclaration-after-statement -Wempty-body -Wendif-labels -Wfloat-equal -Wignored-qualifiers -Wno-format-nonliteral -Wno-sign-conversion -Wno-system-headers -Wstrict-prototypes -Wtype-limits -Wvla -Wmissing-parameter-type -Wold-style-declaration -Wstrict-aliasing=3 -Wformat=2 -Warray-bounds=2 -ftree-vrp -Wduplicated-cond -Wnull-dereference -fdelete-null-pointer-checks -Wshift-negative-value -Wshift-overflow=2 -Walloc-zero -Wduplicated-branches -Wformat-overflow=2 -Wformat-truncation=1 -Wrestrict -Warith-conversion -Wdouble-promotion -Wenum-conversion -Wunused-const-variable  CMakeFiles/cmTC_e114f.dir/HAVE_UTIME_H.c.o -o cmTC_e114f 
gmake[1]: Leaving directory '/root/my_pistache_api/build/CMakeFiles/CMakeTmp'



Determining size of size_t passed with the following output:
Change Dir: /root/my_pistache_api/build/CMakeFiles/CMakeTmp

Run Build Command(s):/usr/bin/gmake -f Makefile cmTC_8ff7c/fast && /usr/bin/gmake  -f CMakeFiles/cmTC_8ff7c.dir/build.make CMakeFiles/cmTC_8ff7c.dir/build
gmake[1]: Entering directory '/root/my_pistache_api/build/CMakeFiles/CMakeTmp'
Building C object CMakeFiles/cmTC_8ff7c.dir/SIZEOF_SIZE_T.c.o
/usr/bin/cc   -W -Wall -pedantic -Wbad-function-cast -Wconversion -Winline -Wmissing-declarations -Wmissing-prototypes -Wnested-externs -Wno-long-long -Wno-multichar -Wpointer-arith -Wshadow -Wsign-compare -Wundef -Wunused -Wwrite-strings -Wcast-align -Wdeclaration-after-statement -Wempty-body -Wendif-labels -Wfloat-equal -Wignored-qualifiers -Wno-format-nonliteral -Wno-sign-conversion -Wno-system-headers -Wstrict-prototypes -Wtype-limits -Wvla -Wmissing-parameter-type -Wold-style-declaration -Wstrict-aliasing=3 -Wformat=2 -Warray-bounds=2 -ftree-vrp -Wduplicated-cond -Wnull-dereference -fdelete-null-pointer-checks -Wshift-negative-value -Wshift-overflow=2 -Walloc-zero -Wduplicated-branches -Wformat-overflow=2 -Wformat-truncation=1 -Wrestrict -Warith-conversion -Wdouble-promotion -Wenum-conversion -Wunused-const-variable  -o CMakeFiles/cmTC_8ff7c.dir/SIZEOF_SIZE_T.c.o -c /root/my_pistache_api/build/CMakeFiles/CheckTypeSize/SIZEOF_SIZE_T.c
Linking C executable cmTC_8ff7c
/usr/bin/cmake -E cmake_link_script CMakeFiles/cmTC_8ff7c.dir/link.txt --verbose=1
/usr/bin/cc   -W -Wall -pedantic -Wbad-function-cast -Wconversion -Winline -Wmissing-declarations -Wmissing-prototypes -Wnested-externs -Wno-long-long -Wno-multichar -Wpointer-arith -Wshadow -Wsign-compare -Wundef -Wunused -Wwrite-strings -Wcast-align -Wdeclaration-after-statement -Wempty-body -Wendif-labels -Wfloat-equal -Wignored-qualifiers -Wno-format-nonliteral -Wno-sign-conversion -Wno-system-headers -Wstrict-prototypes -Wtype-limits -Wvla -Wmissing-parameter-type -Wold-style-declaration -Wstrict-aliasing=3 -Wformat=2 -Warray-bounds=2 -ftree-vrp -Wduplicated-cond -Wnull-dereference -fdelete-null-pointer-checks -Wshift-negative-value -Wshift-overflow=2 -Walloc-zero -Wduplicated-branches -Wformat-overflow=2 -Wformat-truncation=1 -Wrestrict -Warith-conversion -Wdouble-promotion -Wenum-conversion -Wunused-const-variable  CMakeFiles/cmTC_8ff7c.dir/SIZEOF_SIZE_T.c.o -o cmTC_8ff7c 
gmake[1]: Leaving directory '/root/my_pistache_api/build/CMakeFiles/CMakeTmp'



Determining size of ssize_t passed with the following output:
Change Dir: /root/my_pistache_api/build/CMakeFiles/CMakeTmp

Run Build Command(s):/usr/bin/gmake -f Makefile cmTC_a518c/fast && /usr/bin/gmake  -f CMakeFiles/cmTC_a518c.dir/build.make CMakeFiles/cmTC_a518c.dir/build
gmake[1]: Entering directory '/root/my_pistache_api/build/CMakeFiles/CMakeTmp'
Building C object CMakeFiles/cmTC_a518c.dir/SIZEOF_SSIZE_T.c.o
/usr/bin/cc   -W -Wall -pedantic -Wbad-function-cast -Wconversion -Winline -Wmissing-declarations -Wmissing-prototypes -Wnested-externs -Wno-long-long -Wno-multichar -Wpointer-arith -Wshadow -Wsign-compare -Wundef -Wunused -Wwrite-strings -Wcast-align -Wdeclaration-after-statement -Wempty-body -Wendif-labels -Wfloat-equal -Wignored-qualifiers -Wno-format-nonliteral -Wno-sign-conversion -Wno-system-headers -Wstrict-prototypes -Wtype-limits -Wvla -Wmissing-parameter-type -Wold-style-declaration -Wstrict-aliasing=3 -Wformat=2 -Warray-bounds=2 -ftree-vrp -Wduplicated-cond -Wnull-dereference -fdelete-null-pointer-checks -Wshift-negative-value -Wshift-overflow=2 -Walloc-zero -Wduplicated-branches -Wformat-overflow=2 -Wformat-truncation=1 -Wrestrict -Warith-conversion -Wdouble-promotion -Wenum-conversion -Wunused-const-variable  -o CMakeFiles/cmTC_a518c.dir/SIZEOF_SSIZE_T.c.o -c /root/my_pistache_api/build/CMakeFiles/CheckTypeSize/SIZEOF_SSIZE_T.c
Linking C executable cmTC_a518c
/usr/bin/cmake -E cmake_link_script CMakeFiles/cmTC_a518c.dir/link.txt --verbose=1
/usr/bin/cc   -W -Wall -pedantic -Wbad-function-cast -Wconversion -Winline -Wmissing-declarations -Wmissing-prototypes -Wnested-externs -Wno-long-long -Wno-multichar -Wpointer-arith -Wshadow -Wsign-compare -Wundef -Wunused -Wwrite-strings -Wcast-align -Wdeclaration-after-statement -Wempty-body -Wendif-labels -Wfloat-equal -Wignored-qualifiers -Wno-format-nonliteral -Wno-sign-conversion -Wno-system-headers -Wstrict-prototypes -Wtype-limits -Wvla -Wmissing-parameter-type -Wold-style-declaration -Wstrict-aliasing=3 -Wformat=2 -Warray-bounds=2 -ftree-vrp -Wduplicated-cond -Wnull-dereference -fdelete-null-pointer-checks -Wshift-negative-value -Wshift-overflow=2 -Walloc-zero -Wduplicated-branches -Wformat-overflow=2 -Wformat-truncation=1 -Wrestrict -Warith-conversion -Wdouble-promotion -Wenum-conversion -Wunused-const-variable  CMakeFiles/cmTC_a518c.dir/SIZEOF_SSIZE_T.c.o -o cmTC_a518c 
gmake[1]: Leaving directory '/root/my_pistache_api/build/CMakeFiles/CMakeTmp'



Determining size of long long passed with the following output:
Change Dir: /root/my_pistache_api/build/CMakeFiles/CMakeTmp

Run Build Command(s):/usr/bin/gmake -f Makefile cmTC_b8b78/fast && /usr/bin/gmake  -f CMakeFiles/cmTC_b8b78.dir/build.make CMakeFiles/cmTC_b8b78.dir/build
gmake[1]: Entering directory '/root/my_pistache_api/build/CMakeFiles/CMakeTmp'
Building C object CMakeFiles/cmTC_b8b78.dir/SIZEOF_LONG_LONG.c.o
/usr/bin/cc   -W -Wall -pedantic -Wbad-function-cast -Wconversion -Winline -Wmissing-declarations -Wmissing-prototypes -Wnested-externs -Wno-long-long -Wno-multichar -Wpointer-arith -Wshadow -Wsign-compare -Wundef -Wunused -Wwrite-strings -Wcast-align -Wdeclaration-after-statement -Wempty-body -Wendif-labels -Wfloat-equal -Wignored-qualifiers -Wno-format-nonliteral -Wno-sign-conversion -Wno-system-headers -Wstrict-prototypes -Wtype-limits -Wvla -Wmissing-parameter-type -Wold-style-declaration -Wstrict-aliasing=3 -Wformat=2 -Warray-bounds=2 -ftree-vrp -Wduplicated-cond -Wnull-dereference -fdelete-null-pointer-checks -Wshift-negative-value -Wshift-overflow=2 -Walloc-zero -Wduplicated-branches -Wformat-overflow=2 -Wformat-truncation=1 -Wrestrict -Warith-conversion -Wdouble-promotion -Wenum-conversion -Wunused-const-variable  -o CMakeFiles/cmTC_b8b78.dir/SIZEOF_LONG_LONG.c.o -c /root/my_pistache_api/build/CMakeFiles/CheckTypeSize/SIZEOF_LONG_LONG.c
Linking C executable cmTC_b8b78
/usr/bin/cmake -E cmake_link_script CMakeFiles/cmTC_b8b78.dir/link.txt --verbose=1
/usr/bin/cc   -W -Wall -pedantic -Wbad-function-cast -Wconversion -Winline -Wmissing-declarations -Wmissing-prototypes -Wnested-externs -Wno-long-long -Wno-multichar -Wpointer-arith -Wshadow -Wsign-compare -Wundef -Wunused -Wwrite-strings -Wcast-align -Wdeclaration-after-statement -Wempty-body -Wendif-labels -Wfloat-equal -Wignored-qualifiers -Wno-format-nonliteral -Wno-sign-conversion -Wno-system-headers -Wstrict-prototypes -Wtype-limits -Wvla -Wmissing-parameter-type -Wold-style-declaration -Wstrict-aliasing=3 -Wformat=2 -Warray-bounds=2 -ftree-vrp -Wduplicated-cond -Wnull-dereference -fdelete-null-pointer-checks -Wshift-negative-value -Wshift-overflow=2 -Walloc-zero -Wduplicated-branches -Wformat-overflow=2 -Wformat-truncation=1 -Wrestrict -Warith-conversion -Wdouble-promotion -Wenum-conversion -Wunused-const-variable  CMakeFiles/cmTC_b8b78.dir/SIZEOF_LONG_LONG.c.o -o cmTC_b8b78 
gmake[1]: Leaving directory '/root/my_pistache_api/build/CMakeFiles/CMakeTmp'



Determining size of long passed with the following output:
Change Dir: /root/my_pistache_api/build/CMakeFiles/CMakeTmp

Run Build Command(s):/usr/bin/gmake -f Makefile cmTC_694dd/fast && /usr/bin/gmake  -f CMakeFiles/cmTC_694dd.dir/build.make CMakeFiles/cmTC_694dd.dir/build
gmake[1]: Entering directory '/root/my_pistache_api/build/CMakeFiles/CMakeTmp'
Building C object CMakeFiles/cmTC_694dd.dir/SIZEOF_LONG.c.o
/usr/bin/cc   -W -Wall -pedantic -Wbad-function-cast -Wconversion -Winline -Wmissing-declarations -Wmissing-prototypes -Wnested-externs -Wno-long-long -Wno-multichar -Wpointer-arith -Wshadow -Wsign-compare -Wundef -Wunused -Wwrite-strings -Wcast-align -Wdeclaration-after-statement -Wempty-body -Wendif-labels -Wfloat-equal -Wignored-qualifiers -Wno-format-nonliteral -Wno-sign-conversion -Wno-system-headers -Wstrict-prototypes -Wtype-limits -Wvla -Wmissing-parameter-type -Wold-style-declaration -Wstrict-aliasing=3 -Wformat=2 -Warray-bounds=2 -ftree-vrp -Wduplicated-cond -Wnull-dereference -fdelete-null-pointer-checks -Wshift-negative-value -Wshift-overflow=2 -Walloc-zero -Wduplicated-branches -Wformat-overflow=2 -Wformat-truncation=1 -Wrestrict -Warith-conversion -Wdouble-promotion -Wenum-conversion -Wunused-const-variable  -o CMakeFiles/cmTC_694dd.dir/SIZEOF_LONG.c.o -c /root/my_pistache_api/build/CMakeFiles/CheckTypeSize/SIZEOF_LONG.c
Linking C executable cmTC_694dd
/usr/bin/cmake -E cmake_link_script CMakeFiles/cmTC_694dd.dir/link.txt --verbose=1
/usr/bin/cc   -W -Wall -pedantic -Wbad-function-cast -Wconversion -Winline -Wmissing-declarations -Wmissing-prototypes -Wnested-externs -Wno-long-long -Wno-multichar -Wpointer-arith -Wshadow -Wsign-compare -Wundef -Wunused -Wwrite-strings -Wcast-align -Wdeclaration-after-statement -Wempty-body -Wendif-labels -Wfloat-equal -Wignored-qualifiers -Wno-format-nonliteral -Wno-sign-conversion -Wno-system-headers -Wstrict-prototypes -Wtype-limits -Wvla -Wmissing-parameter-type -Wold-style-declaration -Wstrict-aliasing=3 -Wformat=2 -Warray-bounds=2 -ftree-vrp -Wduplicated-cond -Wnull-dereference -fdelete-null-pointer-checks -Wshift-negative-value -Wshift-overflow=2 -Walloc-zero -Wduplicated-branches -Wformat-overflow=2 -Wformat-truncation=1 -Wrestrict -Warith-conversion -Wdouble-promotion -Wenum-conversion -Wunused-const-variable  CMakeFiles/cmTC_694dd.dir/SIZEOF_LONG.c.o -o cmTC_694dd 
gmake[1]: Leaving directory '/root/my_pistache_api/build/CMakeFiles/CMakeTmp'



Determining size of int passed with the following output:
Change Dir: /root/my_pistache_api/build/CMakeFiles/CMakeTmp

Run Build Command(s):/usr/bin/gmake -f Makefile cmTC_59217/fast && /usr/bin/gmake  -f CMakeFiles/cmTC_59217.dir/build.make CMakeFiles/cmTC_59217.dir/build
gmake[1]: Entering directory '/root/my_pistache_api/build/CMakeFiles/CMakeTmp'
Building C object CMakeFiles/cmTC_59217.dir/SIZEOF_INT.c.o
/usr/bin/cc   -W -Wall -pedantic -Wbad-function-cast -Wconversion -Winline -Wmissing-declarations -Wmissing-prototypes -Wnested-externs -Wno-long-long -Wno-multichar -Wpointer-arith -Wshadow -Wsign-compare -Wundef -Wunused -Wwrite-strings -Wcast-align -Wdeclaration-after-statement -Wempty-body -Wendif-labels -Wfloat-equal -Wignored-qualifiers -Wno-format-nonliteral -Wno-sign-conversion -Wno-system-headers -Wstrict-prototypes -Wtype-limits -Wvla -Wmissing-parameter-type -Wold-style-declaration -Wstrict-aliasing=3 -Wformat=2 -Warray-bounds=2 -ftree-vrp -Wduplicated-cond -Wnull-dereference -fdelete-null-pointer-checks -Wshift-negative-value -Wshift-overflow=2 -Walloc-zero -Wduplicated-branches -Wformat-overflow=2 -Wformat-truncation=1 -Wrestrict -Warith-conversion -Wdouble-promotion -Wenum-conversion -Wunused-const-variable  -o CMakeFiles/cmTC_59217.dir/SIZEOF_INT.c.o -c /root/my_pistache_api/build/CMakeFiles/CheckTypeSize/SIZEOF_INT.c
Linking C executable cmTC_59217
/usr/bin/cmake -E cmake_link_script CMakeFiles/cmTC_59217.dir/link.txt --verbose=1
/usr/bin/cc   -W -Wall -pedantic -Wbad-function-cast -Wconversion -Winline -Wmissing-declarations -Wmissing-prototypes -Wnested-externs -Wno-long-long -Wno-multichar -Wpointer-arith -Wshadow -Wsign-compare -Wundef -Wunused -Wwrite-strings -Wcast-align -Wdeclaration-after-statement -Wempty-body -Wendif-labels -Wfloat-equal -Wignored-qualifiers -Wno-format-nonliteral -Wno-sign-conversion -Wno-system-headers -Wstrict-prototypes -Wtype-limits -Wvla -Wmissing-parameter-type -Wold-style-declaration -Wstrict-aliasing=3 -Wformat=2 -Warray-bounds=2 -ftree-vrp -Wduplicated-cond -Wnull-dereference -fdelete-null-pointer-checks -Wshift-negative-value -Wshift-overflow=2 -Walloc-zero -Wduplicated-branches -Wformat-overflow=2 -Wformat-truncation=1 -Wrestrict -Warith-conversion -Wdouble-promotion -Wenum-conversion -Wunused-const-variable  CMakeFiles/cmTC_59217.dir/SIZEOF_INT.c.o -o cmTC_59217 
gmake[1]: Leaving directory '/root/my_pistache_api/build/CMakeFiles/CMakeTmp'



Determining size of time_t passed with the following output:
Change Dir: /root/my_pistache_api/build/CMakeFiles/CMakeTmp

Run Build Command(s):/usr/bin/gmake -f Makefile cmTC_b8527/fast && /usr/bin/gmake  -f CMakeFiles/cmTC_b8527.dir/build.make CMakeFiles/cmTC_b8527.dir/build
gmake[1]: Entering directory '/root/my_pistache_api/build/CMakeFiles/CMakeTmp'
Building C object CMakeFiles/cmTC_b8527.dir/SIZEOF_TIME_T.c.o
/usr/bin/cc   -W -Wall -pedantic -Wbad-function-cast -Wconversion -Winline -Wmissing-declarations -Wmissing-prototypes -Wnested-externs -Wno-long-long -Wno-multichar -Wpointer-arith -Wshadow -Wsign-compare -Wundef -Wunused -Wwrite-strings -Wcast-align -Wdeclaration-after-statement -Wempty-body -Wendif-labels -Wfloat-equal -Wignored-qualifiers -Wno-format-nonliteral -Wno-sign-conversion -Wno-system-headers -Wstrict-prototypes -Wtype-limits -Wvla -Wmissing-parameter-type -Wold-style-declaration -Wstrict-aliasing=3 -Wformat=2 -Warray-bounds=2 -ftree-vrp -Wduplicated-cond -Wnull-dereference -fdelete-null-pointer-checks -Wshift-negative-value -Wshift-overflow=2 -Walloc-zero -Wduplicated-branches -Wformat-overflow=2 -Wformat-truncation=1 -Wrestrict -Warith-conversion -Wdouble-promotion -Wenum-conversion -Wunused-const-variable  -o CMakeFiles/cmTC_b8527.dir/SIZEOF_TIME_T.c.o -c /root/my_pistache_api/build/CMakeFiles/CheckTypeSize/SIZEOF_TIME_T.c
Linking C executable cmTC_b8527
/usr/bin/cmake -E cmake_link_script CMakeFiles/cmTC_b8527.dir/link.txt --verbose=1
/usr/bin/cc   -W -Wall -pedantic -Wbad-function-cast -Wconversion -Winline -Wmissing-declarations -Wmissing-prototypes -Wnested-externs -Wno-long-long -Wno-multichar -Wpointer-arith -Wshadow -Wsign-compare -Wundef -Wunused -Wwrite-strings -Wcast-align -Wdeclaration-after-statement -Wempty-body -Wendif-labels -Wfloat-equal -Wignored-qualifiers -Wno-format-nonliteral -Wno-sign-conversion -Wno-system-headers -Wstrict-prototypes -Wtype-limits -Wvla -Wmissing-parameter-type -Wold-style-declaration -Wstrict-aliasing=3 -Wformat=2 -Warray-bounds=2 -ftree-vrp -Wduplicated-cond -Wnull-dereference -fdelete-null-pointer-checks -Wshift-negative-value -Wshift-overflow=2 -Walloc-zero -Wduplicated-branches -Wformat-overflow=2 -Wformat-truncation=1 -Wrestrict -Warith-conversion -Wdouble-promotion -Wenum-conversion -Wunused-const-variable  CMakeFiles/cmTC_b8527.dir/SIZEOF_TIME_T.c.o -o cmTC_b8527 
gmake[1]: Leaving directory '/root/my_pistache_api/build/CMakeFiles/CMakeTmp'



Determining size of suseconds_t passed with the following output:
Change Dir: /root/my_pistache_api/build/CMakeFiles/CMakeTmp

Run Build Command(s):/usr/bin/gmake -f Makefile cmTC_d629e/fast && /usr/bin/gmake  -f CMakeFiles/cmTC_d629e.dir/build.make CMakeFiles/cmTC_d629e.dir/build
gmake[1]: Entering directory '/root/my_pistache_api/build/CMakeFiles/CMakeTmp'
Building C object CMakeFiles/cmTC_d629e.dir/SIZEOF_SUSECONDS_T.c.o
/usr/bin/cc   -W -Wall -pedantic -Wbad-function-cast -Wconversion -Winline -Wmissing-declarations -Wmissing-prototypes -Wnested-externs -Wno-long-long -Wno-multichar -Wpointer-arith -Wshadow -Wsign-compare -Wundef -Wunused -Wwrite-strings -Wcast-align -Wdeclaration-after-statement -Wempty-body -Wendif-labels -Wfloat-equal -Wignored-qualifiers -Wno-format-nonliteral -Wno-sign-conversion -Wno-system-headers -Wstrict-prototypes -Wtype-limits -Wvla -Wmissing-parameter-type -Wold-style-declaration -Wstrict-aliasing=3 -Wformat=2 -Warray-bounds=2 -ftree-vrp -Wduplicated-cond -Wnull-dereference -fdelete-null-pointer-checks -Wshift-negative-value -Wshift-overflow=2 -Walloc-zero -Wduplicated-branches -Wformat-overflow=2 -Wformat-truncation=1 -Wrestrict -Warith-conversion -Wdouble-promotion -Wenum-conversion -Wunused-const-variable  -o CMakeFiles/cmTC_d629e.dir/SIZEOF_SUSECONDS_T.c.o -c /root/my_pistache_api/build/CMakeFiles/CheckTypeSize/SIZEOF_SUSECONDS_T.c
Linking C executable cmTC_d629e
/usr/bin/cmake -E cmake_link_script CMakeFiles/cmTC_d629e.dir/link.txt --verbose=1
/usr/bin/cc   -W -Wall -pedantic -Wbad-function-cast -Wconversion -Winline -Wmissing-declarations -Wmissing-prototypes -Wnested-externs -Wno-long-long -Wno-multichar -Wpointer-arith -Wshadow -Wsign-compare -Wundef -Wunused -Wwrite-strings -Wcast-align -Wdeclaration-after-statement -Wempty-body -Wendif-labels -Wfloat-equal -Wignored-qualifiers -Wno-format-nonliteral -Wno-sign-conversion -Wno-system-headers -Wstrict-prototypes -Wtype-limits -Wvla -Wmissing-parameter-type -Wold-style-declaration -Wstrict-aliasing=3 -Wformat=2 -Warray-bounds=2 -ftree-vrp -Wduplicated-cond -Wnull-dereference -fdelete-null-pointer-checks -Wshift-negative-value -Wshift-overflow=2 -Walloc-zero -Wduplicated-branches -Wformat-overflow=2 -Wformat-truncation=1 -Wrestrict -Warith-conversion -Wdouble-promotion -Wenum-conversion -Wunused-const-variable  CMakeFiles/cmTC_d629e.dir/SIZEOF_SUSECONDS_T.c.o -o cmTC_d629e 
gmake[1]: Leaving directory '/root/my_pistache_api/build/CMakeFiles/CMakeTmp'



Determining if the fchmod exist passed with the following output:
Change Dir: /root/my_pistache_api/build/CMakeFiles/CMakeTmp

Run Build Command(s):/usr/bin/gmake -f Makefile cmTC_984a0/fast && /usr/bin/gmake  -f CMakeFiles/cmTC_984a0.dir/build.make CMakeFiles/cmTC_984a0.dir/build
gmake[1]: Entering directory '/root/my_pistache_api/build/CMakeFiles/CMakeTmp'
Building C object CMakeFiles/cmTC_984a0.dir/CheckSymbolExists.c.o
/usr/bin/cc   -W -Wall -pedantic -Wbad-function-cast -Wconversion -Winline -Wmissing-declarations -Wmissing-prototypes -Wnested-externs -Wno-long-long -Wno-multichar -Wpointer-arith -Wshadow -Wsign-compare -Wundef -Wunused -Wwrite-strings -Wcast-align -Wdeclaration-after-statement -Wempty-body -Wendif-labels -Wfloat-equal -Wignored-qualifiers -Wno-format-nonliteral -Wno-sign-conversion -Wno-system-headers -Wstrict-prototypes -Wtype-limits -Wvla -Wmissing-parameter-type -Wold-style-declaration -Wstrict-aliasing=3 -Wformat=2 -Warray-bounds=2 -ftree-vrp -Wduplicated-cond -Wnull-dereference -fdelete-null-pointer-checks -Wshift-negative-value -Wshift-overflow=2 -Walloc-zero -Wduplicated-branches -Wformat-overflow=2 -Wformat-truncation=1 -Wrestrict -Warith-conversion -Wdouble-promotion -Wenum-conversion -Wunused-const-variable  -o CMakeFiles/cmTC_984a0.dir/CheckSymbolExists.c.o -c /root/my_pistache_api/build/CMakeFiles/CMakeTmp/CheckSymbolExists.c
/root/my_pistache_api/build/CMakeFiles/CMakeTmp/CheckSymbolExists.c: In function ‘main’:
/root/my_pistache_api/build/CMakeFiles/CMakeTmp/CheckSymbolExists.c:40:11: warning: ISO C forbids conversion of function pointer to object pointer type [-Wpedantic]
   40 |   return ((int*)(&fchmod))[argc];
      |           ^
Linking C executable cmTC_984a0
/usr/bin/cmake -E cmake_link_script CMakeFiles/cmTC_984a0.dir/link.txt --verbose=1
/usr/bin/cc   -W -Wall -pedantic -Wbad-function-cast -Wconversion -Winline -Wmissing-declarations -Wmissing-prototypes -Wnested-externs -Wno-long-long -Wno-multichar -Wpointer-arith -Wshadow -Wsign-compare -Wundef -Wunused -Wwrite-strings -Wcast-align -Wdeclaration-after-statement -Wempty-body -Wendif-labels -Wfloat-equal -Wignored-qualifiers -Wno-format-nonliteral -Wno-sign-conversion -Wno-system-headers -Wstrict-prototypes -Wtype-limits -Wvla -Wmissing-parameter-type -Wold-style-declaration -Wstrict-aliasing=3 -Wformat=2 -Warray-bounds=2 -ftree-vrp -Wduplicated-cond -Wnull-dereference -fdelete-null-pointer-checks -Wshift-negative-value -Wshift-overflow=2 -Walloc-zero -Wduplicated-branches -Wformat-overflow=2 -Wformat-truncation=1 -Wrestrict -Warith-conversion -Wdouble-promotion -Wenum-conversion -Wunused-const-variable  CMakeFiles/cmTC_984a0.dir/CheckSymbolExists.c.o -o cmTC_984a0 
gmake[1]: Leaving directory '/root/my_pistache_api/build/CMakeFiles/CMakeTmp'


File /root/my_pistache_api/build/CMakeFiles/CMakeTmp/CheckSymbolExists.c:
/* */
#include <inttypes.h>
#include <sys/wait.h>
#include <sys/ioctl.h>
#include <sys/param.h>
#include <sys/poll.h>
#include <sys/resource.h>
#include <sys/select.h>
#include <sys/socket.h>
#include <sys/stat.h>
#include <sys/time.h>
#include <sys/types.h>
#include <sys/un.h>
#include <sys/xattr.h>
#include <arpa/inet.h>
#include <fcntl.h>
#include <ifaddrs.h>
#include <libgen.h>
#include <locale.h>
#include <net/if.h>
#include <netdb.h>
#include <netinet/in.h>
#include <netinet/tcp.h>
#include <netinet/udp.h>
#include <poll.h>
#include <pwd.h>
#include <stdatomic.h>
#include <stdbool.h>
#include <stdint.h>
#include <strings.h>
#include <termio.h>
#include <termios.h>
#include <unistd.h>
#include <utime.h>

int main(int argc, char** argv)
{
  (void)argv;
#ifndef fchmod
  return ((int*)(&fchmod))[argc];
#else
  (void)argc;
  return 0;
#endif
}
Determining if the fnmatch exist passed with the following output:
Change Dir: /root/my_pistache_api/build/CMakeFiles/CMakeTmp

Run Build Command(s):/usr/bin/gmake -f Makefile cmTC_175aa/fast && /usr/bin/gmake  -f CMakeFiles/cmTC_175aa.dir/build.make CMakeFiles/cmTC_175aa.dir/build
gmake[1]: Entering directory '/root/my_pistache_api/build/CMakeFiles/CMakeTmp'
Building C object CMakeFiles/cmTC_175aa.dir/CheckSymbolExists.c.o
/usr/bin/cc   -W -Wall -pedantic -Wbad-function-cast -Wconversion -Winline -Wmissing-declarations -Wmissing-prototypes -Wnested-externs -Wno-long-long -Wno-multichar -Wpointer-arith -Wshadow -Wsign-compare -Wundef -Wunused -Wwrite-strings -Wcast-align -Wdeclaration-after-statement -Wempty-body -Wendif-labels -Wfloat-equal -Wignored-qualifiers -Wno-format-nonliteral -Wno-sign-conversion -Wno-system-headers -Wstrict-prototypes -Wtype-limits -Wvla -Wmissing-parameter-type -Wold-style-declaration -Wstrict-aliasing=3 -Wformat=2 -Warray-bounds=2 -ftree-vrp -Wduplicated-cond -Wnull-dereference -fdelete-null-pointer-checks -Wshift-negative-value -Wshift-overflow=2 -Walloc-zero -Wduplicated-branches -Wformat-overflow=2 -Wformat-truncation=1 -Wrestrict -Warith-conversion -Wdouble-promotion -Wenum-conversion -Wunused-const-variable  -o CMakeFiles/cmTC_175aa.dir/CheckSymbolExists.c.o -c /root/my_pistache_api/build/CMakeFiles/CMakeTmp/CheckSymbolExists.c
/root/my_pistache_api/build/CMakeFiles/CMakeTmp/CheckSymbolExists.c: In function ‘main’:
/root/my_pistache_api/build/CMakeFiles/CMakeTmp/CheckSymbolExists.c:41:11: warning: ISO C forbids conversion of function pointer to object pointer type [-Wpedantic]
   41 |   return ((int*)(&fnmatch))[argc];
      |           ^
Linking C executable cmTC_175aa
/usr/bin/cmake -E cmake_link_script CMakeFiles/cmTC_175aa.dir/link.txt --verbose=1
/usr/bin/cc   -W -Wall -pedantic -Wbad-function-cast -Wconversion -Winline -Wmissing-declarations -Wmissing-prototypes -Wnested-externs -Wno-long-long -Wno-multichar -Wpointer-arith -Wshadow -Wsign-compare -Wundef -Wunused -Wwrite-strings -Wcast-align -Wdeclaration-after-statement -Wempty-body -Wendif-labels -Wfloat-equal -Wignored-qualifiers -Wno-format-nonliteral -Wno-sign-conversion -Wno-system-headers -Wstrict-prototypes -Wtype-limits -Wvla -Wmissing-parameter-type -Wold-style-declaration -Wstrict-aliasing=3 -Wformat=2 -Warray-bounds=2 -ftree-vrp -Wduplicated-cond -Wnull-dereference -fdelete-null-pointer-checks -Wshift-negative-value -Wshift-overflow=2 -Walloc-zero -Wduplicated-branches -Wformat-overflow=2 -Wformat-truncation=1 -Wrestrict -Warith-conversion -Wdouble-promotion -Wenum-conversion -Wunused-const-variable  CMakeFiles/cmTC_175aa.dir/CheckSymbolExists.c.o -o cmTC_175aa 
gmake[1]: Leaving directory '/root/my_pistache_api/build/CMakeFiles/CMakeTmp'


File /root/my_pistache_api/build/CMakeFiles/CMakeTmp/CheckSymbolExists.c:
/* */
#include <inttypes.h>
#include <sys/wait.h>
#include <sys/ioctl.h>
#include <sys/param.h>
#include <sys/poll.h>
#include <sys/resource.h>
#include <sys/select.h>
#include <sys/socket.h>
#include <sys/stat.h>
#include <sys/time.h>
#include <sys/types.h>
#include <sys/un.h>
#include <sys/xattr.h>
#include <arpa/inet.h>
#include <fcntl.h>
#include <ifaddrs.h>
#include <libgen.h>
#include <locale.h>
#include <net/if.h>
#include <netdb.h>
#include <netinet/in.h>
#include <netinet/tcp.h>
#include <netinet/udp.h>
#include <poll.h>
#include <pwd.h>
#include <stdatomic.h>
#include <stdbool.h>
#include <stdint.h>
#include <strings.h>
#include <termio.h>
#include <termios.h>
#include <unistd.h>
#include <utime.h>
#include <fnmatch.h>

int main(int argc, char** argv)
{
  (void)argv;
#ifndef fnmatch
  return ((int*)(&fnmatch))[argc];
#else
  (void)argc;
  return 0;
#endif
}
Determining if the basename exist passed with the following output:
Change Dir: /root/my_pistache_api/build/CMakeFiles/CMakeTmp

Run Build Command(s):/usr/bin/gmake -f Makefile cmTC_40b54/fast && /usr/bin/gmake  -f CMakeFiles/cmTC_40b54.dir/build.make CMakeFiles/cmTC_40b54.dir/build
gmake[1]: Entering directory '/root/my_pistache_api/build/CMakeFiles/CMakeTmp'
Building C object CMakeFiles/cmTC_40b54.dir/CheckSymbolExists.c.o
/usr/bin/cc   -W -Wall -pedantic -Wbad-function-cast -Wconversion -Winline -Wmissing-declarations -Wmissing-prototypes -Wnested-externs -Wno-long-long -Wno-multichar -Wpointer-arith -Wshadow -Wsign-compare -Wundef -Wunused -Wwrite-strings -Wcast-align -Wdeclaration-after-statement -Wempty-body -Wendif-labels -Wfloat-equal -Wignored-qualifiers -Wno-format-nonliteral -Wno-sign-conversion -Wno-system-headers -Wstrict-prototypes -Wtype-limits -Wvla -Wmissing-parameter-type -Wold-style-declaration -Wstrict-aliasing=3 -Wformat=2 -Warray-bounds=2 -ftree-vrp -Wduplicated-cond -Wnull-dereference -fdelete-null-pointer-checks -Wshift-negative-value -Wshift-overflow=2 -Walloc-zero -Wduplicated-branches -Wformat-overflow=2 -Wformat-truncation=1 -Wrestrict -Warith-conversion -Wdouble-promotion -Wenum-conversion -Wunused-const-variable  -o CMakeFiles/cmTC_40b54.dir/CheckSymbolExists.c.o -c /root/my_pistache_api/build/CMakeFiles/CMakeTmp/CheckSymbolExists.c
Linking C executable cmTC_40b54
/usr/bin/cmake -E cmake_link_script CMakeFiles/cmTC_40b54.dir/link.txt --verbose=1
/usr/bin/cc   -W -Wall -pedantic -Wbad-function-cast -Wconversion -Winline -Wmissing-declarations -Wmissing-prototypes -Wnested-externs -Wno-long-long -Wno-multichar -Wpointer-arith -Wshadow -Wsign-compare -Wundef -Wunused -Wwrite-strings -Wcast-align -Wdeclaration-after-statement -Wempty-body -Wendif-labels -Wfloat-equal -Wignored-qualifiers -Wno-format-nonliteral -Wno-sign-conversion -Wno-system-headers -Wstrict-prototypes -Wtype-limits -Wvla -Wmissing-parameter-type -Wold-style-declaration -Wstrict-aliasing=3 -Wformat=2 -Warray-bounds=2 -ftree-vrp -Wduplicated-cond -Wnull-dereference -fdelete-null-pointer-checks -Wshift-negative-value -Wshift-overflow=2 -Walloc-zero -Wduplicated-branches -Wformat-overflow=2 -Wformat-truncation=1 -Wrestrict -Warith-conversion -Wdouble-promotion -Wenum-conversion -Wunused-const-variable  CMakeFiles/cmTC_40b54.dir/CheckSymbolExists.c.o -o cmTC_40b54 
gmake[1]: Leaving directory '/root/my_pistache_api/build/CMakeFiles/CMakeTmp'


File /root/my_pistache_api/build/CMakeFiles/CMakeTmp/CheckSymbolExists.c:
/* */
#include <inttypes.h>
#include <sys/wait.h>
#include <sys/ioctl.h>
#include <sys/param.h>
#include <sys/poll.h>
#include <sys/resource.h>
#include <sys/select.h>
#include <sys/socket.h>
#include <sys/stat.h>
#include <sys/time.h>
#include <sys/types.h>
#include <sys/un.h>
#include <sys/xattr.h>
#include <arpa/inet.h>
#include <fcntl.h>
#include <ifaddrs.h>
#include <libgen.h>
#include <locale.h>
#include <net/if.h>
#include <netdb.h>
#include <netinet/in.h>
#include <netinet/tcp.h>
#include <netinet/udp.h>
#include <poll.h>
#include <pwd.h>
#include <stdatomic.h>
#include <stdbool.h>
#include <stdint.h>
#include <strings.h>
#include <termio.h>
#include <termios.h>
#include <unistd.h>
#include <utime.h>
#include <string.h>

int main(int argc, char** argv)
{
  (void)argv;
#ifndef basename
  return ((int*)(&basename))[argc];
#else
  (void)argc;
  return 0;
#endif
}
Determining if the socket exist passed with the following output:
Change Dir: /root/my_pistache_api/build/CMakeFiles/CMakeTmp

Run Build Command(s):/usr/bin/gmake -f Makefile cmTC_3e609/fast && /usr/bin/gmake  -f CMakeFiles/cmTC_3e609.dir/build.make CMakeFiles/cmTC_3e609.dir/build
gmake[1]: Entering directory '/root/my_pistache_api/build/CMakeFiles/CMakeTmp'
Building C object CMakeFiles/cmTC_3e609.dir/CheckSymbolExists.c.o
/usr/bin/cc   -W -Wall -pedantic -Wbad-function-cast -Wconversion -Winline -Wmissing-declarations -Wmissing-prototypes -Wnested-externs -Wno-long-long -Wno-multichar -Wpointer-arith -Wshadow -Wsign-compare -Wundef -Wunused -Wwrite-strings -Wcast-align -Wdeclaration-after-statement -Wempty-body -Wendif-labels -Wfloat-equal -Wignored-qualifiers -Wno-format-nonliteral -Wno-sign-conversion -Wno-system-headers -Wstrict-prototypes -Wtype-limits -Wvla -Wmissing-parameter-type -Wold-style-declaration -Wstrict-aliasing=3 -Wformat=2 -Warray-bounds=2 -ftree-vrp -Wduplicated-cond -Wnull-dereference -fdelete-null-pointer-checks -Wshift-negative-value -Wshift-overflow=2 -Walloc-zero -Wduplicated-branches -Wformat-overflow=2 -Wformat-truncation=1 -Wrestrict -Warith-conversion -Wdouble-promotion -Wenum-conversion -Wunused-const-variable  -o CMakeFiles/cmTC_3e609.dir/CheckSymbolExists.c.o -c /root/my_pistache_api/build/CMakeFiles/CMakeTmp/CheckSymbolExists.c
/root/my_pistache_api/build/CMakeFiles/CMakeTmp/CheckSymbolExists.c: In function ‘main’:
/root/my_pistache_api/build/CMakeFiles/CMakeTmp/CheckSymbolExists.c:40:11: warning: ISO C forbids conversion of function pointer to object pointer type [-Wpedantic]
   40 |   return ((int*)(&socket))[argc];
      |           ^
Linking C executable cmTC_3e609
/usr/bin/cmake -E cmake_link_script CMakeFiles/cmTC_3e609.dir/link.txt --verbose=1
/usr/bin/cc   -W -Wall -pedantic -Wbad-function-cast -Wconversion -Winline -Wmissing-declarations -Wmissing-prototypes -Wnested-externs -Wno-long-long -Wno-multichar -Wpointer-arith -Wshadow -Wsign-compare -Wundef -Wunused -Wwrite-strings -Wcast-align -Wdeclaration-after-statement -Wempty-body -Wendif-labels -Wfloat-equal -Wignored-qualifiers -Wno-format-nonliteral -Wno-sign-conversion -Wno-system-headers -Wstrict-prototypes -Wtype-limits -Wvla -Wmissing-parameter-type -Wold-style-declaration -Wstrict-aliasing=3 -Wformat=2 -Warray-bounds=2 -ftree-vrp -Wduplicated-cond -Wnull-dereference -fdelete-null-pointer-checks -Wshift-negative-value -Wshift-overflow=2 -Walloc-zero -Wduplicated-branches -Wformat-overflow=2 -Wformat-truncation=1 -Wrestrict -Warith-conversion -Wdouble-promotion -Wenum-conversion -Wunused-const-variable  CMakeFiles/cmTC_3e609.dir/CheckSymbolExists.c.o -o cmTC_3e609 
gmake[1]: Leaving directory '/root/my_pistache_api/build/CMakeFiles/CMakeTmp'


File /root/my_pistache_api/build/CMakeFiles/CMakeTmp/CheckSymbolExists.c:
/* */
#include <inttypes.h>
#include <sys/wait.h>
#include <sys/ioctl.h>
#include <sys/param.h>
#include <sys/poll.h>
#include <sys/resource.h>
#include <sys/select.h>
#include <sys/socket.h>
#include <sys/stat.h>
#include <sys/time.h>
#include <sys/types.h>
#include <sys/un.h>
#include <sys/xattr.h>
#include <arpa/inet.h>
#include <fcntl.h>
#include <ifaddrs.h>
#include <libgen.h>
#include <locale.h>
#include <net/if.h>
#include <netdb.h>
#include <netinet/in.h>
#include <netinet/tcp.h>
#include <netinet/udp.h>
#include <poll.h>
#include <pwd.h>
#include <stdatomic.h>
#include <stdbool.h>
#include <stdint.h>
#include <strings.h>
#include <termio.h>
#include <termios.h>
#include <unistd.h>
#include <utime.h>

int main(int argc, char** argv)
{
  (void)argv;
#ifndef socket
  return ((int*)(&socket))[argc];
#else
  (void)argc;
  return 0;
#endif
}
Determining if the sched_yield exist passed with the following output:
Change Dir: /root/my_pistache_api/build/CMakeFiles/CMakeTmp

Run Build Command(s):/usr/bin/gmake -f Makefile cmTC_19913/fast && /usr/bin/gmake  -f CMakeFiles/cmTC_19913.dir/build.make CMakeFiles/cmTC_19913.dir/build
gmake[1]: Entering directory '/root/my_pistache_api/build/CMakeFiles/CMakeTmp'
Building C object CMakeFiles/cmTC_19913.dir/CheckSymbolExists.c.o
/usr/bin/cc   -W -Wall -pedantic -Wbad-function-cast -Wconversion -Winline -Wmissing-declarations -Wmissing-prototypes -Wnested-externs -Wno-long-long -Wno-multichar -Wpointer-arith -Wshadow -Wsign-compare -Wundef -Wunused -Wwrite-strings -Wcast-align -Wdeclaration-after-statement -Wempty-body -Wendif-labels -Wfloat-equal -Wignored-qualifiers -Wno-format-nonliteral -Wno-sign-conversion -Wno-system-headers -Wstrict-prototypes -Wtype-limits -Wvla -Wmissing-parameter-type -Wold-style-declaration -Wstrict-aliasing=3 -Wformat=2 -Warray-bounds=2 -ftree-vrp -Wduplicated-cond -Wnull-dereference -fdelete-null-pointer-checks -Wshift-negative-value -Wshift-overflow=2 -Walloc-zero -Wduplicated-branches -Wformat-overflow=2 -Wformat-truncation=1 -Wrestrict -Warith-conversion -Wdouble-promotion -Wenum-conversion -Wunused-const-variable  -o CMakeFiles/cmTC_19913.dir/CheckSymbolExists.c.o -c /root/my_pistache_api/build/CMakeFiles/CMakeTmp/CheckSymbolExists.c
/root/my_pistache_api/build/CMakeFiles/CMakeTmp/CheckSymbolExists.c: In function ‘main’:
/root/my_pistache_api/build/CMakeFiles/CMakeTmp/CheckSymbolExists.c:41:11: warning: ISO C forbids conversion of function pointer to object pointer type [-Wpedantic]
   41 |   return ((int*)(&sched_yield))[argc];
      |           ^
Linking C executable cmTC_19913
/usr/bin/cmake -E cmake_link_script CMakeFiles/cmTC_19913.dir/link.txt --verbose=1
/usr/bin/cc   -W -Wall -pedantic -Wbad-function-cast -Wconversion -Winline -Wmissing-declarations -Wmissing-prototypes -Wnested-externs -Wno-long-long -Wno-multichar -Wpointer-arith -Wshadow -Wsign-compare -Wundef -Wunused -Wwrite-strings -Wcast-align -Wdeclaration-after-statement -Wempty-body -Wendif-labels -Wfloat-equal -Wignored-qualifiers -Wno-format-nonliteral -Wno-sign-conversion -Wno-system-headers -Wstrict-prototypes -Wtype-limits -Wvla -Wmissing-parameter-type -Wold-style-declaration -Wstrict-aliasing=3 -Wformat=2 -Warray-bounds=2 -ftree-vrp -Wduplicated-cond -Wnull-dereference -fdelete-null-pointer-checks -Wshift-negative-value -Wshift-overflow=2 -Walloc-zero -Wduplicated-branches -Wformat-overflow=2 -Wformat-truncation=1 -Wrestrict -Warith-conversion -Wdouble-promotion -Wenum-conversion -Wunused-const-variable  CMakeFiles/cmTC_19913.dir/CheckSymbolExists.c.o -o cmTC_19913 
gmake[1]: Leaving directory '/root/my_pistache_api/build/CMakeFiles/CMakeTmp'


File /root/my_pistache_api/build/CMakeFiles/CMakeTmp/CheckSymbolExists.c:
/* */
#include <inttypes.h>
#include <sys/wait.h>
#include <sys/ioctl.h>
#include <sys/param.h>
#include <sys/poll.h>
#include <sys/resource.h>
#include <sys/select.h>
#include <sys/socket.h>
#include <sys/stat.h>
#include <sys/time.h>
#include <sys/types.h>
#include <sys/un.h>
#include <sys/xattr.h>
#include <arpa/inet.h>
#include <fcntl.h>
#include <ifaddrs.h>
#include <libgen.h>
#include <locale.h>
#include <net/if.h>
#include <netdb.h>
#include <netinet/in.h>
#include <netinet/tcp.h>
#include <netinet/udp.h>
#include <poll.h>
#include <pwd.h>
#include <stdatomic.h>
#include <stdbool.h>
#include <stdint.h>
#include <strings.h>
#include <termio.h>
#include <termios.h>
#include <unistd.h>
#include <utime.h>
#include <sched.h>

int main(int argc, char** argv)
{
  (void)argv;
#ifndef sched_yield
  return ((int*)(&sched_yield))[argc];
#else
  (void)argc;
  return 0;
#endif
}
Determining if the socketpair exist passed with the following output:
Change Dir: /root/my_pistache_api/build/CMakeFiles/CMakeTmp

Run Build Command(s):/usr/bin/gmake -f Makefile cmTC_827c1/fast && /usr/bin/gmake  -f CMakeFiles/cmTC_827c1.dir/build.make CMakeFiles/cmTC_827c1.dir/build
gmake[1]: Entering directory '/root/my_pistache_api/build/CMakeFiles/CMakeTmp'
Building C object CMakeFiles/cmTC_827c1.dir/CheckSymbolExists.c.o
/usr/bin/cc   -W -Wall -pedantic -Wbad-function-cast -Wconversion -Winline -Wmissing-declarations -Wmissing-prototypes -Wnested-externs -Wno-long-long -Wno-multichar -Wpointer-arith -Wshadow -Wsign-compare -Wundef -Wunused -Wwrite-strings -Wcast-align -Wdeclaration-after-statement -Wempty-body -Wendif-labels -Wfloat-equal -Wignored-qualifiers -Wno-format-nonliteral -Wno-sign-conversion -Wno-system-headers -Wstrict-prototypes -Wtype-limits -Wvla -Wmissing-parameter-type -Wold-style-declaration -Wstrict-aliasing=3 -Wformat=2 -Warray-bounds=2 -ftree-vrp -Wduplicated-cond -Wnull-dereference -fdelete-null-pointer-checks -Wshift-negative-value -Wshift-overflow=2 -Walloc-zero -Wduplicated-branches -Wformat-overflow=2 -Wformat-truncation=1 -Wrestrict -Warith-conversion -Wdouble-promotion -Wenum-conversion -Wunused-const-variable  -o CMakeFiles/cmTC_827c1.dir/CheckSymbolExists.c.o -c /root/my_pistache_api/build/CMakeFiles/CMakeTmp/CheckSymbolExists.c
/root/my_pistache_api/build/CMakeFiles/CMakeTmp/CheckSymbolExists.c: In function ‘main’:
/root/my_pistache_api/build/CMakeFiles/CMakeTmp/CheckSymbolExists.c:40:11: warning: ISO C forbids conversion of function pointer to object pointer type [-Wpedantic]
   40 |   return ((int*)(&socketpair))[argc];
      |           ^
Linking C executable cmTC_827c1
/usr/bin/cmake -E cmake_link_script CMakeFiles/cmTC_827c1.dir/link.txt --verbose=1
/usr/bin/cc   -W -Wall -pedantic -Wbad-function-cast -Wconversion -Winline -Wmissing-declarations -Wmissing-prototypes -Wnested-externs -Wno-long-long -Wno-multichar -Wpointer-arith -Wshadow -Wsign-compare -Wundef -Wunused -Wwrite-strings -Wcast-align -Wdeclaration-after-statement -Wempty-body -Wendif-labels -Wfloat-equal -Wignored-qualifiers -Wno-format-nonliteral -Wno-sign-conversion -Wno-system-headers -Wstrict-prototypes -Wtype-limits -Wvla -Wmissing-parameter-type -Wold-style-declaration -Wstrict-aliasing=3 -Wformat=2 -Warray-bounds=2 -ftree-vrp -Wduplicated-cond -Wnull-dereference -fdelete-null-pointer-checks -Wshift-negative-value -Wshift-overflow=2 -Walloc-zero -Wduplicated-branches -Wformat-overflow=2 -Wformat-truncation=1 -Wrestrict -Warith-conversion -Wdouble-promotion -Wenum-conversion -Wunused-const-variable  CMakeFiles/cmTC_827c1.dir/CheckSymbolExists.c.o -o cmTC_827c1 
gmake[1]: Leaving directory '/root/my_pistache_api/build/CMakeFiles/CMakeTmp'


File /root/my_pistache_api/build/CMakeFiles/CMakeTmp/CheckSymbolExists.c:
/* */
#include <inttypes.h>
#include <sys/wait.h>
#include <sys/ioctl.h>
#include <sys/param.h>
#include <sys/poll.h>
#include <sys/resource.h>
#include <sys/select.h>
#include <sys/socket.h>
#include <sys/stat.h>
#include <sys/time.h>
#include <sys/types.h>
#include <sys/un.h>
#include <sys/xattr.h>
#include <arpa/inet.h>
#include <fcntl.h>
#include <ifaddrs.h>
#include <libgen.h>
#include <locale.h>
#include <net/if.h>
#include <netdb.h>
#include <netinet/in.h>
#include <netinet/tcp.h>
#include <netinet/udp.h>
#include <poll.h>
#include <pwd.h>
#include <stdatomic.h>
#include <stdbool.h>
#include <stdint.h>
#include <strings.h>
#include <termio.h>
#include <termios.h>
#include <unistd.h>
#include <utime.h>

int main(int argc, char** argv)
{
  (void)argv;
#ifndef socketpair
  return ((int*)(&socketpair))[argc];
#else
  (void)argc;
  return 0;
#endif
}
Determining if the recv exist passed with the following output:
Change Dir: /root/my_pistache_api/build/CMakeFiles/CMakeTmp

Run Build Command(s):/usr/bin/gmake -f Makefile cmTC_18e45/fast && /usr/bin/gmake  -f CMakeFiles/cmTC_18e45.dir/build.make CMakeFiles/cmTC_18e45.dir/build
gmake[1]: Entering directory '/root/my_pistache_api/build/CMakeFiles/CMakeTmp'
Building C object CMakeFiles/cmTC_18e45.dir/CheckSymbolExists.c.o
/usr/bin/cc   -W -Wall -pedantic -Wbad-function-cast -Wconversion -Winline -Wmissing-declarations -Wmissing-prototypes -Wnested-externs -Wno-long-long -Wno-multichar -Wpointer-arith -Wshadow -Wsign-compare -Wundef -Wunused -Wwrite-strings -Wcast-align -Wdeclaration-after-statement -Wempty-body -Wendif-labels -Wfloat-equal -Wignored-qualifiers -Wno-format-nonliteral -Wno-sign-conversion -Wno-system-headers -Wstrict-prototypes -Wtype-limits -Wvla -Wmissing-parameter-type -Wold-style-declaration -Wstrict-aliasing=3 -Wformat=2 -Warray-bounds=2 -ftree-vrp -Wduplicated-cond -Wnull-dereference -fdelete-null-pointer-checks -Wshift-negative-value -Wshift-overflow=2 -Walloc-zero -Wduplicated-branches -Wformat-overflow=2 -Wformat-truncation=1 -Wrestrict -Warith-conversion -Wdouble-promotion -Wenum-conversion -Wunused-const-variable  -o CMakeFiles/cmTC_18e45.dir/CheckSymbolExists.c.o -c /root/my_pistache_api/build/CMakeFiles/CMakeTmp/CheckSymbolExists.c
/root/my_pistache_api/build/CMakeFiles/CMakeTmp/CheckSymbolExists.c: In function ‘main’:
/root/my_pistache_api/build/CMakeFiles/CMakeTmp/CheckSymbolExists.c:40:11: warning: ISO C forbids conversion of function pointer to object pointer type [-Wpedantic]
   40 |   return ((int*)(&recv))[argc];
      |           ^
Linking C executable cmTC_18e45
/usr/bin/cmake -E cmake_link_script CMakeFiles/cmTC_18e45.dir/link.txt --verbose=1
/usr/bin/cc   -W -Wall -pedantic -Wbad-function-cast -Wconversion -Winline -Wmissing-declarations -Wmissing-prototypes -Wnested-externs -Wno-long-long -Wno-multichar -Wpointer-arith -Wshadow -Wsign-compare -Wundef -Wunused -Wwrite-strings -Wcast-align -Wdeclaration-after-statement -Wempty-body -Wendif-labels -Wfloat-equal -Wignored-qualifiers -Wno-format-nonliteral -Wno-sign-conversion -Wno-system-headers -Wstrict-prototypes -Wtype-limits -Wvla -Wmissing-parameter-type -Wold-style-declaration -Wstrict-aliasing=3 -Wformat=2 -Warray-bounds=2 -ftree-vrp -Wduplicated-cond -Wnull-dereference -fdelete-null-pointer-checks -Wshift-negative-value -Wshift-overflow=2 -Walloc-zero -Wduplicated-branches -Wformat-overflow=2 -Wformat-truncation=1 -Wrestrict -Warith-conversion -Wdouble-promotion -Wenum-conversion -Wunused-const-variable  CMakeFiles/cmTC_18e45.dir/CheckSymbolExists.c.o -o cmTC_18e45 
gmake[1]: Leaving directory '/root/my_pistache_api/build/CMakeFiles/CMakeTmp'


File /root/my_pistache_api/build/CMakeFiles/CMakeTmp/CheckSymbolExists.c:
/* */
#include <inttypes.h>
#include <sys/wait.h>
#include <sys/ioctl.h>
#include <sys/param.h>
#include <sys/poll.h>
#include <sys/resource.h>
#include <sys/select.h>
#include <sys/socket.h>
#include <sys/stat.h>
#include <sys/time.h>
#include <sys/types.h>
#include <sys/un.h>
#include <sys/xattr.h>
#include <arpa/inet.h>
#include <fcntl.h>
#include <ifaddrs.h>
#include <libgen.h>
#include <locale.h>
#include <net/if.h>
#include <netdb.h>
#include <netinet/in.h>
#include <netinet/tcp.h>
#include <netinet/udp.h>
#include <poll.h>
#include <pwd.h>
#include <stdatomic.h>
#include <stdbool.h>
#include <stdint.h>
#include <strings.h>
#include <termio.h>
#include <termios.h>
#include <unistd.h>
#include <utime.h>

int main(int argc, char** argv)
{
  (void)argv;
#ifndef recv
  return ((int*)(&recv))[argc];
#else
  (void)argc;
  return 0;
#endif
}
Determining if the send exist passed with the following output:
Change Dir: /root/my_pistache_api/build/CMakeFiles/CMakeTmp

Run Build Command(s):/usr/bin/gmake -f Makefile cmTC_c7000/fast && /usr/bin/gmake  -f CMakeFiles/cmTC_c7000.dir/build.make CMakeFiles/cmTC_c7000.dir/build
gmake[1]: Entering directory '/root/my_pistache_api/build/CMakeFiles/CMakeTmp'
Building C object CMakeFiles/cmTC_c7000.dir/CheckSymbolExists.c.o
/usr/bin/cc   -W -Wall -pedantic -Wbad-function-cast -Wconversion -Winline -Wmissing-declarations -Wmissing-prototypes -Wnested-externs -Wno-long-long -Wno-multichar -Wpointer-arith -Wshadow -Wsign-compare -Wundef -Wunused -Wwrite-strings -Wcast-align -Wdeclaration-after-statement -Wempty-body -Wendif-labels -Wfloat-equal -Wignored-qualifiers -Wno-format-nonliteral -Wno-sign-conversion -Wno-system-headers -Wstrict-prototypes -Wtype-limits -Wvla -Wmissing-parameter-type -Wold-style-declaration -Wstrict-aliasing=3 -Wformat=2 -Warray-bounds=2 -ftree-vrp -Wduplicated-cond -Wnull-dereference -fdelete-null-pointer-checks -Wshift-negative-value -Wshift-overflow=2 -Walloc-zero -Wduplicated-branches -Wformat-overflow=2 -Wformat-truncation=1 -Wrestrict -Warith-conversion -Wdouble-promotion -Wenum-conversion -Wunused-const-variable  -o CMakeFiles/cmTC_c7000.dir/CheckSymbolExists.c.o -c /root/my_pistache_api/build/CMakeFiles/CMakeTmp/CheckSymbolExists.c
/root/my_pistache_api/build/CMakeFiles/CMakeTmp/CheckSymbolExists.c: In function ‘main’:
/root/my_pistache_api/build/CMakeFiles/CMakeTmp/CheckSymbolExists.c:40:11: warning: ISO C forbids conversion of function pointer to object pointer type [-Wpedantic]
   40 |   return ((int*)(&send))[argc];
      |           ^
Linking C executable cmTC_c7000
/usr/bin/cmake -E cmake_link_script CMakeFiles/cmTC_c7000.dir/link.txt --verbose=1
/usr/bin/cc   -W -Wall -pedantic -Wbad-function-cast -Wconversion -Winline -Wmissing-declarations -Wmissing-prototypes -Wnested-externs -Wno-long-long -Wno-multichar -Wpointer-arith -Wshadow -Wsign-compare -Wundef -Wunused -Wwrite-strings -Wcast-align -Wdeclaration-after-statement -Wempty-body -Wendif-labels -Wfloat-equal -Wignored-qualifiers -Wno-format-nonliteral -Wno-sign-conversion -Wno-system-headers -Wstrict-prototypes -Wtype-limits -Wvla -Wmissing-parameter-type -Wold-style-declaration -Wstrict-aliasing=3 -Wformat=2 -Warray-bounds=2 -ftree-vrp -Wduplicated-cond -Wnull-dereference -fdelete-null-pointer-checks -Wshift-negative-value -Wshift-overflow=2 -Walloc-zero -Wduplicated-branches -Wformat-overflow=2 -Wformat-truncation=1 -Wrestrict -Warith-conversion -Wdouble-promotion -Wenum-conversion -Wunused-const-variable  CMakeFiles/cmTC_c7000.dir/CheckSymbolExists.c.o -o cmTC_c7000 
gmake[1]: Leaving directory '/root/my_pistache_api/build/CMakeFiles/CMakeTmp'


File /root/my_pistache_api/build/CMakeFiles/CMakeTmp/CheckSymbolExists.c:
/* */
#include <inttypes.h>
#include <sys/wait.h>
#include <sys/ioctl.h>
#include <sys/param.h>
#include <sys/poll.h>
#include <sys/resource.h>
#include <sys/select.h>
#include <sys/socket.h>
#include <sys/stat.h>
#include <sys/time.h>
#include <sys/types.h>
#include <sys/un.h>
#include <sys/xattr.h>
#include <arpa/inet.h>
#include <fcntl.h>
#include <ifaddrs.h>
#include <libgen.h>
#include <locale.h>
#include <net/if.h>
#include <netdb.h>
#include <netinet/in.h>
#include <netinet/tcp.h>
#include <netinet/udp.h>
#include <poll.h>
#include <pwd.h>
#include <stdatomic.h>
#include <stdbool.h>
#include <stdint.h>
#include <strings.h>
#include <termio.h>
#include <termios.h>
#include <unistd.h>
#include <utime.h>

int main(int argc, char** argv)
{
  (void)argv;
#ifndef send
  return ((int*)(&send))[argc];
#else
  (void)argc;
  return 0;
#endif
}
Determining if the sendmsg exist passed with the following output:
Change Dir: /root/my_pistache_api/build/CMakeFiles/CMakeTmp

Run Build Command(s):/usr/bin/gmake -f Makefile cmTC_fb070/fast && /usr/bin/gmake  -f CMakeFiles/cmTC_fb070.dir/build.make CMakeFiles/cmTC_fb070.dir/build
gmake[1]: Entering directory '/root/my_pistache_api/build/CMakeFiles/CMakeTmp'
Building C object CMakeFiles/cmTC_fb070.dir/CheckSymbolExists.c.o
/usr/bin/cc   -W -Wall -pedantic -Wbad-function-cast -Wconversion -Winline -Wmissing-declarations -Wmissing-prototypes -Wnested-externs -Wno-long-long -Wno-multichar -Wpointer-arith -Wshadow -Wsign-compare -Wundef -Wunused -Wwrite-strings -Wcast-align -Wdeclaration-after-statement -Wempty-body -Wendif-labels -Wfloat-equal -Wignored-qualifiers -Wno-format-nonliteral -Wno-sign-conversion -Wno-system-headers -Wstrict-prototypes -Wtype-limits -Wvla -Wmissing-parameter-type -Wold-style-declaration -Wstrict-aliasing=3 -Wformat=2 -Warray-bounds=2 -ftree-vrp -Wduplicated-cond -Wnull-dereference -fdelete-null-pointer-checks -Wshift-negative-value -Wshift-overflow=2 -Walloc-zero -Wduplicated-branches -Wformat-overflow=2 -Wformat-truncation=1 -Wrestrict -Warith-conversion -Wdouble-promotion -Wenum-conversion -Wunused-const-variable  -o CMakeFiles/cmTC_fb070.dir/CheckSymbolExists.c.o -c /root/my_pistache_api/build/CMakeFiles/CMakeTmp/CheckSymbolExists.c
/root/my_pistache_api/build/CMakeFiles/CMakeTmp/CheckSymbolExists.c: In function ‘main’:
/root/my_pistache_api/build/CMakeFiles/CMakeTmp/CheckSymbolExists.c:40:11: warning: ISO C forbids conversion of function pointer to object pointer type [-Wpedantic]
   40 |   return ((int*)(&sendmsg))[argc];
      |           ^
Linking C executable cmTC_fb070
/usr/bin/cmake -E cmake_link_script CMakeFiles/cmTC_fb070.dir/link.txt --verbose=1
/usr/bin/cc   -W -Wall -pedantic -Wbad-function-cast -Wconversion -Winline -Wmissing-declarations -Wmissing-prototypes -Wnested-externs -Wno-long-long -Wno-multichar -Wpointer-arith -Wshadow -Wsign-compare -Wundef -Wunused -Wwrite-strings -Wcast-align -Wdeclaration-after-statement -Wempty-body -Wendif-labels -Wfloat-equal -Wignored-qualifiers -Wno-format-nonliteral -Wno-sign-conversion -Wno-system-headers -Wstrict-prototypes -Wtype-limits -Wvla -Wmissing-parameter-type -Wold-style-declaration -Wstrict-aliasing=3 -Wformat=2 -Warray-bounds=2 -ftree-vrp -Wduplicated-cond -Wnull-dereference -fdelete-null-pointer-checks -Wshift-negative-value -Wshift-overflow=2 -Walloc-zero -Wduplicated-branches -Wformat-overflow=2 -Wformat-truncation=1 -Wrestrict -Warith-conversion -Wdouble-promotion -Wenum-conversion -Wunused-const-variable  CMakeFiles/cmTC_fb070.dir/CheckSymbolExists.c.o -o cmTC_fb070 
gmake[1]: Leaving directory '/root/my_pistache_api/build/CMakeFiles/CMakeTmp'


File /root/my_pistache_api/build/CMakeFiles/CMakeTmp/CheckSymbolExists.c:
/* */
#include <inttypes.h>
#include <sys/wait.h>
#include <sys/ioctl.h>
#include <sys/param.h>
#include <sys/poll.h>
#include <sys/resource.h>
#include <sys/select.h>
#include <sys/socket.h>
#include <sys/stat.h>
#include <sys/time.h>
#include <sys/types.h>
#include <sys/un.h>
#include <sys/xattr.h>
#include <arpa/inet.h>
#include <fcntl.h>
#include <ifaddrs.h>
#include <libgen.h>
#include <locale.h>
#include <net/if.h>
#include <netdb.h>
#include <netinet/in.h>
#include <netinet/tcp.h>
#include <netinet/udp.h>
#include <poll.h>
#include <pwd.h>
#include <stdatomic.h>
#include <stdbool.h>
#include <stdint.h>
#include <strings.h>
#include <termio.h>
#include <termios.h>
#include <unistd.h>
#include <utime.h>

int main(int argc, char** argv)
{
  (void)argv;
#ifndef sendmsg
  return ((int*)(&sendmsg))[argc];
#else
  (void)argc;
  return 0;
#endif
}
Determining if the select exist passed with the following output:
Change Dir: /root/my_pistache_api/build/CMakeFiles/CMakeTmp

Run Build Command(s):/usr/bin/gmake -f Makefile cmTC_f12cc/fast && /usr/bin/gmake  -f CMakeFiles/cmTC_f12cc.dir/build.make CMakeFiles/cmTC_f12cc.dir/build
gmake[1]: Entering directory '/root/my_pistache_api/build/CMakeFiles/CMakeTmp'
Building C object CMakeFiles/cmTC_f12cc.dir/CheckSymbolExists.c.o
/usr/bin/cc   -W -Wall -pedantic -Wbad-function-cast -Wconversion -Winline -Wmissing-declarations -Wmissing-prototypes -Wnested-externs -Wno-long-long -Wno-multichar -Wpointer-arith -Wshadow -Wsign-compare -Wundef -Wunused -Wwrite-strings -Wcast-align -Wdeclaration-after-statement -Wempty-body -Wendif-labels -Wfloat-equal -Wignored-qualifiers -Wno-format-nonliteral -Wno-sign-conversion -Wno-system-headers -Wstrict-prototypes -Wtype-limits -Wvla -Wmissing-parameter-type -Wold-style-declaration -Wstrict-aliasing=3 -Wformat=2 -Warray-bounds=2 -ftree-vrp -Wduplicated-cond -Wnull-dereference -fdelete-null-pointer-checks -Wshift-negative-value -Wshift-overflow=2 -Walloc-zero -Wduplicated-branches -Wformat-overflow=2 -Wformat-truncation=1 -Wrestrict -Warith-conversion -Wdouble-promotion -Wenum-conversion -Wunused-const-variable  -o CMakeFiles/cmTC_f12cc.dir/CheckSymbolExists.c.o -c /root/my_pistache_api/build/CMakeFiles/CMakeTmp/CheckSymbolExists.c
/root/my_pistache_api/build/CMakeFiles/CMakeTmp/CheckSymbolExists.c: In function ‘main’:
/root/my_pistache_api/build/CMakeFiles/CMakeTmp/CheckSymbolExists.c:40:11: warning: ISO C forbids conversion of function pointer to object pointer type [-Wpedantic]
   40 |   return ((int*)(&select))[argc];
      |           ^
Linking C executable cmTC_f12cc
/usr/bin/cmake -E cmake_link_script CMakeFiles/cmTC_f12cc.dir/link.txt --verbose=1
/usr/bin/cc   -W -Wall -pedantic -Wbad-function-cast -Wconversion -Winline -Wmissing-declarations -Wmissing-prototypes -Wnested-externs -Wno-long-long -Wno-multichar -Wpointer-arith -Wshadow -Wsign-compare -Wundef -Wunused -Wwrite-strings -Wcast-align -Wdeclaration-after-statement -Wempty-body -Wendif-labels -Wfloat-equal -Wignored-qualifiers -Wno-format-nonliteral -Wno-sign-conversion -Wno-system-headers -Wstrict-prototypes -Wtype-limits -Wvla -Wmissing-parameter-type -Wold-style-declaration -Wstrict-aliasing=3 -Wformat=2 -Warray-bounds=2 -ftree-vrp -Wduplicated-cond -Wnull-dereference -fdelete-null-pointer-checks -Wshift-negative-value -Wshift-overflow=2 -Walloc-zero -Wduplicated-branches -Wformat-overflow=2 -Wformat-truncation=1 -Wrestrict -Warith-conversion -Wdouble-promotion -Wenum-conversion -Wunused-const-variable  CMakeFiles/cmTC_f12cc.dir/CheckSymbolExists.c.o -o cmTC_f12cc 
gmake[1]: Leaving directory '/root/my_pistache_api/build/CMakeFiles/CMakeTmp'


File /root/my_pistache_api/build/CMakeFiles/CMakeTmp/CheckSymbolExists.c:
/* */
#include <inttypes.h>
#include <sys/wait.h>
#include <sys/ioctl.h>
#include <sys/param.h>
#include <sys/poll.h>
#include <sys/resource.h>
#include <sys/select.h>
#include <sys/socket.h>
#include <sys/stat.h>
#include <sys/time.h>
#include <sys/types.h>
#include <sys/un.h>
#include <sys/xattr.h>
#include <arpa/inet.h>
#include <fcntl.h>
#include <ifaddrs.h>
#include <libgen.h>
#include <locale.h>
#include <net/if.h>
#include <netdb.h>
#include <netinet/in.h>
#include <netinet/tcp.h>
#include <netinet/udp.h>
#include <poll.h>
#include <pwd.h>
#include <stdatomic.h>
#include <stdbool.h>
#include <stdint.h>
#include <strings.h>
#include <termio.h>
#include <termios.h>
#include <unistd.h>
#include <utime.h>

int main(int argc, char** argv)
{
  (void)argv;
#ifndef select
  return ((int*)(&select))[argc];
#else
  (void)argc;
  return 0;
#endif
}
Determining if the strdup exist passed with the following output:
Change Dir: /root/my_pistache_api/build/CMakeFiles/CMakeTmp

Run Build Command(s):/usr/bin/gmake -f Makefile cmTC_8d668/fast && /usr/bin/gmake  -f CMakeFiles/cmTC_8d668.dir/build.make CMakeFiles/cmTC_8d668.dir/build
gmake[1]: Entering directory '/root/my_pistache_api/build/CMakeFiles/CMakeTmp'
Building C object CMakeFiles/cmTC_8d668.dir/CheckSymbolExists.c.o
/usr/bin/cc   -W -Wall -pedantic -Wbad-function-cast -Wconversion -Winline -Wmissing-declarations -Wmissing-prototypes -Wnested-externs -Wno-long-long -Wno-multichar -Wpointer-arith -Wshadow -Wsign-compare -Wundef -Wunused -Wwrite-strings -Wcast-align -Wdeclaration-after-statement -Wempty-body -Wendif-labels -Wfloat-equal -Wignored-qualifiers -Wno-format-nonliteral -Wno-sign-conversion -Wno-system-headers -Wstrict-prototypes -Wtype-limits -Wvla -Wmissing-parameter-type -Wold-style-declaration -Wstrict-aliasing=3 -Wformat=2 -Warray-bounds=2 -ftree-vrp -Wduplicated-cond -Wnull-dereference -fdelete-null-pointer-checks -Wshift-negative-value -Wshift-overflow=2 -Walloc-zero -Wduplicated-branches -Wformat-overflow=2 -Wformat-truncation=1 -Wrestrict -Warith-conversion -Wdouble-promotion -Wenum-conversion -Wunused-const-variable  -o CMakeFiles/cmTC_8d668.dir/CheckSymbolExists.c.o -c /root/my_pistache_api/build/CMakeFiles/CMakeTmp/CheckSymbolExists.c
/root/my_pistache_api/build/CMakeFiles/CMakeTmp/CheckSymbolExists.c: In function ‘main’:
/root/my_pistache_api/build/CMakeFiles/CMakeTmp/CheckSymbolExists.c:41:11: warning: ISO C forbids conversion of function pointer to object pointer type [-Wpedantic]
   41 |   return ((int*)(&strdup))[argc];
      |           ^
Linking C executable cmTC_8d668
/usr/bin/cmake -E cmake_link_script CMakeFiles/cmTC_8d668.dir/link.txt --verbose=1
/usr/bin/cc   -W -Wall -pedantic -Wbad-function-cast -Wconversion -Winline -Wmissing-declarations -Wmissing-prototypes -Wnested-externs -Wno-long-long -Wno-multichar -Wpointer-arith -Wshadow -Wsign-compare -Wundef -Wunused -Wwrite-strings -Wcast-align -Wdeclaration-after-statement -Wempty-body -Wendif-labels -Wfloat-equal -Wignored-qualifiers -Wno-format-nonliteral -Wno-sign-conversion -Wno-system-headers -Wstrict-prototypes -Wtype-limits -Wvla -Wmissing-parameter-type -Wold-style-declaration -Wstrict-aliasing=3 -Wformat=2 -Warray-bounds=2 -ftree-vrp -Wduplicated-cond -Wnull-dereference -fdelete-null-pointer-checks -Wshift-negative-value -Wshift-overflow=2 -Walloc-zero -Wduplicated-branches -Wformat-overflow=2 -Wformat-truncation=1 -Wrestrict -Warith-conversion -Wdouble-promotion -Wenum-conversion -Wunused-const-variable  CMakeFiles/cmTC_8d668.dir/CheckSymbolExists.c.o -o cmTC_8d668 
gmake[1]: Leaving directory '/root/my_pistache_api/build/CMakeFiles/CMakeTmp'


File /root/my_pistache_api/build/CMakeFiles/CMakeTmp/CheckSymbolExists.c:
/* */
#include <inttypes.h>
#include <sys/wait.h>
#include <sys/ioctl.h>
#include <sys/param.h>
#include <sys/poll.h>
#include <sys/resource.h>
#include <sys/select.h>
#include <sys/socket.h>
#include <sys/stat.h>
#include <sys/time.h>
#include <sys/types.h>
#include <sys/un.h>
#include <sys/xattr.h>
#include <arpa/inet.h>
#include <fcntl.h>
#include <ifaddrs.h>
#include <libgen.h>
#include <locale.h>
#include <net/if.h>
#include <netdb.h>
#include <netinet/in.h>
#include <netinet/tcp.h>
#include <netinet/udp.h>
#include <poll.h>
#include <pwd.h>
#include <stdatomic.h>
#include <stdbool.h>
#include <stdint.h>
#include <strings.h>
#include <termio.h>
#include <termios.h>
#include <unistd.h>
#include <utime.h>
#include <string.h>

int main(int argc, char** argv)
{
  (void)argv;
#ifndef strdup
  return ((int*)(&strdup))[argc];
#else
  (void)argc;
  return 0;
#endif
}
Determining if the strtok_r exist passed with the following output:
Change Dir: /root/my_pistache_api/build/CMakeFiles/CMakeTmp

Run Build Command(s):/usr/bin/gmake -f Makefile cmTC_7c192/fast && /usr/bin/gmake  -f CMakeFiles/cmTC_7c192.dir/build.make CMakeFiles/cmTC_7c192.dir/build
gmake[1]: Entering directory '/root/my_pistache_api/build/CMakeFiles/CMakeTmp'
Building C object CMakeFiles/cmTC_7c192.dir/CheckSymbolExists.c.o
/usr/bin/cc   -W -Wall -pedantic -Wbad-function-cast -Wconversion -Winline -Wmissing-declarations -Wmissing-prototypes -Wnested-externs -Wno-long-long -Wno-multichar -Wpointer-arith -Wshadow -Wsign-compare -Wundef -Wunused -Wwrite-strings -Wcast-align -Wdeclaration-after-statement -Wempty-body -Wendif-labels -Wfloat-equal -Wignored-qualifiers -Wno-format-nonliteral -Wno-sign-conversion -Wno-system-headers -Wstrict-prototypes -Wtype-limits -Wvla -Wmissing-parameter-type -Wold-style-declaration -Wstrict-aliasing=3 -Wformat=2 -Warray-bounds=2 -ftree-vrp -Wduplicated-cond -Wnull-dereference -fdelete-null-pointer-checks -Wshift-negative-value -Wshift-overflow=2 -Walloc-zero -Wduplicated-branches -Wformat-overflow=2 -Wformat-truncation=1 -Wrestrict -Warith-conversion -Wdouble-promotion -Wenum-conversion -Wunused-const-variable  -o CMakeFiles/cmTC_7c192.dir/CheckSymbolExists.c.o -c /root/my_pistache_api/build/CMakeFiles/CMakeTmp/CheckSymbolExists.c
/root/my_pistache_api/build/CMakeFiles/CMakeTmp/CheckSymbolExists.c: In function ‘main’:
/root/my_pistache_api/build/CMakeFiles/CMakeTmp/CheckSymbolExists.c:41:11: warning: ISO C forbids conversion of function pointer to object pointer type [-Wpedantic]
   41 |   return ((int*)(&strtok_r))[argc];
      |           ^
Linking C executable cmTC_7c192
/usr/bin/cmake -E cmake_link_script CMakeFiles/cmTC_7c192.dir/link.txt --verbose=1
/usr/bin/cc   -W -Wall -pedantic -Wbad-function-cast -Wconversion -Winline -Wmissing-declarations -Wmissing-prototypes -Wnested-externs -Wno-long-long -Wno-multichar -Wpointer-arith -Wshadow -Wsign-compare -Wundef -Wunused -Wwrite-strings -Wcast-align -Wdeclaration-after-statement -Wempty-body -Wendif-labels -Wfloat-equal -Wignored-qualifiers -Wno-format-nonliteral -Wno-sign-conversion -Wno-system-headers -Wstrict-prototypes -Wtype-limits -Wvla -Wmissing-parameter-type -Wold-style-declaration -Wstrict-aliasing=3 -Wformat=2 -Warray-bounds=2 -ftree-vrp -Wduplicated-cond -Wnull-dereference -fdelete-null-pointer-checks -Wshift-negative-value -Wshift-overflow=2 -Walloc-zero -Wduplicated-branches -Wformat-overflow=2 -Wformat-truncation=1 -Wrestrict -Warith-conversion -Wdouble-promotion -Wenum-conversion -Wunused-const-variable  CMakeFiles/cmTC_7c192.dir/CheckSymbolExists.c.o -o cmTC_7c192 
gmake[1]: Leaving directory '/root/my_pistache_api/build/CMakeFiles/CMakeTmp'


File /root/my_pistache_api/build/CMakeFiles/CMakeTmp/CheckSymbolExists.c:
/* */
#include <inttypes.h>
#include <sys/wait.h>
#include <sys/ioctl.h>
#include <sys/param.h>
#include <sys/poll.h>
#include <sys/resource.h>
#include <sys/select.h>
#include <sys/socket.h>
#include <sys/stat.h>
#include <sys/time.h>
#include <sys/types.h>
#include <sys/un.h>
#include <sys/xattr.h>
#include <arpa/inet.h>
#include <fcntl.h>
#include <ifaddrs.h>
#include <libgen.h>
#include <locale.h>
#include <net/if.h>
#include <netdb.h>
#include <netinet/in.h>
#include <netinet/tcp.h>
#include <netinet/udp.h>
#include <poll.h>
#include <pwd.h>
#include <stdatomic.h>
#include <stdbool.h>
#include <stdint.h>
#include <strings.h>
#include <termio.h>
#include <termios.h>
#include <unistd.h>
#include <utime.h>
#include <string.h>

int main(int argc, char** argv)
{
  (void)argv;
#ifndef strtok_r
  return ((int*)(&strtok_r))[argc];
#else
  (void)argc;
  return 0;
#endif
}
Determining if the strcasecmp exist passed with the following output:
Change Dir: /root/my_pistache_api/build/CMakeFiles/CMakeTmp

Run Build Command(s):/usr/bin/gmake -f Makefile cmTC_8d928/fast && /usr/bin/gmake  -f CMakeFiles/cmTC_8d928.dir/build.make CMakeFiles/cmTC_8d928.dir/build
gmake[1]: Entering directory '/root/my_pistache_api/build/CMakeFiles/CMakeTmp'
Building C object CMakeFiles/cmTC_8d928.dir/CheckSymbolExists.c.o
/usr/bin/cc   -W -Wall -pedantic -Wbad-function-cast -Wconversion -Winline -Wmissing-declarations -Wmissing-prototypes -Wnested-externs -Wno-long-long -Wno-multichar -Wpointer-arith -Wshadow -Wsign-compare -Wundef -Wunused -Wwrite-strings -Wcast-align -Wdeclaration-after-statement -Wempty-body -Wendif-labels -Wfloat-equal -Wignored-qualifiers -Wno-format-nonliteral -Wno-sign-conversion -Wno-system-headers -Wstrict-prototypes -Wtype-limits -Wvla -Wmissing-parameter-type -Wold-style-declaration -Wstrict-aliasing=3 -Wformat=2 -Warray-bounds=2 -ftree-vrp -Wduplicated-cond -Wnull-dereference -fdelete-null-pointer-checks -Wshift-negative-value -Wshift-overflow=2 -Walloc-zero -Wduplicated-branches -Wformat-overflow=2 -Wformat-truncation=1 -Wrestrict -Warith-conversion -Wdouble-promotion -Wenum-conversion -Wunused-const-variable  -o CMakeFiles/cmTC_8d928.dir/CheckSymbolExists.c.o -c /root/my_pistache_api/build/CMakeFiles/CMakeTmp/CheckSymbolExists.c
/root/my_pistache_api/build/CMakeFiles/CMakeTmp/CheckSymbolExists.c: In function ‘main’:
/root/my_pistache_api/build/CMakeFiles/CMakeTmp/CheckSymbolExists.c:41:11: warning: ISO C forbids conversion of function pointer to object pointer type [-Wpedantic]
   41 |   return ((int*)(&strcasecmp))[argc];
      |           ^
Linking C executable cmTC_8d928
/usr/bin/cmake -E cmake_link_script CMakeFiles/cmTC_8d928.dir/link.txt --verbose=1
/usr/bin/cc   -W -Wall -pedantic -Wbad-function-cast -Wconversion -Winline -Wmissing-declarations -Wmissing-prototypes -Wnested-externs -Wno-long-long -Wno-multichar -Wpointer-arith -Wshadow -Wsign-compare -Wundef -Wunused -Wwrite-strings -Wcast-align -Wdeclaration-after-statement -Wempty-body -Wendif-labels -Wfloat-equal -Wignored-qualifiers -Wno-format-nonliteral -Wno-sign-conversion -Wno-system-headers -Wstrict-prototypes -Wtype-limits -Wvla -Wmissing-parameter-type -Wold-style-declaration -Wstrict-aliasing=3 -Wformat=2 -Warray-bounds=2 -ftree-vrp -Wduplicated-cond -Wnull-dereference -fdelete-null-pointer-checks -Wshift-negative-value -Wshift-overflow=2 -Walloc-zero -Wduplicated-branches -Wformat-overflow=2 -Wformat-truncation=1 -Wrestrict -Warith-conversion -Wdouble-promotion -Wenum-conversion -Wunused-const-variable  CMakeFiles/cmTC_8d928.dir/CheckSymbolExists.c.o -o cmTC_8d928 
gmake[1]: Leaving directory '/root/my_pistache_api/build/CMakeFiles/CMakeTmp'


File /root/my_pistache_api/build/CMakeFiles/CMakeTmp/CheckSymbolExists.c:
/* */
#include <inttypes.h>
#include <sys/wait.h>
#include <sys/ioctl.h>
#include <sys/param.h>
#include <sys/poll.h>
#include <sys/resource.h>
#include <sys/select.h>
#include <sys/socket.h>
#include <sys/stat.h>
#include <sys/time.h>
#include <sys/types.h>
#include <sys/un.h>
#include <sys/xattr.h>
#include <arpa/inet.h>
#include <fcntl.h>
#include <ifaddrs.h>
#include <libgen.h>
#include <locale.h>
#include <net/if.h>
#include <netdb.h>
#include <netinet/in.h>
#include <netinet/tcp.h>
#include <netinet/udp.h>
#include <poll.h>
#include <pwd.h>
#include <stdatomic.h>
#include <stdbool.h>
#include <stdint.h>
#include <strings.h>
#include <termio.h>
#include <termios.h>
#include <unistd.h>
#include <utime.h>
#include <string.h>

int main(int argc, char** argv)
{
  (void)argv;
#ifndef strcasecmp
  return ((int*)(&strcasecmp))[argc];
#else
  (void)argc;
  return 0;
#endif
}
Determining if the alarm exist passed with the following output:
Change Dir: /root/my_pistache_api/build/CMakeFiles/CMakeTmp

Run Build Command(s):/usr/bin/gmake -f Makefile cmTC_460fe/fast && /usr/bin/gmake  -f CMakeFiles/cmTC_460fe.dir/build.make CMakeFiles/cmTC_460fe.dir/build
gmake[1]: Entering directory '/root/my_pistache_api/build/CMakeFiles/CMakeTmp'
Building C object CMakeFiles/cmTC_460fe.dir/CheckSymbolExists.c.o
/usr/bin/cc   -W -Wall -pedantic -Wbad-function-cast -Wconversion -Winline -Wmissing-declarations -Wmissing-prototypes -Wnested-externs -Wno-long-long -Wno-multichar -Wpointer-arith -Wshadow -Wsign-compare -Wundef -Wunused -Wwrite-strings -Wcast-align -Wdeclaration-after-statement -Wempty-body -Wendif-labels -Wfloat-equal -Wignored-qualifiers -Wno-format-nonliteral -Wno-sign-conversion -Wno-system-headers -Wstrict-prototypes -Wtype-limits -Wvla -Wmissing-parameter-type -Wold-style-declaration -Wstrict-aliasing=3 -Wformat=2 -Warray-bounds=2 -ftree-vrp -Wduplicated-cond -Wnull-dereference -fdelete-null-pointer-checks -Wshift-negative-value -Wshift-overflow=2 -Walloc-zero -Wduplicated-branches -Wformat-overflow=2 -Wformat-truncation=1 -Wrestrict -Warith-conversion -Wdouble-promotion -Wenum-conversion -Wunused-const-variable  -o CMakeFiles/cmTC_460fe.dir/CheckSymbolExists.c.o -c /root/my_pistache_api/build/CMakeFiles/CMakeTmp/CheckSymbolExists.c
/root/my_pistache_api/build/CMakeFiles/CMakeTmp/CheckSymbolExists.c: In function ‘main’:
/root/my_pistache_api/build/CMakeFiles/CMakeTmp/CheckSymbolExists.c:40:11: warning: ISO C forbids conversion of function pointer to object pointer type [-Wpedantic]
   40 |   return ((int*)(&alarm))[argc];
      |           ^
Linking C executable cmTC_460fe
/usr/bin/cmake -E cmake_link_script CMakeFiles/cmTC_460fe.dir/link.txt --verbose=1
/usr/bin/cc   -W -Wall -pedantic -Wbad-function-cast -Wconversion -Winline -Wmissing-declarations -Wmissing-prototypes -Wnested-externs -Wno-long-long -Wno-multichar -Wpointer-arith -Wshadow -Wsign-compare -Wundef -Wunused -Wwrite-strings -Wcast-align -Wdeclaration-after-statement -Wempty-body -Wendif-labels -Wfloat-equal -Wignored-qualifiers -Wno-format-nonliteral -Wno-sign-conversion -Wno-system-headers -Wstrict-prototypes -Wtype-limits -Wvla -Wmissing-parameter-type -Wold-style-declaration -Wstrict-aliasing=3 -Wformat=2 -Warray-bounds=2 -ftree-vrp -Wduplicated-cond -Wnull-dereference -fdelete-null-pointer-checks -Wshift-negative-value -Wshift-overflow=2 -Walloc-zero -Wduplicated-branches -Wformat-overflow=2 -Wformat-truncation=1 -Wrestrict -Warith-conversion -Wdouble-promotion -Wenum-conversion -Wunused-const-variable  CMakeFiles/cmTC_460fe.dir/CheckSymbolExists.c.o -o cmTC_460fe 
gmake[1]: Leaving directory '/root/my_pistache_api/build/CMakeFiles/CMakeTmp'


File /root/my_pistache_api/build/CMakeFiles/CMakeTmp/CheckSymbolExists.c:
/* */
#include <inttypes.h>
#include <sys/wait.h>
#include <sys/ioctl.h>
#include <sys/param.h>
#include <sys/poll.h>
#include <sys/resource.h>
#include <sys/select.h>
#include <sys/socket.h>
#include <sys/stat.h>
#include <sys/time.h>
#include <sys/types.h>
#include <sys/un.h>
#include <sys/xattr.h>
#include <arpa/inet.h>
#include <fcntl.h>
#include <ifaddrs.h>
#include <libgen.h>
#include <locale.h>
#include <net/if.h>
#include <netdb.h>
#include <netinet/in.h>
#include <netinet/tcp.h>
#include <netinet/udp.h>
#include <poll.h>
#include <pwd.h>
#include <stdatomic.h>
#include <stdbool.h>
#include <stdint.h>
#include <strings.h>
#include <termio.h>
#include <termios.h>
#include <unistd.h>
#include <utime.h>

int main(int argc, char** argv)
{
  (void)argv;
#ifndef alarm
  return ((int*)(&alarm))[argc];
#else
  (void)argc;
  return 0;
#endif
}
Determining if the fcntl exist passed with the following output:
Change Dir: /root/my_pistache_api/build/CMakeFiles/CMakeTmp

Run Build Command(s):/usr/bin/gmake -f Makefile cmTC_22018/fast && /usr/bin/gmake  -f CMakeFiles/cmTC_22018.dir/build.make CMakeFiles/cmTC_22018.dir/build
gmake[1]: Entering directory '/root/my_pistache_api/build/CMakeFiles/CMakeTmp'
Building C object CMakeFiles/cmTC_22018.dir/CheckSymbolExists.c.o
/usr/bin/cc   -W -Wall -pedantic -Wbad-function-cast -Wconversion -Winline -Wmissing-declarations -Wmissing-prototypes -Wnested-externs -Wno-long-long -Wno-multichar -Wpointer-arith -Wshadow -Wsign-compare -Wundef -Wunused -Wwrite-strings -Wcast-align -Wdeclaration-after-statement -Wempty-body -Wendif-labels -Wfloat-equal -Wignored-qualifiers -Wno-format-nonliteral -Wno-sign-conversion -Wno-system-headers -Wstrict-prototypes -Wtype-limits -Wvla -Wmissing-parameter-type -Wold-style-declaration -Wstrict-aliasing=3 -Wformat=2 -Warray-bounds=2 -ftree-vrp -Wduplicated-cond -Wnull-dereference -fdelete-null-pointer-checks -Wshift-negative-value -Wshift-overflow=2 -Walloc-zero -Wduplicated-branches -Wformat-overflow=2 -Wformat-truncation=1 -Wrestrict -Warith-conversion -Wdouble-promotion -Wenum-conversion -Wunused-const-variable  -o CMakeFiles/cmTC_22018.dir/CheckSymbolExists.c.o -c /root/my_pistache_api/build/CMakeFiles/CMakeTmp/CheckSymbolExists.c
/root/my_pistache_api/build/CMakeFiles/CMakeTmp/CheckSymbolExists.c: In function ‘main’:
/root/my_pistache_api/build/CMakeFiles/CMakeTmp/CheckSymbolExists.c:40:11: warning: ISO C forbids conversion of function pointer to object pointer type [-Wpedantic]
   40 |   return ((int*)(&fcntl))[argc];
      |           ^
Linking C executable cmTC_22018
/usr/bin/cmake -E cmake_link_script CMakeFiles/cmTC_22018.dir/link.txt --verbose=1
/usr/bin/cc   -W -Wall -pedantic -Wbad-function-cast -Wconversion -Winline -Wmissing-declarations -Wmissing-prototypes -Wnested-externs -Wno-long-long -Wno-multichar -Wpointer-arith -Wshadow -Wsign-compare -Wundef -Wunused -Wwrite-strings -Wcast-align -Wdeclaration-after-statement -Wempty-body -Wendif-labels -Wfloat-equal -Wignored-qualifiers -Wno-format-nonliteral -Wno-sign-conversion -Wno-system-headers -Wstrict-prototypes -Wtype-limits -Wvla -Wmissing-parameter-type -Wold-style-declaration -Wstrict-aliasing=3 -Wformat=2 -Warray-bounds=2 -ftree-vrp -Wduplicated-cond -Wnull-dereference -fdelete-null-pointer-checks -Wshift-negative-value -Wshift-overflow=2 -Walloc-zero -Wduplicated-branches -Wformat-overflow=2 -Wformat-truncation=1 -Wrestrict -Warith-conversion -Wdouble-promotion -Wenum-conversion -Wunused-const-variable  CMakeFiles/cmTC_22018.dir/CheckSymbolExists.c.o -o cmTC_22018 
gmake[1]: Leaving directory '/root/my_pistache_api/build/CMakeFiles/CMakeTmp'


File /root/my_pistache_api/build/CMakeFiles/CMakeTmp/CheckSymbolExists.c:
/* */
#include <inttypes.h>
#include <sys/wait.h>
#include <sys/ioctl.h>
#include <sys/param.h>
#include <sys/poll.h>
#include <sys/resource.h>
#include <sys/select.h>
#include <sys/socket.h>
#include <sys/stat.h>
#include <sys/time.h>
#include <sys/types.h>
#include <sys/un.h>
#include <sys/xattr.h>
#include <arpa/inet.h>
#include <fcntl.h>
#include <ifaddrs.h>
#include <libgen.h>
#include <locale.h>
#include <net/if.h>
#include <netdb.h>
#include <netinet/in.h>
#include <netinet/tcp.h>
#include <netinet/udp.h>
#include <poll.h>
#include <pwd.h>
#include <stdatomic.h>
#include <stdbool.h>
#include <stdint.h>
#include <strings.h>
#include <termio.h>
#include <termios.h>
#include <unistd.h>
#include <utime.h>

int main(int argc, char** argv)
{
  (void)argv;
#ifndef fcntl
  return ((int*)(&fcntl))[argc];
#else
  (void)argc;
  return 0;
#endif
}
Determining if the getppid exist passed with the following output:
Change Dir: /root/my_pistache_api/build/CMakeFiles/CMakeTmp

Run Build Command(s):/usr/bin/gmake -f Makefile cmTC_dd775/fast && /usr/bin/gmake  -f CMakeFiles/cmTC_dd775.dir/build.make CMakeFiles/cmTC_dd775.dir/build
gmake[1]: Entering directory '/root/my_pistache_api/build/CMakeFiles/CMakeTmp'
Building C object CMakeFiles/cmTC_dd775.dir/CheckSymbolExists.c.o
/usr/bin/cc   -W -Wall -pedantic -Wbad-function-cast -Wconversion -Winline -Wmissing-declarations -Wmissing-prototypes -Wnested-externs -Wno-long-long -Wno-multichar -Wpointer-arith -Wshadow -Wsign-compare -Wundef -Wunused -Wwrite-strings -Wcast-align -Wdeclaration-after-statement -Wempty-body -Wendif-labels -Wfloat-equal -Wignored-qualifiers -Wno-format-nonliteral -Wno-sign-conversion -Wno-system-headers -Wstrict-prototypes -Wtype-limits -Wvla -Wmissing-parameter-type -Wold-style-declaration -Wstrict-aliasing=3 -Wformat=2 -Warray-bounds=2 -ftree-vrp -Wduplicated-cond -Wnull-dereference -fdelete-null-pointer-checks -Wshift-negative-value -Wshift-overflow=2 -Walloc-zero -Wduplicated-branches -Wformat-overflow=2 -Wformat-truncation=1 -Wrestrict -Warith-conversion -Wdouble-promotion -Wenum-conversion -Wunused-const-variable  -o CMakeFiles/cmTC_dd775.dir/CheckSymbolExists.c.o -c /root/my_pistache_api/build/CMakeFiles/CMakeTmp/CheckSymbolExists.c
/root/my_pistache_api/build/CMakeFiles/CMakeTmp/CheckSymbolExists.c: In function ‘main’:
/root/my_pistache_api/build/CMakeFiles/CMakeTmp/CheckSymbolExists.c:40:11: warning: ISO C forbids conversion of function pointer to object pointer type [-Wpedantic]
   40 |   return ((int*)(&getppid))[argc];
      |           ^
Linking C executable cmTC_dd775
/usr/bin/cmake -E cmake_link_script CMakeFiles/cmTC_dd775.dir/link.txt --verbose=1
/usr/bin/cc   -W -Wall -pedantic -Wbad-function-cast -Wconversion -Winline -Wmissing-declarations -Wmissing-prototypes -Wnested-externs -Wno-long-long -Wno-multichar -Wpointer-arith -Wshadow -Wsign-compare -Wundef -Wunused -Wwrite-strings -Wcast-align -Wdeclaration-after-statement -Wempty-body -Wendif-labels -Wfloat-equal -Wignored-qualifiers -Wno-format-nonliteral -Wno-sign-conversion -Wno-system-headers -Wstrict-prototypes -Wtype-limits -Wvla -Wmissing-parameter-type -Wold-style-declaration -Wstrict-aliasing=3 -Wformat=2 -Warray-bounds=2 -ftree-vrp -Wduplicated-cond -Wnull-dereference -fdelete-null-pointer-checks -Wshift-negative-value -Wshift-overflow=2 -Walloc-zero -Wduplicated-branches -Wformat-overflow=2 -Wformat-truncation=1 -Wrestrict -Warith-conversion -Wdouble-promotion -Wenum-conversion -Wunused-const-variable  CMakeFiles/cmTC_dd775.dir/CheckSymbolExists.c.o -o cmTC_dd775 
gmake[1]: Leaving directory '/root/my_pistache_api/build/CMakeFiles/CMakeTmp'


File /root/my_pistache_api/build/CMakeFiles/CMakeTmp/CheckSymbolExists.c:
/* */
#include <inttypes.h>
#include <sys/wait.h>
#include <sys/ioctl.h>
#include <sys/param.h>
#include <sys/poll.h>
#include <sys/resource.h>
#include <sys/select.h>
#include <sys/socket.h>
#include <sys/stat.h>
#include <sys/time.h>
#include <sys/types.h>
#include <sys/un.h>
#include <sys/xattr.h>
#include <arpa/inet.h>
#include <fcntl.h>
#include <ifaddrs.h>
#include <libgen.h>
#include <locale.h>
#include <net/if.h>
#include <netdb.h>
#include <netinet/in.h>
#include <netinet/tcp.h>
#include <netinet/udp.h>
#include <poll.h>
#include <pwd.h>
#include <stdatomic.h>
#include <stdbool.h>
#include <stdint.h>
#include <strings.h>
#include <termio.h>
#include <termios.h>
#include <unistd.h>
#include <utime.h>

int main(int argc, char** argv)
{
  (void)argv;
#ifndef getppid
  return ((int*)(&getppid))[argc];
#else
  (void)argc;
  return 0;
#endif
}
Determining if the utimes exist passed with the following output:
Change Dir: /root/my_pistache_api/build/CMakeFiles/CMakeTmp

Run Build Command(s):/usr/bin/gmake -f Makefile cmTC_00615/fast && /usr/bin/gmake  -f CMakeFiles/cmTC_00615.dir/build.make CMakeFiles/cmTC_00615.dir/build
gmake[1]: Entering directory '/root/my_pistache_api/build/CMakeFiles/CMakeTmp'
Building C object CMakeFiles/cmTC_00615.dir/CheckSymbolExists.c.o
/usr/bin/cc   -W -Wall -pedantic -Wbad-function-cast -Wconversion -Winline -Wmissing-declarations -Wmissing-prototypes -Wnested-externs -Wno-long-long -Wno-multichar -Wpointer-arith -Wshadow -Wsign-compare -Wundef -Wunused -Wwrite-strings -Wcast-align -Wdeclaration-after-statement -Wempty-body -Wendif-labels -Wfloat-equal -Wignored-qualifiers -Wno-format-nonliteral -Wno-sign-conversion -Wno-system-headers -Wstrict-prototypes -Wtype-limits -Wvla -Wmissing-parameter-type -Wold-style-declaration -Wstrict-aliasing=3 -Wformat=2 -Warray-bounds=2 -ftree-vrp -Wduplicated-cond -Wnull-dereference -fdelete-null-pointer-checks -Wshift-negative-value -Wshift-overflow=2 -Walloc-zero -Wduplicated-branches -Wformat-overflow=2 -Wformat-truncation=1 -Wrestrict -Warith-conversion -Wdouble-promotion -Wenum-conversion -Wunused-const-variable  -o CMakeFiles/cmTC_00615.dir/CheckSymbolExists.c.o -c /root/my_pistache_api/build/CMakeFiles/CMakeTmp/CheckSymbolExists.c
/root/my_pistache_api/build/CMakeFiles/CMakeTmp/CheckSymbolExists.c: In function ‘main’:
/root/my_pistache_api/build/CMakeFiles/CMakeTmp/CheckSymbolExists.c:40:11: warning: ISO C forbids conversion of function pointer to object pointer type [-Wpedantic]
   40 |   return ((int*)(&utimes))[argc];
      |           ^
Linking C executable cmTC_00615
/usr/bin/cmake -E cmake_link_script CMakeFiles/cmTC_00615.dir/link.txt --verbose=1
/usr/bin/cc   -W -Wall -pedantic -Wbad-function-cast -Wconversion -Winline -Wmissing-declarations -Wmissing-prototypes -Wnested-externs -Wno-long-long -Wno-multichar -Wpointer-arith -Wshadow -Wsign-compare -Wundef -Wunused -Wwrite-strings -Wcast-align -Wdeclaration-after-statement -Wempty-body -Wendif-labels -Wfloat-equal -Wignored-qualifiers -Wno-format-nonliteral -Wno-sign-conversion -Wno-system-headers -Wstrict-prototypes -Wtype-limits -Wvla -Wmissing-parameter-type -Wold-style-declaration -Wstrict-aliasing=3 -Wformat=2 -Warray-bounds=2 -ftree-vrp -Wduplicated-cond -Wnull-dereference -fdelete-null-pointer-checks -Wshift-negative-value -Wshift-overflow=2 -Walloc-zero -Wduplicated-branches -Wformat-overflow=2 -Wformat-truncation=1 -Wrestrict -Warith-conversion -Wdouble-promotion -Wenum-conversion -Wunused-const-variable  CMakeFiles/cmTC_00615.dir/CheckSymbolExists.c.o -o cmTC_00615 
gmake[1]: Leaving directory '/root/my_pistache_api/build/CMakeFiles/CMakeTmp'


File /root/my_pistache_api/build/CMakeFiles/CMakeTmp/CheckSymbolExists.c:
/* */
#include <inttypes.h>
#include <sys/wait.h>
#include <sys/ioctl.h>
#include <sys/param.h>
#include <sys/poll.h>
#include <sys/resource.h>
#include <sys/select.h>
#include <sys/socket.h>
#include <sys/stat.h>
#include <sys/time.h>
#include <sys/types.h>
#include <sys/un.h>
#include <sys/xattr.h>
#include <arpa/inet.h>
#include <fcntl.h>
#include <ifaddrs.h>
#include <libgen.h>
#include <locale.h>
#include <net/if.h>
#include <netdb.h>
#include <netinet/in.h>
#include <netinet/tcp.h>
#include <netinet/udp.h>
#include <poll.h>
#include <pwd.h>
#include <stdatomic.h>
#include <stdbool.h>
#include <stdint.h>
#include <strings.h>
#include <termio.h>
#include <termios.h>
#include <unistd.h>
#include <utime.h>

int main(int argc, char** argv)
{
  (void)argv;
#ifndef utimes
  return ((int*)(&utimes))[argc];
#else
  (void)argc;
  return 0;
#endif
}
Determining if the gettimeofday exist passed with the following output:
Change Dir: /root/my_pistache_api/build/CMakeFiles/CMakeTmp

Run Build Command(s):/usr/bin/gmake -f Makefile cmTC_3c0f7/fast && /usr/bin/gmake  -f CMakeFiles/cmTC_3c0f7.dir/build.make CMakeFiles/cmTC_3c0f7.dir/build
gmake[1]: Entering directory '/root/my_pistache_api/build/CMakeFiles/CMakeTmp'
Building C object CMakeFiles/cmTC_3c0f7.dir/CheckSymbolExists.c.o
/usr/bin/cc   -W -Wall -pedantic -Wbad-function-cast -Wconversion -Winline -Wmissing-declarations -Wmissing-prototypes -Wnested-externs -Wno-long-long -Wno-multichar -Wpointer-arith -Wshadow -Wsign-compare -Wundef -Wunused -Wwrite-strings -Wcast-align -Wdeclaration-after-statement -Wempty-body -Wendif-labels -Wfloat-equal -Wignored-qualifiers -Wno-format-nonliteral -Wno-sign-conversion -Wno-system-headers -Wstrict-prototypes -Wtype-limits -Wvla -Wmissing-parameter-type -Wold-style-declaration -Wstrict-aliasing=3 -Wformat=2 -Warray-bounds=2 -ftree-vrp -Wduplicated-cond -Wnull-dereference -fdelete-null-pointer-checks -Wshift-negative-value -Wshift-overflow=2 -Walloc-zero -Wduplicated-branches -Wformat-overflow=2 -Wformat-truncation=1 -Wrestrict -Warith-conversion -Wdouble-promotion -Wenum-conversion -Wunused-const-variable  -o CMakeFiles/cmTC_3c0f7.dir/CheckSymbolExists.c.o -c /root/my_pistache_api/build/CMakeFiles/CMakeTmp/CheckSymbolExists.c
/root/my_pistache_api/build/CMakeFiles/CMakeTmp/CheckSymbolExists.c: In function ‘main’:
/root/my_pistache_api/build/CMakeFiles/CMakeTmp/CheckSymbolExists.c:40:11: warning: ISO C forbids conversion of function pointer to object pointer type [-Wpedantic]
   40 |   return ((int*)(&gettimeofday))[argc];
      |           ^
Linking C executable cmTC_3c0f7
/usr/bin/cmake -E cmake_link_script CMakeFiles/cmTC_3c0f7.dir/link.txt --verbose=1
/usr/bin/cc   -W -Wall -pedantic -Wbad-function-cast -Wconversion -Winline -Wmissing-declarations -Wmissing-prototypes -Wnested-externs -Wno-long-long -Wno-multichar -Wpointer-arith -Wshadow -Wsign-compare -Wundef -Wunused -Wwrite-strings -Wcast-align -Wdeclaration-after-statement -Wempty-body -Wendif-labels -Wfloat-equal -Wignored-qualifiers -Wno-format-nonliteral -Wno-sign-conversion -Wno-system-headers -Wstrict-prototypes -Wtype-limits -Wvla -Wmissing-parameter-type -Wold-style-declaration -Wstrict-aliasing=3 -Wformat=2 -Warray-bounds=2 -ftree-vrp -Wduplicated-cond -Wnull-dereference -fdelete-null-pointer-checks -Wshift-negative-value -Wshift-overflow=2 -Walloc-zero -Wduplicated-branches -Wformat-overflow=2 -Wformat-truncation=1 -Wrestrict -Warith-conversion -Wdouble-promotion -Wenum-conversion -Wunused-const-variable  CMakeFiles/cmTC_3c0f7.dir/CheckSymbolExists.c.o -o cmTC_3c0f7 
gmake[1]: Leaving directory '/root/my_pistache_api/build/CMakeFiles/CMakeTmp'


File /root/my_pistache_api/build/CMakeFiles/CMakeTmp/CheckSymbolExists.c:
/* */
#include <inttypes.h>
#include <sys/wait.h>
#include <sys/ioctl.h>
#include <sys/param.h>
#include <sys/poll.h>
#include <sys/resource.h>
#include <sys/select.h>
#include <sys/socket.h>
#include <sys/stat.h>
#include <sys/time.h>
#include <sys/types.h>
#include <sys/un.h>
#include <sys/xattr.h>
#include <arpa/inet.h>
#include <fcntl.h>
#include <ifaddrs.h>
#include <libgen.h>
#include <locale.h>
#include <net/if.h>
#include <netdb.h>
#include <netinet/in.h>
#include <netinet/tcp.h>
#include <netinet/udp.h>
#include <poll.h>
#include <pwd.h>
#include <stdatomic.h>
#include <stdbool.h>
#include <stdint.h>
#include <strings.h>
#include <termio.h>
#include <termios.h>
#include <unistd.h>
#include <utime.h>

int main(int argc, char** argv)
{
  (void)argv;
#ifndef gettimeofday
  return ((int*)(&gettimeofday))[argc];
#else
  (void)argc;
  return 0;
#endif
}
Determining if the sigsetjmp exist passed with the following output:
Change Dir: /root/my_pistache_api/build/CMakeFiles/CMakeTmp

Run Build Command(s):/usr/bin/gmake -f Makefile cmTC_99e84/fast && /usr/bin/gmake  -f CMakeFiles/cmTC_99e84.dir/build.make CMakeFiles/cmTC_99e84.dir/build
gmake[1]: Entering directory '/root/my_pistache_api/build/CMakeFiles/CMakeTmp'
Building C object CMakeFiles/cmTC_99e84.dir/CheckSymbolExists.c.o
/usr/bin/cc   -W -Wall -pedantic -Wbad-function-cast -Wconversion -Winline -Wmissing-declarations -Wmissing-prototypes -Wnested-externs -Wno-long-long -Wno-multichar -Wpointer-arith -Wshadow -Wsign-compare -Wundef -Wunused -Wwrite-strings -Wcast-align -Wdeclaration-after-statement -Wempty-body -Wendif-labels -Wfloat-equal -Wignored-qualifiers -Wno-format-nonliteral -Wno-sign-conversion -Wno-system-headers -Wstrict-prototypes -Wtype-limits -Wvla -Wmissing-parameter-type -Wold-style-declaration -Wstrict-aliasing=3 -Wformat=2 -Warray-bounds=2 -ftree-vrp -Wduplicated-cond -Wnull-dereference -fdelete-null-pointer-checks -Wshift-negative-value -Wshift-overflow=2 -Walloc-zero -Wduplicated-branches -Wformat-overflow=2 -Wformat-truncation=1 -Wrestrict -Warith-conversion -Wdouble-promotion -Wenum-conversion -Wunused-const-variable  -o CMakeFiles/cmTC_99e84.dir/CheckSymbolExists.c.o -c /root/my_pistache_api/build/CMakeFiles/CMakeTmp/CheckSymbolExists.c
Linking C executable cmTC_99e84
/usr/bin/cmake -E cmake_link_script CMakeFiles/cmTC_99e84.dir/link.txt --verbose=1
/usr/bin/cc   -W -Wall -pedantic -Wbad-function-cast -Wconversion -Winline -Wmissing-declarations -Wmissing-prototypes -Wnested-externs -Wno-long-long -Wno-multichar -Wpointer-arith -Wshadow -Wsign-compare -Wundef -Wunused -Wwrite-strings -Wcast-align -Wdeclaration-after-statement -Wempty-body -Wendif-labels -Wfloat-equal -Wignored-qualifiers -Wno-format-nonliteral -Wno-sign-conversion -Wno-system-headers -Wstrict-prototypes -Wtype-limits -Wvla -Wmissing-parameter-type -Wold-style-declaration -Wstrict-aliasing=3 -Wformat=2 -Warray-bounds=2 -ftree-vrp -Wduplicated-cond -Wnull-dereference -fdelete-null-pointer-checks -Wshift-negative-value -Wshift-overflow=2 -Walloc-zero -Wduplicated-branches -Wformat-overflow=2 -Wformat-truncation=1 -Wrestrict -Warith-conversion -Wdouble-promotion -Wenum-conversion -Wunused-const-variable  CMakeFiles/cmTC_99e84.dir/CheckSymbolExists.c.o -o cmTC_99e84 
gmake[1]: Leaving directory '/root/my_pistache_api/build/CMakeFiles/CMakeTmp'


File /root/my_pistache_api/build/CMakeFiles/CMakeTmp/CheckSymbolExists.c:
/* */
#include <inttypes.h>
#include <sys/wait.h>
#include <sys/ioctl.h>
#include <sys/param.h>
#include <sys/poll.h>
#include <sys/resource.h>
#include <sys/select.h>
#include <sys/socket.h>
#include <sys/stat.h>
#include <sys/time.h>
#include <sys/types.h>
#include <sys/un.h>
#include <sys/xattr.h>
#include <arpa/inet.h>
#include <fcntl.h>
#include <ifaddrs.h>
#include <libgen.h>
#include <locale.h>
#include <net/if.h>
#include <netdb.h>
#include <netinet/in.h>
#include <netinet/tcp.h>
#include <netinet/udp.h>
#include <poll.h>
#include <pwd.h>
#include <stdatomic.h>
#include <stdbool.h>
#include <stdint.h>
#include <strings.h>
#include <termio.h>
#include <termios.h>
#include <unistd.h>
#include <utime.h>
#include <setjmp.h>

int main(int argc, char** argv)
{
  (void)argv;
#ifndef sigsetjmp
  return ((int*)(&sigsetjmp))[argc];
#else
  (void)argc;
  return 0;
#endif
}
Determining if the getpwuid exist passed with the following output:
Change Dir: /root/my_pistache_api/build/CMakeFiles/CMakeTmp

Run Build Command(s):/usr/bin/gmake -f Makefile cmTC_e6c19/fast && /usr/bin/gmake  -f CMakeFiles/cmTC_e6c19.dir/build.make CMakeFiles/cmTC_e6c19.dir/build
gmake[1]: Entering directory '/root/my_pistache_api/build/CMakeFiles/CMakeTmp'
Building C object CMakeFiles/cmTC_e6c19.dir/CheckSymbolExists.c.o
/usr/bin/cc   -W -Wall -pedantic -Wbad-function-cast -Wconversion -Winline -Wmissing-declarations -Wmissing-prototypes -Wnested-externs -Wno-long-long -Wno-multichar -Wpointer-arith -Wshadow -Wsign-compare -Wundef -Wunused -Wwrite-strings -Wcast-align -Wdeclaration-after-statement -Wempty-body -Wendif-labels -Wfloat-equal -Wignored-qualifiers -Wno-format-nonliteral -Wno-sign-conversion -Wno-system-headers -Wstrict-prototypes -Wtype-limits -Wvla -Wmissing-parameter-type -Wold-style-declaration -Wstrict-aliasing=3 -Wformat=2 -Warray-bounds=2 -ftree-vrp -Wduplicated-cond -Wnull-dereference -fdelete-null-pointer-checks -Wshift-negative-value -Wshift-overflow=2 -Walloc-zero -Wduplicated-branches -Wformat-overflow=2 -Wformat-truncation=1 -Wrestrict -Warith-conversion -Wdouble-promotion -Wenum-conversion -Wunused-const-variable  -o CMakeFiles/cmTC_e6c19.dir/CheckSymbolExists.c.o -c /root/my_pistache_api/build/CMakeFiles/CMakeTmp/CheckSymbolExists.c
/root/my_pistache_api/build/CMakeFiles/CMakeTmp/CheckSymbolExists.c: In function ‘main’:
/root/my_pistache_api/build/CMakeFiles/CMakeTmp/CheckSymbolExists.c:40:11: warning: ISO C forbids conversion of function pointer to object pointer type [-Wpedantic]
   40 |   return ((int*)(&getpwuid))[argc];
      |           ^
Linking C executable cmTC_e6c19
/usr/bin/cmake -E cmake_link_script CMakeFiles/cmTC_e6c19.dir/link.txt --verbose=1
/usr/bin/cc   -W -Wall -pedantic -Wbad-function-cast -Wconversion -Winline -Wmissing-declarations -Wmissing-prototypes -Wnested-externs -Wno-long-long -Wno-multichar -Wpointer-arith -Wshadow -Wsign-compare -Wundef -Wunused -Wwrite-strings -Wcast-align -Wdeclaration-after-statement -Wempty-body -Wendif-labels -Wfloat-equal -Wignored-qualifiers -Wno-format-nonliteral -Wno-sign-conversion -Wno-system-headers -Wstrict-prototypes -Wtype-limits -Wvla -Wmissing-parameter-type -Wold-style-declaration -Wstrict-aliasing=3 -Wformat=2 -Warray-bounds=2 -ftree-vrp -Wduplicated-cond -Wnull-dereference -fdelete-null-pointer-checks -Wshift-negative-value -Wshift-overflow=2 -Walloc-zero -Wduplicated-branches -Wformat-overflow=2 -Wformat-truncation=1 -Wrestrict -Warith-conversion -Wdouble-promotion -Wenum-conversion -Wunused-const-variable  CMakeFiles/cmTC_e6c19.dir/CheckSymbolExists.c.o -o cmTC_e6c19 
gmake[1]: Leaving directory '/root/my_pistache_api/build/CMakeFiles/CMakeTmp'


File /root/my_pistache_api/build/CMakeFiles/CMakeTmp/CheckSymbolExists.c:
/* */
#include <inttypes.h>
#include <sys/wait.h>
#include <sys/ioctl.h>
#include <sys/param.h>
#include <sys/poll.h>
#include <sys/resource.h>
#include <sys/select.h>
#include <sys/socket.h>
#include <sys/stat.h>
#include <sys/time.h>
#include <sys/types.h>
#include <sys/un.h>
#include <sys/xattr.h>
#include <arpa/inet.h>
#include <fcntl.h>
#include <ifaddrs.h>
#include <libgen.h>
#include <locale.h>
#include <net/if.h>
#include <netdb.h>
#include <netinet/in.h>
#include <netinet/tcp.h>
#include <netinet/udp.h>
#include <poll.h>
#include <pwd.h>
#include <stdatomic.h>
#include <stdbool.h>
#include <stdint.h>
#include <strings.h>
#include <termio.h>
#include <termios.h>
#include <unistd.h>
#include <utime.h>

int main(int argc, char** argv)
{
  (void)argv;
#ifndef getpwuid
  return ((int*)(&getpwuid))[argc];
#else
  (void)argc;
  return 0;
#endif
}
Determining if the getpwuid_r exist passed with the following output:
Change Dir: /root/my_pistache_api/build/CMakeFiles/CMakeTmp

Run Build Command(s):/usr/bin/gmake -f Makefile cmTC_7ced0/fast && /usr/bin/gmake  -f CMakeFiles/cmTC_7ced0.dir/build.make CMakeFiles/cmTC_7ced0.dir/build
gmake[1]: Entering directory '/root/my_pistache_api/build/CMakeFiles/CMakeTmp'
Building C object CMakeFiles/cmTC_7ced0.dir/CheckSymbolExists.c.o
/usr/bin/cc   -W -Wall -pedantic -Wbad-function-cast -Wconversion -Winline -Wmissing-declarations -Wmissing-prototypes -Wnested-externs -Wno-long-long -Wno-multichar -Wpointer-arith -Wshadow -Wsign-compare -Wundef -Wunused -Wwrite-strings -Wcast-align -Wdeclaration-after-statement -Wempty-body -Wendif-labels -Wfloat-equal -Wignored-qualifiers -Wno-format-nonliteral -Wno-sign-conversion -Wno-system-headers -Wstrict-prototypes -Wtype-limits -Wvla -Wmissing-parameter-type -Wold-style-declaration -Wstrict-aliasing=3 -Wformat=2 -Warray-bounds=2 -ftree-vrp -Wduplicated-cond -Wnull-dereference -fdelete-null-pointer-checks -Wshift-negative-value -Wshift-overflow=2 -Walloc-zero -Wduplicated-branches -Wformat-overflow=2 -Wformat-truncation=1 -Wrestrict -Warith-conversion -Wdouble-promotion -Wenum-conversion -Wunused-const-variable  -o CMakeFiles/cmTC_7ced0.dir/CheckSymbolExists.c.o -c /root/my_pistache_api/build/CMakeFiles/CMakeTmp/CheckSymbolExists.c
/root/my_pistache_api/build/CMakeFiles/CMakeTmp/CheckSymbolExists.c: In function ‘main’:
/root/my_pistache_api/build/CMakeFiles/CMakeTmp/CheckSymbolExists.c:40:11: warning: ISO C forbids conversion of function pointer to object pointer type [-Wpedantic]
   40 |   return ((int*)(&getpwuid_r))[argc];
      |           ^
Linking C executable cmTC_7ced0
/usr/bin/cmake -E cmake_link_script CMakeFiles/cmTC_7ced0.dir/link.txt --verbose=1
/usr/bin/cc   -W -Wall -pedantic -Wbad-function-cast -Wconversion -Winline -Wmissing-declarations -Wmissing-prototypes -Wnested-externs -Wno-long-long -Wno-multichar -Wpointer-arith -Wshadow -Wsign-compare -Wundef -Wunused -Wwrite-strings -Wcast-align -Wdeclaration-after-statement -Wempty-body -Wendif-labels -Wfloat-equal -Wignored-qualifiers -Wno-format-nonliteral -Wno-sign-conversion -Wno-system-headers -Wstrict-prototypes -Wtype-limits -Wvla -Wmissing-parameter-type -Wold-style-declaration -Wstrict-aliasing=3 -Wformat=2 -Warray-bounds=2 -ftree-vrp -Wduplicated-cond -Wnull-dereference -fdelete-null-pointer-checks -Wshift-negative-value -Wshift-overflow=2 -Walloc-zero -Wduplicated-branches -Wformat-overflow=2 -Wformat-truncation=1 -Wrestrict -Warith-conversion -Wdouble-promotion -Wenum-conversion -Wunused-const-variable  CMakeFiles/cmTC_7ced0.dir/CheckSymbolExists.c.o -o cmTC_7ced0 
gmake[1]: Leaving directory '/root/my_pistache_api/build/CMakeFiles/CMakeTmp'


File /root/my_pistache_api/build/CMakeFiles/CMakeTmp/CheckSymbolExists.c:
/* */
#include <inttypes.h>
#include <sys/wait.h>
#include <sys/ioctl.h>
#include <sys/param.h>
#include <sys/poll.h>
#include <sys/resource.h>
#include <sys/select.h>
#include <sys/socket.h>
#include <sys/stat.h>
#include <sys/time.h>
#include <sys/types.h>
#include <sys/un.h>
#include <sys/xattr.h>
#include <arpa/inet.h>
#include <fcntl.h>
#include <ifaddrs.h>
#include <libgen.h>
#include <locale.h>
#include <net/if.h>
#include <netdb.h>
#include <netinet/in.h>
#include <netinet/tcp.h>
#include <netinet/udp.h>
#include <poll.h>
#include <pwd.h>
#include <stdatomic.h>
#include <stdbool.h>
#include <stdint.h>
#include <strings.h>
#include <termio.h>
#include <termios.h>
#include <unistd.h>
#include <utime.h>

int main(int argc, char** argv)
{
  (void)argv;
#ifndef getpwuid_r
  return ((int*)(&getpwuid_r))[argc];
#else
  (void)argc;
  return 0;
#endif
}
Determining if the geteuid exist passed with the following output:
Change Dir: /root/my_pistache_api/build/CMakeFiles/CMakeTmp

Run Build Command(s):/usr/bin/gmake -f Makefile cmTC_39274/fast && /usr/bin/gmake  -f CMakeFiles/cmTC_39274.dir/build.make CMakeFiles/cmTC_39274.dir/build
gmake[1]: Entering directory '/root/my_pistache_api/build/CMakeFiles/CMakeTmp'
Building C object CMakeFiles/cmTC_39274.dir/CheckSymbolExists.c.o
/usr/bin/cc   -W -Wall -pedantic -Wbad-function-cast -Wconversion -Winline -Wmissing-declarations -Wmissing-prototypes -Wnested-externs -Wno-long-long -Wno-multichar -Wpointer-arith -Wshadow -Wsign-compare -Wundef -Wunused -Wwrite-strings -Wcast-align -Wdeclaration-after-statement -Wempty-body -Wendif-labels -Wfloat-equal -Wignored-qualifiers -Wno-format-nonliteral -Wno-sign-conversion -Wno-system-headers -Wstrict-prototypes -Wtype-limits -Wvla -Wmissing-parameter-type -Wold-style-declaration -Wstrict-aliasing=3 -Wformat=2 -Warray-bounds=2 -ftree-vrp -Wduplicated-cond -Wnull-dereference -fdelete-null-pointer-checks -Wshift-negative-value -Wshift-overflow=2 -Walloc-zero -Wduplicated-branches -Wformat-overflow=2 -Wformat-truncation=1 -Wrestrict -Warith-conversion -Wdouble-promotion -Wenum-conversion -Wunused-const-variable  -o CMakeFiles/cmTC_39274.dir/CheckSymbolExists.c.o -c /root/my_pistache_api/build/CMakeFiles/CMakeTmp/CheckSymbolExists.c
/root/my_pistache_api/build/CMakeFiles/CMakeTmp/CheckSymbolExists.c: In function ‘main’:
/root/my_pistache_api/build/CMakeFiles/CMakeTmp/CheckSymbolExists.c:40:11: warning: ISO C forbids conversion of function pointer to object pointer type [-Wpedantic]
   40 |   return ((int*)(&geteuid))[argc];
      |           ^
Linking C executable cmTC_39274
/usr/bin/cmake -E cmake_link_script CMakeFiles/cmTC_39274.dir/link.txt --verbose=1
/usr/bin/cc   -W -Wall -pedantic -Wbad-function-cast -Wconversion -Winline -Wmissing-declarations -Wmissing-prototypes -Wnested-externs -Wno-long-long -Wno-multichar -Wpointer-arith -Wshadow -Wsign-compare -Wundef -Wunused -Wwrite-strings -Wcast-align -Wdeclaration-after-statement -Wempty-body -Wendif-labels -Wfloat-equal -Wignored-qualifiers -Wno-format-nonliteral -Wno-sign-conversion -Wno-system-headers -Wstrict-prototypes -Wtype-limits -Wvla -Wmissing-parameter-type -Wold-style-declaration -Wstrict-aliasing=3 -Wformat=2 -Warray-bounds=2 -ftree-vrp -Wduplicated-cond -Wnull-dereference -fdelete-null-pointer-checks -Wshift-negative-value -Wshift-overflow=2 -Walloc-zero -Wduplicated-branches -Wformat-overflow=2 -Wformat-truncation=1 -Wrestrict -Warith-conversion -Wdouble-promotion -Wenum-conversion -Wunused-const-variable  CMakeFiles/cmTC_39274.dir/CheckSymbolExists.c.o -o cmTC_39274 
gmake[1]: Leaving directory '/root/my_pistache_api/build/CMakeFiles/CMakeTmp'


File /root/my_pistache_api/build/CMakeFiles/CMakeTmp/CheckSymbolExists.c:
/* */
#include <inttypes.h>
#include <sys/wait.h>
#include <sys/ioctl.h>
#include <sys/param.h>
#include <sys/poll.h>
#include <sys/resource.h>
#include <sys/select.h>
#include <sys/socket.h>
#include <sys/stat.h>
#include <sys/time.h>
#include <sys/types.h>
#include <sys/un.h>
#include <sys/xattr.h>
#include <arpa/inet.h>
#include <fcntl.h>
#include <ifaddrs.h>
#include <libgen.h>
#include <locale.h>
#include <net/if.h>
#include <netdb.h>
#include <netinet/in.h>
#include <netinet/tcp.h>
#include <netinet/udp.h>
#include <poll.h>
#include <pwd.h>
#include <stdatomic.h>
#include <stdbool.h>
#include <stdint.h>
#include <strings.h>
#include <termio.h>
#include <termios.h>
#include <unistd.h>
#include <utime.h>

int main(int argc, char** argv)
{
  (void)argv;
#ifndef geteuid
  return ((int*)(&geteuid))[argc];
#else
  (void)argc;
  return 0;
#endif
}
Determining if the utime exist passed with the following output:
Change Dir: /root/my_pistache_api/build/CMakeFiles/CMakeTmp

Run Build Command(s):/usr/bin/gmake -f Makefile cmTC_db20c/fast && /usr/bin/gmake  -f CMakeFiles/cmTC_db20c.dir/build.make CMakeFiles/cmTC_db20c.dir/build
gmake[1]: Entering directory '/root/my_pistache_api/build/CMakeFiles/CMakeTmp'
Building C object CMakeFiles/cmTC_db20c.dir/CheckSymbolExists.c.o
/usr/bin/cc   -W -Wall -pedantic -Wbad-function-cast -Wconversion -Winline -Wmissing-declarations -Wmissing-prototypes -Wnested-externs -Wno-long-long -Wno-multichar -Wpointer-arith -Wshadow -Wsign-compare -Wundef -Wunused -Wwrite-strings -Wcast-align -Wdeclaration-after-statement -Wempty-body -Wendif-labels -Wfloat-equal -Wignored-qualifiers -Wno-format-nonliteral -Wno-sign-conversion -Wno-system-headers -Wstrict-prototypes -Wtype-limits -Wvla -Wmissing-parameter-type -Wold-style-declaration -Wstrict-aliasing=3 -Wformat=2 -Warray-bounds=2 -ftree-vrp -Wduplicated-cond -Wnull-dereference -fdelete-null-pointer-checks -Wshift-negative-value -Wshift-overflow=2 -Walloc-zero -Wduplicated-branches -Wformat-overflow=2 -Wformat-truncation=1 -Wrestrict -Warith-conversion -Wdouble-promotion -Wenum-conversion -Wunused-const-variable  -o CMakeFiles/cmTC_db20c.dir/CheckSymbolExists.c.o -c /root/my_pistache_api/build/CMakeFiles/CMakeTmp/CheckSymbolExists.c
/root/my_pistache_api/build/CMakeFiles/CMakeTmp/CheckSymbolExists.c: In function ‘main’:
/root/my_pistache_api/build/CMakeFiles/CMakeTmp/CheckSymbolExists.c:40:11: warning: ISO C forbids conversion of function pointer to object pointer type [-Wpedantic]
   40 |   return ((int*)(&utime))[argc];
      |           ^
Linking C executable cmTC_db20c
/usr/bin/cmake -E cmake_link_script CMakeFiles/cmTC_db20c.dir/link.txt --verbose=1
/usr/bin/cc   -W -Wall -pedantic -Wbad-function-cast -Wconversion -Winline -Wmissing-declarations -Wmissing-prototypes -Wnested-externs -Wno-long-long -Wno-multichar -Wpointer-arith -Wshadow -Wsign-compare -Wundef -Wunused -Wwrite-strings -Wcast-align -Wdeclaration-after-statement -Wempty-body -Wendif-labels -Wfloat-equal -Wignored-qualifiers -Wno-format-nonliteral -Wno-sign-conversion -Wno-system-headers -Wstrict-prototypes -Wtype-limits -Wvla -Wmissing-parameter-type -Wold-style-declaration -Wstrict-aliasing=3 -Wformat=2 -Warray-bounds=2 -ftree-vrp -Wduplicated-cond -Wnull-dereference -fdelete-null-pointer-checks -Wshift-negative-value -Wshift-overflow=2 -Walloc-zero -Wduplicated-branches -Wformat-overflow=2 -Wformat-truncation=1 -Wrestrict -Warith-conversion -Wdouble-promotion -Wenum-conversion -Wunused-const-variable  CMakeFiles/cmTC_db20c.dir/CheckSymbolExists.c.o -o cmTC_db20c 
gmake[1]: Leaving directory '/root/my_pistache_api/build/CMakeFiles/CMakeTmp'


File /root/my_pistache_api/build/CMakeFiles/CMakeTmp/CheckSymbolExists.c:
/* */
#include <inttypes.h>
#include <sys/wait.h>
#include <sys/ioctl.h>
#include <sys/param.h>
#include <sys/poll.h>
#include <sys/resource.h>
#include <sys/select.h>
#include <sys/socket.h>
#include <sys/stat.h>
#include <sys/time.h>
#include <sys/types.h>
#include <sys/un.h>
#include <sys/xattr.h>
#include <arpa/inet.h>
#include <fcntl.h>
#include <ifaddrs.h>
#include <libgen.h>
#include <locale.h>
#include <net/if.h>
#include <netdb.h>
#include <netinet/in.h>
#include <netinet/tcp.h>
#include <netinet/udp.h>
#include <poll.h>
#include <pwd.h>
#include <stdatomic.h>
#include <stdbool.h>
#include <stdint.h>
#include <strings.h>
#include <termio.h>
#include <termios.h>
#include <unistd.h>
#include <utime.h>

int main(int argc, char** argv)
{
  (void)argv;
#ifndef utime
  return ((int*)(&utime))[argc];
#else
  (void)argc;
  return 0;
#endif
}
Determining if the gmtime_r exist passed with the following output:
Change Dir: /root/my_pistache_api/build/CMakeFiles/CMakeTmp

Run Build Command(s):/usr/bin/gmake -f Makefile cmTC_18cd6/fast && /usr/bin/gmake  -f CMakeFiles/cmTC_18cd6.dir/build.make CMakeFiles/cmTC_18cd6.dir/build
gmake[1]: Entering directory '/root/my_pistache_api/build/CMakeFiles/CMakeTmp'
Building C object CMakeFiles/cmTC_18cd6.dir/CheckSymbolExists.c.o
/usr/bin/cc   -W -Wall -pedantic -Wbad-function-cast -Wconversion -Winline -Wmissing-declarations -Wmissing-prototypes -Wnested-externs -Wno-long-long -Wno-multichar -Wpointer-arith -Wshadow -Wsign-compare -Wundef -Wunused -Wwrite-strings -Wcast-align -Wdeclaration-after-statement -Wempty-body -Wendif-labels -Wfloat-equal -Wignored-qualifiers -Wno-format-nonliteral -Wno-sign-conversion -Wno-system-headers -Wstrict-prototypes -Wtype-limits -Wvla -Wmissing-parameter-type -Wold-style-declaration -Wstrict-aliasing=3 -Wformat=2 -Warray-bounds=2 -ftree-vrp -Wduplicated-cond -Wnull-dereference -fdelete-null-pointer-checks -Wshift-negative-value -Wshift-overflow=2 -Walloc-zero -Wduplicated-branches -Wformat-overflow=2 -Wformat-truncation=1 -Wrestrict -Warith-conversion -Wdouble-promotion -Wenum-conversion -Wunused-const-variable  -o CMakeFiles/cmTC_18cd6.dir/CheckSymbolExists.c.o -c /root/my_pistache_api/build/CMakeFiles/CMakeTmp/CheckSymbolExists.c
/root/my_pistache_api/build/CMakeFiles/CMakeTmp/CheckSymbolExists.c: In function ‘main’:
/root/my_pistache_api/build/CMakeFiles/CMakeTmp/CheckSymbolExists.c:42:11: warning: ISO C forbids conversion of function pointer to object pointer type [-Wpedantic]
   42 |   return ((int*)(&gmtime_r))[argc];
      |           ^
Linking C executable cmTC_18cd6
/usr/bin/cmake -E cmake_link_script CMakeFiles/cmTC_18cd6.dir/link.txt --verbose=1
/usr/bin/cc   -W -Wall -pedantic -Wbad-function-cast -Wconversion -Winline -Wmissing-declarations -Wmissing-prototypes -Wnested-externs -Wno-long-long -Wno-multichar -Wpointer-arith -Wshadow -Wsign-compare -Wundef -Wunused -Wwrite-strings -Wcast-align -Wdeclaration-after-statement -Wempty-body -Wendif-labels -Wfloat-equal -Wignored-qualifiers -Wno-format-nonliteral -Wno-sign-conversion -Wno-system-headers -Wstrict-prototypes -Wtype-limits -Wvla -Wmissing-parameter-type -Wold-style-declaration -Wstrict-aliasing=3 -Wformat=2 -Warray-bounds=2 -ftree-vrp -Wduplicated-cond -Wnull-dereference -fdelete-null-pointer-checks -Wshift-negative-value -Wshift-overflow=2 -Walloc-zero -Wduplicated-branches -Wformat-overflow=2 -Wformat-truncation=1 -Wrestrict -Warith-conversion -Wdouble-promotion -Wenum-conversion -Wunused-const-variable  CMakeFiles/cmTC_18cd6.dir/CheckSymbolExists.c.o -o cmTC_18cd6 
gmake[1]: Leaving directory '/root/my_pistache_api/build/CMakeFiles/CMakeTmp'


File /root/my_pistache_api/build/CMakeFiles/CMakeTmp/CheckSymbolExists.c:
/* */
#include <inttypes.h>
#include <sys/wait.h>
#include <sys/ioctl.h>
#include <sys/param.h>
#include <sys/poll.h>
#include <sys/resource.h>
#include <sys/select.h>
#include <sys/socket.h>
#include <sys/stat.h>
#include <sys/time.h>
#include <sys/types.h>
#include <sys/un.h>
#include <sys/xattr.h>
#include <arpa/inet.h>
#include <fcntl.h>
#include <ifaddrs.h>
#include <libgen.h>
#include <locale.h>
#include <net/if.h>
#include <netdb.h>
#include <netinet/in.h>
#include <netinet/tcp.h>
#include <netinet/udp.h>
#include <poll.h>
#include <pwd.h>
#include <stdatomic.h>
#include <stdbool.h>
#include <stdint.h>
#include <strings.h>
#include <termio.h>
#include <termios.h>
#include <unistd.h>
#include <utime.h>
#include <stdlib.h>
#include <time.h>

int main(int argc, char** argv)
{
  (void)argv;
#ifndef gmtime_r
  return ((int*)(&gmtime_r))[argc];
#else
  (void)argc;
  return 0;
#endif
}
Determining if the gethostbyname_r exist passed with the following output:
Change Dir: /root/my_pistache_api/build/CMakeFiles/CMakeTmp

Run Build Command(s):/usr/bin/gmake -f Makefile cmTC_b4a6f/fast && /usr/bin/gmake  -f CMakeFiles/cmTC_b4a6f.dir/build.make CMakeFiles/cmTC_b4a6f.dir/build
gmake[1]: Entering directory '/root/my_pistache_api/build/CMakeFiles/CMakeTmp'
Building C object CMakeFiles/cmTC_b4a6f.dir/CheckSymbolExists.c.o
/usr/bin/cc   -W -Wall -pedantic -Wbad-function-cast -Wconversion -Winline -Wmissing-declarations -Wmissing-prototypes -Wnested-externs -Wno-long-long -Wno-multichar -Wpointer-arith -Wshadow -Wsign-compare -Wundef -Wunused -Wwrite-strings -Wcast-align -Wdeclaration-after-statement -Wempty-body -Wendif-labels -Wfloat-equal -Wignored-qualifiers -Wno-format-nonliteral -Wno-sign-conversion -Wno-system-headers -Wstrict-prototypes -Wtype-limits -Wvla -Wmissing-parameter-type -Wold-style-declaration -Wstrict-aliasing=3 -Wformat=2 -Warray-bounds=2 -ftree-vrp -Wduplicated-cond -Wnull-dereference -fdelete-null-pointer-checks -Wshift-negative-value -Wshift-overflow=2 -Walloc-zero -Wduplicated-branches -Wformat-overflow=2 -Wformat-truncation=1 -Wrestrict -Warith-conversion -Wdouble-promotion -Wenum-conversion -Wunused-const-variable  -o CMakeFiles/cmTC_b4a6f.dir/CheckSymbolExists.c.o -c /root/my_pistache_api/build/CMakeFiles/CMakeTmp/CheckSymbolExists.c
/root/my_pistache_api/build/CMakeFiles/CMakeTmp/CheckSymbolExists.c: In function ‘main’:
/root/my_pistache_api/build/CMakeFiles/CMakeTmp/CheckSymbolExists.c:40:11: warning: ISO C forbids conversion of function pointer to object pointer type [-Wpedantic]
   40 |   return ((int*)(&gethostbyname_r))[argc];
      |           ^
Linking C executable cmTC_b4a6f
/usr/bin/cmake -E cmake_link_script CMakeFiles/cmTC_b4a6f.dir/link.txt --verbose=1
/usr/bin/cc   -W -Wall -pedantic -Wbad-function-cast -Wconversion -Winline -Wmissing-declarations -Wmissing-prototypes -Wnested-externs -Wno-long-long -Wno-multichar -Wpointer-arith -Wshadow -Wsign-compare -Wundef -Wunused -Wwrite-strings -Wcast-align -Wdeclaration-after-statement -Wempty-body -Wendif-labels -Wfloat-equal -Wignored-qualifiers -Wno-format-nonliteral -Wno-sign-conversion -Wno-system-headers -Wstrict-prototypes -Wtype-limits -Wvla -Wmissing-parameter-type -Wold-style-declaration -Wstrict-aliasing=3 -Wformat=2 -Warray-bounds=2 -ftree-vrp -Wduplicated-cond -Wnull-dereference -fdelete-null-pointer-checks -Wshift-negative-value -Wshift-overflow=2 -Walloc-zero -Wduplicated-branches -Wformat-overflow=2 -Wformat-truncation=1 -Wrestrict -Warith-conversion -Wdouble-promotion -Wenum-conversion -Wunused-const-variable  CMakeFiles/cmTC_b4a6f.dir/CheckSymbolExists.c.o -o cmTC_b4a6f 
gmake[1]: Leaving directory '/root/my_pistache_api/build/CMakeFiles/CMakeTmp'


File /root/my_pistache_api/build/CMakeFiles/CMakeTmp/CheckSymbolExists.c:
/* */
#include <inttypes.h>
#include <sys/wait.h>
#include <sys/ioctl.h>
#include <sys/param.h>
#include <sys/poll.h>
#include <sys/resource.h>
#include <sys/select.h>
#include <sys/socket.h>
#include <sys/stat.h>
#include <sys/time.h>
#include <sys/types.h>
#include <sys/un.h>
#include <sys/xattr.h>
#include <arpa/inet.h>
#include <fcntl.h>
#include <ifaddrs.h>
#include <libgen.h>
#include <locale.h>
#include <net/if.h>
#include <netdb.h>
#include <netinet/in.h>
#include <netinet/tcp.h>
#include <netinet/udp.h>
#include <poll.h>
#include <pwd.h>
#include <stdatomic.h>
#include <stdbool.h>
#include <stdint.h>
#include <strings.h>
#include <termio.h>
#include <termios.h>
#include <unistd.h>
#include <utime.h>

int main(int argc, char** argv)
{
  (void)argv;
#ifndef gethostbyname_r
  return ((int*)(&gethostbyname_r))[argc];
#else
  (void)argc;
  return 0;
#endif
}
Determining if the signal exist passed with the following output:
Change Dir: /root/my_pistache_api/build/CMakeFiles/CMakeTmp

Run Build Command(s):/usr/bin/gmake -f Makefile cmTC_23fcd/fast && /usr/bin/gmake  -f CMakeFiles/cmTC_23fcd.dir/build.make CMakeFiles/cmTC_23fcd.dir/build
gmake[1]: Entering directory '/root/my_pistache_api/build/CMakeFiles/CMakeTmp'
Building C object CMakeFiles/cmTC_23fcd.dir/CheckSymbolExists.c.o
/usr/bin/cc   -W -Wall -pedantic -Wbad-function-cast -Wconversion -Winline -Wmissing-declarations -Wmissing-prototypes -Wnested-externs -Wno-long-long -Wno-multichar -Wpointer-arith -Wshadow -Wsign-compare -Wundef -Wunused -Wwrite-strings -Wcast-align -Wdeclaration-after-statement -Wempty-body -Wendif-labels -Wfloat-equal -Wignored-qualifiers -Wno-format-nonliteral -Wno-sign-conversion -Wno-system-headers -Wstrict-prototypes -Wtype-limits -Wvla -Wmissing-parameter-type -Wold-style-declaration -Wstrict-aliasing=3 -Wformat=2 -Warray-bounds=2 -ftree-vrp -Wduplicated-cond -Wnull-dereference -fdelete-null-pointer-checks -Wshift-negative-value -Wshift-overflow=2 -Walloc-zero -Wduplicated-branches -Wformat-overflow=2 -Wformat-truncation=1 -Wrestrict -Warith-conversion -Wdouble-promotion -Wenum-conversion -Wunused-const-variable  -o CMakeFiles/cmTC_23fcd.dir/CheckSymbolExists.c.o -c /root/my_pistache_api/build/CMakeFiles/CMakeTmp/CheckSymbolExists.c
/root/my_pistache_api/build/CMakeFiles/CMakeTmp/CheckSymbolExists.c: In function ‘main’:
/root/my_pistache_api/build/CMakeFiles/CMakeTmp/CheckSymbolExists.c:41:11: warning: ISO C forbids conversion of function pointer to object pointer type [-Wpedantic]
   41 |   return ((int*)(&signal))[argc];
      |           ^
Linking C executable cmTC_23fcd
/usr/bin/cmake -E cmake_link_script CMakeFiles/cmTC_23fcd.dir/link.txt --verbose=1
/usr/bin/cc   -W -Wall -pedantic -Wbad-function-cast -Wconversion -Winline -Wmissing-declarations -Wmissing-prototypes -Wnested-externs -Wno-long-long -Wno-multichar -Wpointer-arith -Wshadow -Wsign-compare -Wundef -Wunused -Wwrite-strings -Wcast-align -Wdeclaration-after-statement -Wempty-body -Wendif-labels -Wfloat-equal -Wignored-qualifiers -Wno-format-nonliteral -Wno-sign-conversion -Wno-system-headers -Wstrict-prototypes -Wtype-limits -Wvla -Wmissing-parameter-type -Wold-style-declaration -Wstrict-aliasing=3 -Wformat=2 -Warray-bounds=2 -ftree-vrp -Wduplicated-cond -Wnull-dereference -fdelete-null-pointer-checks -Wshift-negative-value -Wshift-overflow=2 -Walloc-zero -Wduplicated-branches -Wformat-overflow=2 -Wformat-truncation=1 -Wrestrict -Warith-conversion -Wdouble-promotion -Wenum-conversion -Wunused-const-variable  CMakeFiles/cmTC_23fcd.dir/CheckSymbolExists.c.o -o cmTC_23fcd 
gmake[1]: Leaving directory '/root/my_pistache_api/build/CMakeFiles/CMakeTmp'


File /root/my_pistache_api/build/CMakeFiles/CMakeTmp/CheckSymbolExists.c:
/* */
#include <inttypes.h>
#include <sys/wait.h>
#include <sys/ioctl.h>
#include <sys/param.h>
#include <sys/poll.h>
#include <sys/resource.h>
#include <sys/select.h>
#include <sys/socket.h>
#include <sys/stat.h>
#include <sys/time.h>
#include <sys/types.h>
#include <sys/un.h>
#include <sys/xattr.h>
#include <arpa/inet.h>
#include <fcntl.h>
#include <ifaddrs.h>
#include <libgen.h>
#include <locale.h>
#include <net/if.h>
#include <netdb.h>
#include <netinet/in.h>
#include <netinet/tcp.h>
#include <netinet/udp.h>
#include <poll.h>
#include <pwd.h>
#include <stdatomic.h>
#include <stdbool.h>
#include <stdint.h>
#include <strings.h>
#include <termio.h>
#include <termios.h>
#include <unistd.h>
#include <utime.h>
#include <signal.h>

int main(int argc, char** argv)
{
  (void)argv;
#ifndef signal
  return ((int*)(&signal))[argc];
#else
  (void)argc;
  return 0;
#endif
}
Determining if the strtoll exist passed with the following output:
Change Dir: /root/my_pistache_api/build/CMakeFiles/CMakeTmp

Run Build Command(s):/usr/bin/gmake -f Makefile cmTC_d957b/fast && /usr/bin/gmake  -f CMakeFiles/cmTC_d957b.dir/build.make CMakeFiles/cmTC_d957b.dir/build
gmake[1]: Entering directory '/root/my_pistache_api/build/CMakeFiles/CMakeTmp'
Building C object CMakeFiles/cmTC_d957b.dir/CheckSymbolExists.c.o
/usr/bin/cc   -W -Wall -pedantic -Wbad-function-cast -Wconversion -Winline -Wmissing-declarations -Wmissing-prototypes -Wnested-externs -Wno-long-long -Wno-multichar -Wpointer-arith -Wshadow -Wsign-compare -Wundef -Wunused -Wwrite-strings -Wcast-align -Wdeclaration-after-statement -Wempty-body -Wendif-labels -Wfloat-equal -Wignored-qualifiers -Wno-format-nonliteral -Wno-sign-conversion -Wno-system-headers -Wstrict-prototypes -Wtype-limits -Wvla -Wmissing-parameter-type -Wold-style-declaration -Wstrict-aliasing=3 -Wformat=2 -Warray-bounds=2 -ftree-vrp -Wduplicated-cond -Wnull-dereference -fdelete-null-pointer-checks -Wshift-negative-value -Wshift-overflow=2 -Walloc-zero -Wduplicated-branches -Wformat-overflow=2 -Wformat-truncation=1 -Wrestrict -Warith-conversion -Wdouble-promotion -Wenum-conversion -Wunused-const-variable  -o CMakeFiles/cmTC_d957b.dir/CheckSymbolExists.c.o -c /root/my_pistache_api/build/CMakeFiles/CMakeTmp/CheckSymbolExists.c
/root/my_pistache_api/build/CMakeFiles/CMakeTmp/CheckSymbolExists.c: In function ‘main’:
/root/my_pistache_api/build/CMakeFiles/CMakeTmp/CheckSymbolExists.c:41:11: warning: ISO C forbids conversion of function pointer to object pointer type [-Wpedantic]
   41 |   return ((int*)(&strtoll))[argc];
      |           ^
Linking C executable cmTC_d957b
/usr/bin/cmake -E cmake_link_script CMakeFiles/cmTC_d957b.dir/link.txt --verbose=1
/usr/bin/cc   -W -Wall -pedantic -Wbad-function-cast -Wconversion -Winline -Wmissing-declarations -Wmissing-prototypes -Wnested-externs -Wno-long-long -Wno-multichar -Wpointer-arith -Wshadow -Wsign-compare -Wundef -Wunused -Wwrite-strings -Wcast-align -Wdeclaration-after-statement -Wempty-body -Wendif-labels -Wfloat-equal -Wignored-qualifiers -Wno-format-nonliteral -Wno-sign-conversion -Wno-system-headers -Wstrict-prototypes -Wtype-limits -Wvla -Wmissing-parameter-type -Wold-style-declaration -Wstrict-aliasing=3 -Wformat=2 -Warray-bounds=2 -ftree-vrp -Wduplicated-cond -Wnull-dereference -fdelete-null-pointer-checks -Wshift-negative-value -Wshift-overflow=2 -Walloc-zero -Wduplicated-branches -Wformat-overflow=2 -Wformat-truncation=1 -Wrestrict -Warith-conversion -Wdouble-promotion -Wenum-conversion -Wunused-const-variable  CMakeFiles/cmTC_d957b.dir/CheckSymbolExists.c.o -o cmTC_d957b 
gmake[1]: Leaving directory '/root/my_pistache_api/build/CMakeFiles/CMakeTmp'


File /root/my_pistache_api/build/CMakeFiles/CMakeTmp/CheckSymbolExists.c:
/* */
#include <inttypes.h>
#include <sys/wait.h>
#include <sys/ioctl.h>
#include <sys/param.h>
#include <sys/poll.h>
#include <sys/resource.h>
#include <sys/select.h>
#include <sys/socket.h>
#include <sys/stat.h>
#include <sys/time.h>
#include <sys/types.h>
#include <sys/un.h>
#include <sys/xattr.h>
#include <arpa/inet.h>
#include <fcntl.h>
#include <ifaddrs.h>
#include <libgen.h>
#include <locale.h>
#include <net/if.h>
#include <netdb.h>
#include <netinet/in.h>
#include <netinet/tcp.h>
#include <netinet/udp.h>
#include <poll.h>
#include <pwd.h>
#include <stdatomic.h>
#include <stdbool.h>
#include <stdint.h>
#include <strings.h>
#include <termio.h>
#include <termios.h>
#include <unistd.h>
#include <utime.h>
#include <stdlib.h>

int main(int argc, char** argv)
{
  (void)argv;
#ifndef strtoll
  return ((int*)(&strtoll))[argc];
#else
  (void)argc;
  return 0;
#endif
}
Determining if the strerror_r exist passed with the following output:
Change Dir: /root/my_pistache_api/build/CMakeFiles/CMakeTmp

Run Build Command(s):/usr/bin/gmake -f Makefile cmTC_bcff8/fast && /usr/bin/gmake  -f CMakeFiles/cmTC_bcff8.dir/build.make CMakeFiles/cmTC_bcff8.dir/build
gmake[1]: Entering directory '/root/my_pistache_api/build/CMakeFiles/CMakeTmp'
Building C object CMakeFiles/cmTC_bcff8.dir/CheckSymbolExists.c.o
/usr/bin/cc   -W -Wall -pedantic -Wbad-function-cast -Wconversion -Winline -Wmissing-declarations -Wmissing-prototypes -Wnested-externs -Wno-long-long -Wno-multichar -Wpointer-arith -Wshadow -Wsign-compare -Wundef -Wunused -Wwrite-strings -Wcast-align -Wdeclaration-after-statement -Wempty-body -Wendif-labels -Wfloat-equal -Wignored-qualifiers -Wno-format-nonliteral -Wno-sign-conversion -Wno-system-headers -Wstrict-prototypes -Wtype-limits -Wvla -Wmissing-parameter-type -Wold-style-declaration -Wstrict-aliasing=3 -Wformat=2 -Warray-bounds=2 -ftree-vrp -Wduplicated-cond -Wnull-dereference -fdelete-null-pointer-checks -Wshift-negative-value -Wshift-overflow=2 -Walloc-zero -Wduplicated-branches -Wformat-overflow=2 -Wformat-truncation=1 -Wrestrict -Warith-conversion -Wdouble-promotion -Wenum-conversion -Wunused-const-variable  -o CMakeFiles/cmTC_bcff8.dir/CheckSymbolExists.c.o -c /root/my_pistache_api/build/CMakeFiles/CMakeTmp/CheckSymbolExists.c
/root/my_pistache_api/build/CMakeFiles/CMakeTmp/CheckSymbolExists.c: In function ‘main’:
/root/my_pistache_api/build/CMakeFiles/CMakeTmp/CheckSymbolExists.c:42:11: warning: ISO C forbids conversion of function pointer to object pointer type [-Wpedantic]
   42 |   return ((int*)(&strerror_r))[argc];
      |           ^
Linking C executable cmTC_bcff8
/usr/bin/cmake -E cmake_link_script CMakeFiles/cmTC_bcff8.dir/link.txt --verbose=1
/usr/bin/cc   -W -Wall -pedantic -Wbad-function-cast -Wconversion -Winline -Wmissing-declarations -Wmissing-prototypes -Wnested-externs -Wno-long-long -Wno-multichar -Wpointer-arith -Wshadow -Wsign-compare -Wundef -Wunused -Wwrite-strings -Wcast-align -Wdeclaration-after-statement -Wempty-body -Wendif-labels -Wfloat-equal -Wignored-qualifiers -Wno-format-nonliteral -Wno-sign-conversion -Wno-system-headers -Wstrict-prototypes -Wtype-limits -Wvla -Wmissing-parameter-type -Wold-style-declaration -Wstrict-aliasing=3 -Wformat=2 -Warray-bounds=2 -ftree-vrp -Wduplicated-cond -Wnull-dereference -fdelete-null-pointer-checks -Wshift-negative-value -Wshift-overflow=2 -Walloc-zero -Wduplicated-branches -Wformat-overflow=2 -Wformat-truncation=1 -Wrestrict -Warith-conversion -Wdouble-promotion -Wenum-conversion -Wunused-const-variable  CMakeFiles/cmTC_bcff8.dir/CheckSymbolExists.c.o -o cmTC_bcff8 
gmake[1]: Leaving directory '/root/my_pistache_api/build/CMakeFiles/CMakeTmp'


File /root/my_pistache_api/build/CMakeFiles/CMakeTmp/CheckSymbolExists.c:
/* */
#include <inttypes.h>
#include <sys/wait.h>
#include <sys/ioctl.h>
#include <sys/param.h>
#include <sys/poll.h>
#include <sys/resource.h>
#include <sys/select.h>
#include <sys/socket.h>
#include <sys/stat.h>
#include <sys/time.h>
#include <sys/types.h>
#include <sys/un.h>
#include <sys/xattr.h>
#include <arpa/inet.h>
#include <fcntl.h>
#include <ifaddrs.h>
#include <libgen.h>
#include <locale.h>
#include <net/if.h>
#include <netdb.h>
#include <netinet/in.h>
#include <netinet/tcp.h>
#include <netinet/udp.h>
#include <poll.h>
#include <pwd.h>
#include <stdatomic.h>
#include <stdbool.h>
#include <stdint.h>
#include <strings.h>
#include <termio.h>
#include <termios.h>
#include <unistd.h>
#include <utime.h>
#include <stdlib.h>
#include <string.h>

int main(int argc, char** argv)
{
  (void)argv;
#ifndef strerror_r
  return ((int*)(&strerror_r))[argc];
#else
  (void)argc;
  return 0;
#endif
}
Determining if the siginterrupt exist passed with the following output:
Change Dir: /root/my_pistache_api/build/CMakeFiles/CMakeTmp

Run Build Command(s):/usr/bin/gmake -f Makefile cmTC_3fc7e/fast && /usr/bin/gmake  -f CMakeFiles/cmTC_3fc7e.dir/build.make CMakeFiles/cmTC_3fc7e.dir/build
gmake[1]: Entering directory '/root/my_pistache_api/build/CMakeFiles/CMakeTmp'
Building C object CMakeFiles/cmTC_3fc7e.dir/CheckSymbolExists.c.o
/usr/bin/cc   -W -Wall -pedantic -Wbad-function-cast -Wconversion -Winline -Wmissing-declarations -Wmissing-prototypes -Wnested-externs -Wno-long-long -Wno-multichar -Wpointer-arith -Wshadow -Wsign-compare -Wundef -Wunused -Wwrite-strings -Wcast-align -Wdeclaration-after-statement -Wempty-body -Wendif-labels -Wfloat-equal -Wignored-qualifiers -Wno-format-nonliteral -Wno-sign-conversion -Wno-system-headers -Wstrict-prototypes -Wtype-limits -Wvla -Wmissing-parameter-type -Wold-style-declaration -Wstrict-aliasing=3 -Wformat=2 -Warray-bounds=2 -ftree-vrp -Wduplicated-cond -Wnull-dereference -fdelete-null-pointer-checks -Wshift-negative-value -Wshift-overflow=2 -Walloc-zero -Wduplicated-branches -Wformat-overflow=2 -Wformat-truncation=1 -Wrestrict -Warith-conversion -Wdouble-promotion -Wenum-conversion -Wunused-const-variable  -o CMakeFiles/cmTC_3fc7e.dir/CheckSymbolExists.c.o -c /root/my_pistache_api/build/CMakeFiles/CMakeTmp/CheckSymbolExists.c
/root/my_pistache_api/build/CMakeFiles/CMakeTmp/CheckSymbolExists.c: In function ‘main’:
/root/my_pistache_api/build/CMakeFiles/CMakeTmp/CheckSymbolExists.c:41:3: warning: ‘siginterrupt’ is deprecated: Use sigaction with SA_RESTART instead [-Wdeprecated-declarations]
   41 |   return ((int*)(&siginterrupt))[argc];
      |   ^~~~~~
In file included from /usr/include/x86_64-linux-gnu/sys/wait.h:36,
                 from /root/my_pistache_api/build/CMakeFiles/CMakeTmp/CheckSymbolExists.c:3:
/usr/include/signal.h:324:12: note: declared here
  324 | extern int siginterrupt (int __sig, int __interrupt) __THROW
      |            ^~~~~~~~~~~~
/root/my_pistache_api/build/CMakeFiles/CMakeTmp/CheckSymbolExists.c:41:11: warning: ISO C forbids conversion of function pointer to object pointer type [-Wpedantic]
   41 |   return ((int*)(&siginterrupt))[argc];
      |           ^
Linking C executable cmTC_3fc7e
/usr/bin/cmake -E cmake_link_script CMakeFiles/cmTC_3fc7e.dir/link.txt --verbose=1
/usr/bin/cc   -W -Wall -pedantic -Wbad-function-cast -Wconversion -Winline -Wmissing-declarations -Wmissing-prototypes -Wnested-externs -Wno-long-long -Wno-multichar -Wpointer-arith -Wshadow -Wsign-compare -Wundef -Wunused -Wwrite-strings -Wcast-align -Wdeclaration-after-statement -Wempty-body -Wendif-labels -Wfloat-equal -Wignored-qualifiers -Wno-format-nonliteral -Wno-sign-conversion -Wno-system-headers -Wstrict-prototypes -Wtype-limits -Wvla -Wmissing-parameter-type -Wold-style-declaration -Wstrict-aliasing=3 -Wformat=2 -Warray-bounds=2 -ftree-vrp -Wduplicated-cond -Wnull-dereference -fdelete-null-pointer-checks -Wshift-negative-value -Wshift-overflow=2 -Walloc-zero -Wduplicated-branches -Wformat-overflow=2 -Wformat-truncation=1 -Wrestrict -Warith-conversion -Wdouble-promotion -Wenum-conversion -Wunused-const-variable  CMakeFiles/cmTC_3fc7e.dir/CheckSymbolExists.c.o -o cmTC_3fc7e 
gmake[1]: Leaving directory '/root/my_pistache_api/build/CMakeFiles/CMakeTmp'


File /root/my_pistache_api/build/CMakeFiles/CMakeTmp/CheckSymbolExists.c:
/* */
#include <inttypes.h>
#include <sys/wait.h>
#include <sys/ioctl.h>
#include <sys/param.h>
#include <sys/poll.h>
#include <sys/resource.h>
#include <sys/select.h>
#include <sys/socket.h>
#include <sys/stat.h>
#include <sys/time.h>
#include <sys/types.h>
#include <sys/un.h>
#include <sys/xattr.h>
#include <arpa/inet.h>
#include <fcntl.h>
#include <ifaddrs.h>
#include <libgen.h>
#include <locale.h>
#include <net/if.h>
#include <netdb.h>
#include <netinet/in.h>
#include <netinet/tcp.h>
#include <netinet/udp.h>
#include <poll.h>
#include <pwd.h>
#include <stdatomic.h>
#include <stdbool.h>
#include <stdint.h>
#include <strings.h>
#include <termio.h>
#include <termios.h>
#include <unistd.h>
#include <utime.h>
#include <signal.h>

int main(int argc, char** argv)
{
  (void)argv;
#ifndef siginterrupt
  return ((int*)(&siginterrupt))[argc];
#else
  (void)argc;
  return 0;
#endif
}
Determining if the getaddrinfo exist passed with the following output:
Change Dir: /root/my_pistache_api/build/CMakeFiles/CMakeTmp

Run Build Command(s):/usr/bin/gmake -f Makefile cmTC_a9df7/fast && /usr/bin/gmake  -f CMakeFiles/cmTC_a9df7.dir/build.make CMakeFiles/cmTC_a9df7.dir/build
gmake[1]: Entering directory '/root/my_pistache_api/build/CMakeFiles/CMakeTmp'
Building C object CMakeFiles/cmTC_a9df7.dir/CheckSymbolExists.c.o
/usr/bin/cc   -W -Wall -pedantic -Wbad-function-cast -Wconversion -Winline -Wmissing-declarations -Wmissing-prototypes -Wnested-externs -Wno-long-long -Wno-multichar -Wpointer-arith -Wshadow -Wsign-compare -Wundef -Wunused -Wwrite-strings -Wcast-align -Wdeclaration-after-statement -Wempty-body -Wendif-labels -Wfloat-equal -Wignored-qualifiers -Wno-format-nonliteral -Wno-sign-conversion -Wno-system-headers -Wstrict-prototypes -Wtype-limits -Wvla -Wmissing-parameter-type -Wold-style-declaration -Wstrict-aliasing=3 -Wformat=2 -Warray-bounds=2 -ftree-vrp -Wduplicated-cond -Wnull-dereference -fdelete-null-pointer-checks -Wshift-negative-value -Wshift-overflow=2 -Walloc-zero -Wduplicated-branches -Wformat-overflow=2 -Wformat-truncation=1 -Wrestrict -Warith-conversion -Wdouble-promotion -Wenum-conversion -Wunused-const-variable  -o CMakeFiles/cmTC_a9df7.dir/CheckSymbolExists.c.o -c /root/my_pistache_api/build/CMakeFiles/CMakeTmp/CheckSymbolExists.c
/root/my_pistache_api/build/CMakeFiles/CMakeTmp/CheckSymbolExists.c: In function ‘main’:
/root/my_pistache_api/build/CMakeFiles/CMakeTmp/CheckSymbolExists.c:42:11: warning: ISO C forbids conversion of function pointer to object pointer type [-Wpedantic]
   42 |   return ((int*)(&getaddrinfo))[argc];
      |           ^
Linking C executable cmTC_a9df7
/usr/bin/cmake -E cmake_link_script CMakeFiles/cmTC_a9df7.dir/link.txt --verbose=1
/usr/bin/cc   -W -Wall -pedantic -Wbad-function-cast -Wconversion -Winline -Wmissing-declarations -Wmissing-prototypes -Wnested-externs -Wno-long-long -Wno-multichar -Wpointer-arith -Wshadow -Wsign-compare -Wundef -Wunused -Wwrite-strings -Wcast-align -Wdeclaration-after-statement -Wempty-body -Wendif-labels -Wfloat-equal -Wignored-qualifiers -Wno-format-nonliteral -Wno-sign-conversion -Wno-system-headers -Wstrict-prototypes -Wtype-limits -Wvla -Wmissing-parameter-type -Wold-style-declaration -Wstrict-aliasing=3 -Wformat=2 -Warray-bounds=2 -ftree-vrp -Wduplicated-cond -Wnull-dereference -fdelete-null-pointer-checks -Wshift-negative-value -Wshift-overflow=2 -Walloc-zero -Wduplicated-branches -Wformat-overflow=2 -Wformat-truncation=1 -Wrestrict -Warith-conversion -Wdouble-promotion -Wenum-conversion -Wunused-const-variable  CMakeFiles/cmTC_a9df7.dir/CheckSymbolExists.c.o -o cmTC_a9df7 
gmake[1]: Leaving directory '/root/my_pistache_api/build/CMakeFiles/CMakeTmp'


File /root/my_pistache_api/build/CMakeFiles/CMakeTmp/CheckSymbolExists.c:
/* */
#include <inttypes.h>
#include <sys/wait.h>
#include <sys/ioctl.h>
#include <sys/param.h>
#include <sys/poll.h>
#include <sys/resource.h>
#include <sys/select.h>
#include <sys/socket.h>
#include <sys/stat.h>
#include <sys/time.h>
#include <sys/types.h>
#include <sys/un.h>
#include <sys/xattr.h>
#include <arpa/inet.h>
#include <fcntl.h>
#include <ifaddrs.h>
#include <libgen.h>
#include <locale.h>
#include <net/if.h>
#include <netdb.h>
#include <netinet/in.h>
#include <netinet/tcp.h>
#include <netinet/udp.h>
#include <poll.h>
#include <pwd.h>
#include <stdatomic.h>
#include <stdbool.h>
#include <stdint.h>
#include <strings.h>
#include <termio.h>
#include <termios.h>
#include <unistd.h>
#include <utime.h>
#include <stdlib.h>
#include <string.h>

int main(int argc, char** argv)
{
  (void)argv;
#ifndef getaddrinfo
  return ((int*)(&getaddrinfo))[argc];
#else
  (void)argc;
  return 0;
#endif
}
Determining if the getifaddrs exist passed with the following output:
Change Dir: /root/my_pistache_api/build/CMakeFiles/CMakeTmp

Run Build Command(s):/usr/bin/gmake -f Makefile cmTC_311af/fast && /usr/bin/gmake  -f CMakeFiles/cmTC_311af.dir/build.make CMakeFiles/cmTC_311af.dir/build
gmake[1]: Entering directory '/root/my_pistache_api/build/CMakeFiles/CMakeTmp'
Building C object CMakeFiles/cmTC_311af.dir/CheckSymbolExists.c.o
/usr/bin/cc   -W -Wall -pedantic -Wbad-function-cast -Wconversion -Winline -Wmissing-declarations -Wmissing-prototypes -Wnested-externs -Wno-long-long -Wno-multichar -Wpointer-arith -Wshadow -Wsign-compare -Wundef -Wunused -Wwrite-strings -Wcast-align -Wdeclaration-after-statement -Wempty-body -Wendif-labels -Wfloat-equal -Wignored-qualifiers -Wno-format-nonliteral -Wno-sign-conversion -Wno-system-headers -Wstrict-prototypes -Wtype-limits -Wvla -Wmissing-parameter-type -Wold-style-declaration -Wstrict-aliasing=3 -Wformat=2 -Warray-bounds=2 -ftree-vrp -Wduplicated-cond -Wnull-dereference -fdelete-null-pointer-checks -Wshift-negative-value -Wshift-overflow=2 -Walloc-zero -Wduplicated-branches -Wformat-overflow=2 -Wformat-truncation=1 -Wrestrict -Warith-conversion -Wdouble-promotion -Wenum-conversion -Wunused-const-variable  -o CMakeFiles/cmTC_311af.dir/CheckSymbolExists.c.o -c /root/my_pistache_api/build/CMakeFiles/CMakeTmp/CheckSymbolExists.c
/root/my_pistache_api/build/CMakeFiles/CMakeTmp/CheckSymbolExists.c: In function ‘main’:
/root/my_pistache_api/build/CMakeFiles/CMakeTmp/CheckSymbolExists.c:41:11: warning: ISO C forbids conversion of function pointer to object pointer type [-Wpedantic]
   41 |   return ((int*)(&getifaddrs))[argc];
      |           ^
Linking C executable cmTC_311af
/usr/bin/cmake -E cmake_link_script CMakeFiles/cmTC_311af.dir/link.txt --verbose=1
/usr/bin/cc   -W -Wall -pedantic -Wbad-function-cast -Wconversion -Winline -Wmissing-declarations -Wmissing-prototypes -Wnested-externs -Wno-long-long -Wno-multichar -Wpointer-arith -Wshadow -Wsign-compare -Wundef -Wunused -Wwrite-strings -Wcast-align -Wdeclaration-after-statement -Wempty-body -Wendif-labels -Wfloat-equal -Wignored-qualifiers -Wno-format-nonliteral -Wno-sign-conversion -Wno-system-headers -Wstrict-prototypes -Wtype-limits -Wvla -Wmissing-parameter-type -Wold-style-declaration -Wstrict-aliasing=3 -Wformat=2 -Warray-bounds=2 -ftree-vrp -Wduplicated-cond -Wnull-dereference -fdelete-null-pointer-checks -Wshift-negative-value -Wshift-overflow=2 -Walloc-zero -Wduplicated-branches -Wformat-overflow=2 -Wformat-truncation=1 -Wrestrict -Warith-conversion -Wdouble-promotion -Wenum-conversion -Wunused-const-variable  CMakeFiles/cmTC_311af.dir/CheckSymbolExists.c.o -o cmTC_311af 
gmake[1]: Leaving directory '/root/my_pistache_api/build/CMakeFiles/CMakeTmp'


File /root/my_pistache_api/build/CMakeFiles/CMakeTmp/CheckSymbolExists.c:
/* */
#include <inttypes.h>
#include <sys/wait.h>
#include <sys/ioctl.h>
#include <sys/param.h>
#include <sys/poll.h>
#include <sys/resource.h>
#include <sys/select.h>
#include <sys/socket.h>
#include <sys/stat.h>
#include <sys/time.h>
#include <sys/types.h>
#include <sys/un.h>
#include <sys/xattr.h>
#include <arpa/inet.h>
#include <fcntl.h>
#include <ifaddrs.h>
#include <libgen.h>
#include <locale.h>
#include <net/if.h>
#include <netdb.h>
#include <netinet/in.h>
#include <netinet/tcp.h>
#include <netinet/udp.h>
#include <poll.h>
#include <pwd.h>
#include <stdatomic.h>
#include <stdbool.h>
#include <stdint.h>
#include <strings.h>
#include <termio.h>
#include <termios.h>
#include <unistd.h>
#include <utime.h>
#include <stdlib.h>

int main(int argc, char** argv)
{
  (void)argv;
#ifndef getifaddrs
  return ((int*)(&getifaddrs))[argc];
#else
  (void)argc;
  return 0;
#endif
}
Determining if the freeaddrinfo exist passed with the following output:
Change Dir: /root/my_pistache_api/build/CMakeFiles/CMakeTmp

Run Build Command(s):/usr/bin/gmake -f Makefile cmTC_eeabc/fast && /usr/bin/gmake  -f CMakeFiles/cmTC_eeabc.dir/build.make CMakeFiles/cmTC_eeabc.dir/build
gmake[1]: Entering directory '/root/my_pistache_api/build/CMakeFiles/CMakeTmp'
Building C object CMakeFiles/cmTC_eeabc.dir/CheckSymbolExists.c.o
/usr/bin/cc   -W -Wall -pedantic -Wbad-function-cast -Wconversion -Winline -Wmissing-declarations -Wmissing-prototypes -Wnested-externs -Wno-long-long -Wno-multichar -Wpointer-arith -Wshadow -Wsign-compare -Wundef -Wunused -Wwrite-strings -Wcast-align -Wdeclaration-after-statement -Wempty-body -Wendif-labels -Wfloat-equal -Wignored-qualifiers -Wno-format-nonliteral -Wno-sign-conversion -Wno-system-headers -Wstrict-prototypes -Wtype-limits -Wvla -Wmissing-parameter-type -Wold-style-declaration -Wstrict-aliasing=3 -Wformat=2 -Warray-bounds=2 -ftree-vrp -Wduplicated-cond -Wnull-dereference -fdelete-null-pointer-checks -Wshift-negative-value -Wshift-overflow=2 -Walloc-zero -Wduplicated-branches -Wformat-overflow=2 -Wformat-truncation=1 -Wrestrict -Warith-conversion -Wdouble-promotion -Wenum-conversion -Wunused-const-variable  -o CMakeFiles/cmTC_eeabc.dir/CheckSymbolExists.c.o -c /root/my_pistache_api/build/CMakeFiles/CMakeTmp/CheckSymbolExists.c
/root/my_pistache_api/build/CMakeFiles/CMakeTmp/CheckSymbolExists.c: In function ‘main’:
/root/my_pistache_api/build/CMakeFiles/CMakeTmp/CheckSymbolExists.c:40:11: warning: ISO C forbids conversion of function pointer to object pointer type [-Wpedantic]
   40 |   return ((int*)(&freeaddrinfo))[argc];
      |           ^
Linking C executable cmTC_eeabc
/usr/bin/cmake -E cmake_link_script CMakeFiles/cmTC_eeabc.dir/link.txt --verbose=1
/usr/bin/cc   -W -Wall -pedantic -Wbad-function-cast -Wconversion -Winline -Wmissing-declarations -Wmissing-prototypes -Wnested-externs -Wno-long-long -Wno-multichar -Wpointer-arith -Wshadow -Wsign-compare -Wundef -Wunused -Wwrite-strings -Wcast-align -Wdeclaration-after-statement -Wempty-body -Wendif-labels -Wfloat-equal -Wignored-qualifiers -Wno-format-nonliteral -Wno-sign-conversion -Wno-system-headers -Wstrict-prototypes -Wtype-limits -Wvla -Wmissing-parameter-type -Wold-style-declaration -Wstrict-aliasing=3 -Wformat=2 -Warray-bounds=2 -ftree-vrp -Wduplicated-cond -Wnull-dereference -fdelete-null-pointer-checks -Wshift-negative-value -Wshift-overflow=2 -Walloc-zero -Wduplicated-branches -Wformat-overflow=2 -Wformat-truncation=1 -Wrestrict -Warith-conversion -Wdouble-promotion -Wenum-conversion -Wunused-const-variable  CMakeFiles/cmTC_eeabc.dir/CheckSymbolExists.c.o -o cmTC_eeabc 
gmake[1]: Leaving directory '/root/my_pistache_api/build/CMakeFiles/CMakeTmp'


File /root/my_pistache_api/build/CMakeFiles/CMakeTmp/CheckSymbolExists.c:
/* */
#include <inttypes.h>
#include <sys/wait.h>
#include <sys/ioctl.h>
#include <sys/param.h>
#include <sys/poll.h>
#include <sys/resource.h>
#include <sys/select.h>
#include <sys/socket.h>
#include <sys/stat.h>
#include <sys/time.h>
#include <sys/types.h>
#include <sys/un.h>
#include <sys/xattr.h>
#include <arpa/inet.h>
#include <fcntl.h>
#include <ifaddrs.h>
#include <libgen.h>
#include <locale.h>
#include <net/if.h>
#include <netdb.h>
#include <netinet/in.h>
#include <netinet/tcp.h>
#include <netinet/udp.h>
#include <poll.h>
#include <pwd.h>
#include <stdatomic.h>
#include <stdbool.h>
#include <stdint.h>
#include <strings.h>
#include <termio.h>
#include <termios.h>
#include <unistd.h>
#include <utime.h>

int main(int argc, char** argv)
{
  (void)argv;
#ifndef freeaddrinfo
  return ((int*)(&freeaddrinfo))[argc];
#else
  (void)argc;
  return 0;
#endif
}
Determining if the pipe exist passed with the following output:
Change Dir: /root/my_pistache_api/build/CMakeFiles/CMakeTmp

Run Build Command(s):/usr/bin/gmake -f Makefile cmTC_0eb79/fast && /usr/bin/gmake  -f CMakeFiles/cmTC_0eb79.dir/build.make CMakeFiles/cmTC_0eb79.dir/build
gmake[1]: Entering directory '/root/my_pistache_api/build/CMakeFiles/CMakeTmp'
Building C object CMakeFiles/cmTC_0eb79.dir/CheckSymbolExists.c.o
/usr/bin/cc   -W -Wall -pedantic -Wbad-function-cast -Wconversion -Winline -Wmissing-declarations -Wmissing-prototypes -Wnested-externs -Wno-long-long -Wno-multichar -Wpointer-arith -Wshadow -Wsign-compare -Wundef -Wunused -Wwrite-strings -Wcast-align -Wdeclaration-after-statement -Wempty-body -Wendif-labels -Wfloat-equal -Wignored-qualifiers -Wno-format-nonliteral -Wno-sign-conversion -Wno-system-headers -Wstrict-prototypes -Wtype-limits -Wvla -Wmissing-parameter-type -Wold-style-declaration -Wstrict-aliasing=3 -Wformat=2 -Warray-bounds=2 -ftree-vrp -Wduplicated-cond -Wnull-dereference -fdelete-null-pointer-checks -Wshift-negative-value -Wshift-overflow=2 -Walloc-zero -Wduplicated-branches -Wformat-overflow=2 -Wformat-truncation=1 -Wrestrict -Warith-conversion -Wdouble-promotion -Wenum-conversion -Wunused-const-variable  -o CMakeFiles/cmTC_0eb79.dir/CheckSymbolExists.c.o -c /root/my_pistache_api/build/CMakeFiles/CMakeTmp/CheckSymbolExists.c
/root/my_pistache_api/build/CMakeFiles/CMakeTmp/CheckSymbolExists.c: In function ‘main’:
/root/my_pistache_api/build/CMakeFiles/CMakeTmp/CheckSymbolExists.c:40:11: warning: ISO C forbids conversion of function pointer to object pointer type [-Wpedantic]
   40 |   return ((int*)(&pipe))[argc];
      |           ^
Linking C executable cmTC_0eb79
/usr/bin/cmake -E cmake_link_script CMakeFiles/cmTC_0eb79.dir/link.txt --verbose=1
/usr/bin/cc   -W -Wall -pedantic -Wbad-function-cast -Wconversion -Winline -Wmissing-declarations -Wmissing-prototypes -Wnested-externs -Wno-long-long -Wno-multichar -Wpointer-arith -Wshadow -Wsign-compare -Wundef -Wunused -Wwrite-strings -Wcast-align -Wdeclaration-after-statement -Wempty-body -Wendif-labels -Wfloat-equal -Wignored-qualifiers -Wno-format-nonliteral -Wno-sign-conversion -Wno-system-headers -Wstrict-prototypes -Wtype-limits -Wvla -Wmissing-parameter-type -Wold-style-declaration -Wstrict-aliasing=3 -Wformat=2 -Warray-bounds=2 -ftree-vrp -Wduplicated-cond -Wnull-dereference -fdelete-null-pointer-checks -Wshift-negative-value -Wshift-overflow=2 -Walloc-zero -Wduplicated-branches -Wformat-overflow=2 -Wformat-truncation=1 -Wrestrict -Warith-conversion -Wdouble-promotion -Wenum-conversion -Wunused-const-variable  CMakeFiles/cmTC_0eb79.dir/CheckSymbolExists.c.o -o cmTC_0eb79 
gmake[1]: Leaving directory '/root/my_pistache_api/build/CMakeFiles/CMakeTmp'


File /root/my_pistache_api/build/CMakeFiles/CMakeTmp/CheckSymbolExists.c:
/* */
#include <inttypes.h>
#include <sys/wait.h>
#include <sys/ioctl.h>
#include <sys/param.h>
#include <sys/poll.h>
#include <sys/resource.h>
#include <sys/select.h>
#include <sys/socket.h>
#include <sys/stat.h>
#include <sys/time.h>
#include <sys/types.h>
#include <sys/un.h>
#include <sys/xattr.h>
#include <arpa/inet.h>
#include <fcntl.h>
#include <ifaddrs.h>
#include <libgen.h>
#include <locale.h>
#include <net/if.h>
#include <netdb.h>
#include <netinet/in.h>
#include <netinet/tcp.h>
#include <netinet/udp.h>
#include <poll.h>
#include <pwd.h>
#include <stdatomic.h>
#include <stdbool.h>
#include <stdint.h>
#include <strings.h>
#include <termio.h>
#include <termios.h>
#include <unistd.h>
#include <utime.h>

int main(int argc, char** argv)
{
  (void)argv;
#ifndef pipe
  return ((int*)(&pipe))[argc];
#else
  (void)argc;
  return 0;
#endif
}
Determining if the ftruncate exist passed with the following output:
Change Dir: /root/my_pistache_api/build/CMakeFiles/CMakeTmp

Run Build Command(s):/usr/bin/gmake -f Makefile cmTC_0109b/fast && /usr/bin/gmake  -f CMakeFiles/cmTC_0109b.dir/build.make CMakeFiles/cmTC_0109b.dir/build
gmake[1]: Entering directory '/root/my_pistache_api/build/CMakeFiles/CMakeTmp'
Building C object CMakeFiles/cmTC_0109b.dir/CheckSymbolExists.c.o
/usr/bin/cc   -W -Wall -pedantic -Wbad-function-cast -Wconversion -Winline -Wmissing-declarations -Wmissing-prototypes -Wnested-externs -Wno-long-long -Wno-multichar -Wpointer-arith -Wshadow -Wsign-compare -Wundef -Wunused -Wwrite-strings -Wcast-align -Wdeclaration-after-statement -Wempty-body -Wendif-labels -Wfloat-equal -Wignored-qualifiers -Wno-format-nonliteral -Wno-sign-conversion -Wno-system-headers -Wstrict-prototypes -Wtype-limits -Wvla -Wmissing-parameter-type -Wold-style-declaration -Wstrict-aliasing=3 -Wformat=2 -Warray-bounds=2 -ftree-vrp -Wduplicated-cond -Wnull-dereference -fdelete-null-pointer-checks -Wshift-negative-value -Wshift-overflow=2 -Walloc-zero -Wduplicated-branches -Wformat-overflow=2 -Wformat-truncation=1 -Wrestrict -Warith-conversion -Wdouble-promotion -Wenum-conversion -Wunused-const-variable  -o CMakeFiles/cmTC_0109b.dir/CheckSymbolExists.c.o -c /root/my_pistache_api/build/CMakeFiles/CMakeTmp/CheckSymbolExists.c
/root/my_pistache_api/build/CMakeFiles/CMakeTmp/CheckSymbolExists.c: In function ‘main’:
/root/my_pistache_api/build/CMakeFiles/CMakeTmp/CheckSymbolExists.c:40:11: warning: ISO C forbids conversion of function pointer to object pointer type [-Wpedantic]
   40 |   return ((int*)(&ftruncate))[argc];
      |           ^
Linking C executable cmTC_0109b
/usr/bin/cmake -E cmake_link_script CMakeFiles/cmTC_0109b.dir/link.txt --verbose=1
/usr/bin/cc   -W -Wall -pedantic -Wbad-function-cast -Wconversion -Winline -Wmissing-declarations -Wmissing-prototypes -Wnested-externs -Wno-long-long -Wno-multichar -Wpointer-arith -Wshadow -Wsign-compare -Wundef -Wunused -Wwrite-strings -Wcast-align -Wdeclaration-after-statement -Wempty-body -Wendif-labels -Wfloat-equal -Wignored-qualifiers -Wno-format-nonliteral -Wno-sign-conversion -Wno-system-headers -Wstrict-prototypes -Wtype-limits -Wvla -Wmissing-parameter-type -Wold-style-declaration -Wstrict-aliasing=3 -Wformat=2 -Warray-bounds=2 -ftree-vrp -Wduplicated-cond -Wnull-dereference -fdelete-null-pointer-checks -Wshift-negative-value -Wshift-overflow=2 -Walloc-zero -Wduplicated-branches -Wformat-overflow=2 -Wformat-truncation=1 -Wrestrict -Warith-conversion -Wdouble-promotion -Wenum-conversion -Wunused-const-variable  CMakeFiles/cmTC_0109b.dir/CheckSymbolExists.c.o -o cmTC_0109b 
gmake[1]: Leaving directory '/root/my_pistache_api/build/CMakeFiles/CMakeTmp'


File /root/my_pistache_api/build/CMakeFiles/CMakeTmp/CheckSymbolExists.c:
/* */
#include <inttypes.h>
#include <sys/wait.h>
#include <sys/ioctl.h>
#include <sys/param.h>
#include <sys/poll.h>
#include <sys/resource.h>
#include <sys/select.h>
#include <sys/socket.h>
#include <sys/stat.h>
#include <sys/time.h>
#include <sys/types.h>
#include <sys/un.h>
#include <sys/xattr.h>
#include <arpa/inet.h>
#include <fcntl.h>
#include <ifaddrs.h>
#include <libgen.h>
#include <locale.h>
#include <net/if.h>
#include <netdb.h>
#include <netinet/in.h>
#include <netinet/tcp.h>
#include <netinet/udp.h>
#include <poll.h>
#include <pwd.h>
#include <stdatomic.h>
#include <stdbool.h>
#include <stdint.h>
#include <strings.h>
#include <termio.h>
#include <termios.h>
#include <unistd.h>
#include <utime.h>

int main(int argc, char** argv)
{
  (void)argv;
#ifndef ftruncate
  return ((int*)(&ftruncate))[argc];
#else
  (void)argc;
  return 0;
#endif
}
Determining if the getpeername exist passed with the following output:
Change Dir: /root/my_pistache_api/build/CMakeFiles/CMakeTmp

Run Build Command(s):/usr/bin/gmake -f Makefile cmTC_7d6d5/fast && /usr/bin/gmake  -f CMakeFiles/cmTC_7d6d5.dir/build.make CMakeFiles/cmTC_7d6d5.dir/build
gmake[1]: Entering directory '/root/my_pistache_api/build/CMakeFiles/CMakeTmp'
Building C object CMakeFiles/cmTC_7d6d5.dir/CheckSymbolExists.c.o
/usr/bin/cc   -W -Wall -pedantic -Wbad-function-cast -Wconversion -Winline -Wmissing-declarations -Wmissing-prototypes -Wnested-externs -Wno-long-long -Wno-multichar -Wpointer-arith -Wshadow -Wsign-compare -Wundef -Wunused -Wwrite-strings -Wcast-align -Wdeclaration-after-statement -Wempty-body -Wendif-labels -Wfloat-equal -Wignored-qualifiers -Wno-format-nonliteral -Wno-sign-conversion -Wno-system-headers -Wstrict-prototypes -Wtype-limits -Wvla -Wmissing-parameter-type -Wold-style-declaration -Wstrict-aliasing=3 -Wformat=2 -Warray-bounds=2 -ftree-vrp -Wduplicated-cond -Wnull-dereference -fdelete-null-pointer-checks -Wshift-negative-value -Wshift-overflow=2 -Walloc-zero -Wduplicated-branches -Wformat-overflow=2 -Wformat-truncation=1 -Wrestrict -Warith-conversion -Wdouble-promotion -Wenum-conversion -Wunused-const-variable  -o CMakeFiles/cmTC_7d6d5.dir/CheckSymbolExists.c.o -c /root/my_pistache_api/build/CMakeFiles/CMakeTmp/CheckSymbolExists.c
/root/my_pistache_api/build/CMakeFiles/CMakeTmp/CheckSymbolExists.c: In function ‘main’:
/root/my_pistache_api/build/CMakeFiles/CMakeTmp/CheckSymbolExists.c:40:11: warning: ISO C forbids conversion of function pointer to object pointer type [-Wpedantic]
   40 |   return ((int*)(&getpeername))[argc];
      |           ^
Linking C executable cmTC_7d6d5
/usr/bin/cmake -E cmake_link_script CMakeFiles/cmTC_7d6d5.dir/link.txt --verbose=1
/usr/bin/cc   -W -Wall -pedantic -Wbad-function-cast -Wconversion -Winline -Wmissing-declarations -Wmissing-prototypes -Wnested-externs -Wno-long-long -Wno-multichar -Wpointer-arith -Wshadow -Wsign-compare -Wundef -Wunused -Wwrite-strings -Wcast-align -Wdeclaration-after-statement -Wempty-body -Wendif-labels -Wfloat-equal -Wignored-qualifiers -Wno-format-nonliteral -Wno-sign-conversion -Wno-system-headers -Wstrict-prototypes -Wtype-limits -Wvla -Wmissing-parameter-type -Wold-style-declaration -Wstrict-aliasing=3 -Wformat=2 -Warray-bounds=2 -ftree-vrp -Wduplicated-cond -Wnull-dereference -fdelete-null-pointer-checks -Wshift-negative-value -Wshift-overflow=2 -Walloc-zero -Wduplicated-branches -Wformat-overflow=2 -Wformat-truncation=1 -Wrestrict -Warith-conversion -Wdouble-promotion -Wenum-conversion -Wunused-const-variable  CMakeFiles/cmTC_7d6d5.dir/CheckSymbolExists.c.o -o cmTC_7d6d5 
gmake[1]: Leaving directory '/root/my_pistache_api/build/CMakeFiles/CMakeTmp'


File /root/my_pistache_api/build/CMakeFiles/CMakeTmp/CheckSymbolExists.c:
/* */
#include <inttypes.h>
#include <sys/wait.h>
#include <sys/ioctl.h>
#include <sys/param.h>
#include <sys/poll.h>
#include <sys/resource.h>
#include <sys/select.h>
#include <sys/socket.h>
#include <sys/stat.h>
#include <sys/time.h>
#include <sys/types.h>
#include <sys/un.h>
#include <sys/xattr.h>
#include <arpa/inet.h>
#include <fcntl.h>
#include <ifaddrs.h>
#include <libgen.h>
#include <locale.h>
#include <net/if.h>
#include <netdb.h>
#include <netinet/in.h>
#include <netinet/tcp.h>
#include <netinet/udp.h>
#include <poll.h>
#include <pwd.h>
#include <stdatomic.h>
#include <stdbool.h>
#include <stdint.h>
#include <strings.h>
#include <termio.h>
#include <termios.h>
#include <unistd.h>
#include <utime.h>

int main(int argc, char** argv)
{
  (void)argv;
#ifndef getpeername
  return ((int*)(&getpeername))[argc];
#else
  (void)argc;
  return 0;
#endif
}
Determining if the getsockname exist passed with the following output:
Change Dir: /root/my_pistache_api/build/CMakeFiles/CMakeTmp

Run Build Command(s):/usr/bin/gmake -f Makefile cmTC_39fe5/fast && /usr/bin/gmake  -f CMakeFiles/cmTC_39fe5.dir/build.make CMakeFiles/cmTC_39fe5.dir/build
gmake[1]: Entering directory '/root/my_pistache_api/build/CMakeFiles/CMakeTmp'
Building C object CMakeFiles/cmTC_39fe5.dir/CheckSymbolExists.c.o
/usr/bin/cc   -W -Wall -pedantic -Wbad-function-cast -Wconversion -Winline -Wmissing-declarations -Wmissing-prototypes -Wnested-externs -Wno-long-long -Wno-multichar -Wpointer-arith -Wshadow -Wsign-compare -Wundef -Wunused -Wwrite-strings -Wcast-align -Wdeclaration-after-statement -Wempty-body -Wendif-labels -Wfloat-equal -Wignored-qualifiers -Wno-format-nonliteral -Wno-sign-conversion -Wno-system-headers -Wstrict-prototypes -Wtype-limits -Wvla -Wmissing-parameter-type -Wold-style-declaration -Wstrict-aliasing=3 -Wformat=2 -Warray-bounds=2 -ftree-vrp -Wduplicated-cond -Wnull-dereference -fdelete-null-pointer-checks -Wshift-negative-value -Wshift-overflow=2 -Walloc-zero -Wduplicated-branches -Wformat-overflow=2 -Wformat-truncation=1 -Wrestrict -Warith-conversion -Wdouble-promotion -Wenum-conversion -Wunused-const-variable  -o CMakeFiles/cmTC_39fe5.dir/CheckSymbolExists.c.o -c /root/my_pistache_api/build/CMakeFiles/CMakeTmp/CheckSymbolExists.c
/root/my_pistache_api/build/CMakeFiles/CMakeTmp/CheckSymbolExists.c: In function ‘main’:
/root/my_pistache_api/build/CMakeFiles/CMakeTmp/CheckSymbolExists.c:40:11: warning: ISO C forbids conversion of function pointer to object pointer type [-Wpedantic]
   40 |   return ((int*)(&getsockname))[argc];
      |           ^
Linking C executable cmTC_39fe5
/usr/bin/cmake -E cmake_link_script CMakeFiles/cmTC_39fe5.dir/link.txt --verbose=1
/usr/bin/cc   -W -Wall -pedantic -Wbad-function-cast -Wconversion -Winline -Wmissing-declarations -Wmissing-prototypes -Wnested-externs -Wno-long-long -Wno-multichar -Wpointer-arith -Wshadow -Wsign-compare -Wundef -Wunused -Wwrite-strings -Wcast-align -Wdeclaration-after-statement -Wempty-body -Wendif-labels -Wfloat-equal -Wignored-qualifiers -Wno-format-nonliteral -Wno-sign-conversion -Wno-system-headers -Wstrict-prototypes -Wtype-limits -Wvla -Wmissing-parameter-type -Wold-style-declaration -Wstrict-aliasing=3 -Wformat=2 -Warray-bounds=2 -ftree-vrp -Wduplicated-cond -Wnull-dereference -fdelete-null-pointer-checks -Wshift-negative-value -Wshift-overflow=2 -Walloc-zero -Wduplicated-branches -Wformat-overflow=2 -Wformat-truncation=1 -Wrestrict -Warith-conversion -Wdouble-promotion -Wenum-conversion -Wunused-const-variable  CMakeFiles/cmTC_39fe5.dir/CheckSymbolExists.c.o -o cmTC_39fe5 
gmake[1]: Leaving directory '/root/my_pistache_api/build/CMakeFiles/CMakeTmp'


File /root/my_pistache_api/build/CMakeFiles/CMakeTmp/CheckSymbolExists.c:
/* */
#include <inttypes.h>
#include <sys/wait.h>
#include <sys/ioctl.h>
#include <sys/param.h>
#include <sys/poll.h>
#include <sys/resource.h>
#include <sys/select.h>
#include <sys/socket.h>
#include <sys/stat.h>
#include <sys/time.h>
#include <sys/types.h>
#include <sys/un.h>
#include <sys/xattr.h>
#include <arpa/inet.h>
#include <fcntl.h>
#include <ifaddrs.h>
#include <libgen.h>
#include <locale.h>
#include <net/if.h>
#include <netdb.h>
#include <netinet/in.h>
#include <netinet/tcp.h>
#include <netinet/udp.h>
#include <poll.h>
#include <pwd.h>
#include <stdatomic.h>
#include <stdbool.h>
#include <stdint.h>
#include <strings.h>
#include <termio.h>
#include <termios.h>
#include <unistd.h>
#include <utime.h>

int main(int argc, char** argv)
{
  (void)argv;
#ifndef getsockname
  return ((int*)(&getsockname))[argc];
#else
  (void)argc;
  return 0;
#endif
}
Determining if the if_nametoindex exist passed with the following output:
Change Dir: /root/my_pistache_api/build/CMakeFiles/CMakeTmp

Run Build Command(s):/usr/bin/gmake -f Makefile cmTC_907ab/fast && /usr/bin/gmake  -f CMakeFiles/cmTC_907ab.dir/build.make CMakeFiles/cmTC_907ab.dir/build
gmake[1]: Entering directory '/root/my_pistache_api/build/CMakeFiles/CMakeTmp'
Building C object CMakeFiles/cmTC_907ab.dir/CheckSymbolExists.c.o
/usr/bin/cc   -W -Wall -pedantic -Wbad-function-cast -Wconversion -Winline -Wmissing-declarations -Wmissing-prototypes -Wnested-externs -Wno-long-long -Wno-multichar -Wpointer-arith -Wshadow -Wsign-compare -Wundef -Wunused -Wwrite-strings -Wcast-align -Wdeclaration-after-statement -Wempty-body -Wendif-labels -Wfloat-equal -Wignored-qualifiers -Wno-format-nonliteral -Wno-sign-conversion -Wno-system-headers -Wstrict-prototypes -Wtype-limits -Wvla -Wmissing-parameter-type -Wold-style-declaration -Wstrict-aliasing=3 -Wformat=2 -Warray-bounds=2 -ftree-vrp -Wduplicated-cond -Wnull-dereference -fdelete-null-pointer-checks -Wshift-negative-value -Wshift-overflow=2 -Walloc-zero -Wduplicated-branches -Wformat-overflow=2 -Wformat-truncation=1 -Wrestrict -Warith-conversion -Wdouble-promotion -Wenum-conversion -Wunused-const-variable  -o CMakeFiles/cmTC_907ab.dir/CheckSymbolExists.c.o -c /root/my_pistache_api/build/CMakeFiles/CMakeTmp/CheckSymbolExists.c
/root/my_pistache_api/build/CMakeFiles/CMakeTmp/CheckSymbolExists.c: In function ‘main’:
/root/my_pistache_api/build/CMakeFiles/CMakeTmp/CheckSymbolExists.c:40:11: warning: ISO C forbids conversion of function pointer to object pointer type [-Wpedantic]
   40 |   return ((int*)(&if_nametoindex))[argc];
      |           ^
Linking C executable cmTC_907ab
/usr/bin/cmake -E cmake_link_script CMakeFiles/cmTC_907ab.dir/link.txt --verbose=1
/usr/bin/cc   -W -Wall -pedantic -Wbad-function-cast -Wconversion -Winline -Wmissing-declarations -Wmissing-prototypes -Wnested-externs -Wno-long-long -Wno-multichar -Wpointer-arith -Wshadow -Wsign-compare -Wundef -Wunused -Wwrite-strings -Wcast-align -Wdeclaration-after-statement -Wempty-body -Wendif-labels -Wfloat-equal -Wignored-qualifiers -Wno-format-nonliteral -Wno-sign-conversion -Wno-system-headers -Wstrict-prototypes -Wtype-limits -Wvla -Wmissing-parameter-type -Wold-style-declaration -Wstrict-aliasing=3 -Wformat=2 -Warray-bounds=2 -ftree-vrp -Wduplicated-cond -Wnull-dereference -fdelete-null-pointer-checks -Wshift-negative-value -Wshift-overflow=2 -Walloc-zero -Wduplicated-branches -Wformat-overflow=2 -Wformat-truncation=1 -Wrestrict -Warith-conversion -Wdouble-promotion -Wenum-conversion -Wunused-const-variable  CMakeFiles/cmTC_907ab.dir/CheckSymbolExists.c.o -o cmTC_907ab 
gmake[1]: Leaving directory '/root/my_pistache_api/build/CMakeFiles/CMakeTmp'


File /root/my_pistache_api/build/CMakeFiles/CMakeTmp/CheckSymbolExists.c:
/* */
#include <inttypes.h>
#include <sys/wait.h>
#include <sys/ioctl.h>
#include <sys/param.h>
#include <sys/poll.h>
#include <sys/resource.h>
#include <sys/select.h>
#include <sys/socket.h>
#include <sys/stat.h>
#include <sys/time.h>
#include <sys/types.h>
#include <sys/un.h>
#include <sys/xattr.h>
#include <arpa/inet.h>
#include <fcntl.h>
#include <ifaddrs.h>
#include <libgen.h>
#include <locale.h>
#include <net/if.h>
#include <netdb.h>
#include <netinet/in.h>
#include <netinet/tcp.h>
#include <netinet/udp.h>
#include <poll.h>
#include <pwd.h>
#include <stdatomic.h>
#include <stdbool.h>
#include <stdint.h>
#include <strings.h>
#include <termio.h>
#include <termios.h>
#include <unistd.h>
#include <utime.h>

int main(int argc, char** argv)
{
  (void)argv;
#ifndef if_nametoindex
  return ((int*)(&if_nametoindex))[argc];
#else
  (void)argc;
  return 0;
#endif
}
Determining if the getrlimit exist passed with the following output:
Change Dir: /root/my_pistache_api/build/CMakeFiles/CMakeTmp

Run Build Command(s):/usr/bin/gmake -f Makefile cmTC_c0e73/fast && /usr/bin/gmake  -f CMakeFiles/cmTC_c0e73.dir/build.make CMakeFiles/cmTC_c0e73.dir/build
gmake[1]: Entering directory '/root/my_pistache_api/build/CMakeFiles/CMakeTmp'
Building C object CMakeFiles/cmTC_c0e73.dir/CheckSymbolExists.c.o
/usr/bin/cc   -W -Wall -pedantic -Wbad-function-cast -Wconversion -Winline -Wmissing-declarations -Wmissing-prototypes -Wnested-externs -Wno-long-long -Wno-multichar -Wpointer-arith -Wshadow -Wsign-compare -Wundef -Wunused -Wwrite-strings -Wcast-align -Wdeclaration-after-statement -Wempty-body -Wendif-labels -Wfloat-equal -Wignored-qualifiers -Wno-format-nonliteral -Wno-sign-conversion -Wno-system-headers -Wstrict-prototypes -Wtype-limits -Wvla -Wmissing-parameter-type -Wold-style-declaration -Wstrict-aliasing=3 -Wformat=2 -Warray-bounds=2 -ftree-vrp -Wduplicated-cond -Wnull-dereference -fdelete-null-pointer-checks -Wshift-negative-value -Wshift-overflow=2 -Walloc-zero -Wduplicated-branches -Wformat-overflow=2 -Wformat-truncation=1 -Wrestrict -Warith-conversion -Wdouble-promotion -Wenum-conversion -Wunused-const-variable  -o CMakeFiles/cmTC_c0e73.dir/CheckSymbolExists.c.o -c /root/my_pistache_api/build/CMakeFiles/CMakeTmp/CheckSymbolExists.c
/root/my_pistache_api/build/CMakeFiles/CMakeTmp/CheckSymbolExists.c: In function ‘main’:
/root/my_pistache_api/build/CMakeFiles/CMakeTmp/CheckSymbolExists.c:40:11: warning: ISO C forbids conversion of function pointer to object pointer type [-Wpedantic]
   40 |   return ((int*)(&getrlimit))[argc];
      |           ^
Linking C executable cmTC_c0e73
/usr/bin/cmake -E cmake_link_script CMakeFiles/cmTC_c0e73.dir/link.txt --verbose=1
/usr/bin/cc   -W -Wall -pedantic -Wbad-function-cast -Wconversion -Winline -Wmissing-declarations -Wmissing-prototypes -Wnested-externs -Wno-long-long -Wno-multichar -Wpointer-arith -Wshadow -Wsign-compare -Wundef -Wunused -Wwrite-strings -Wcast-align -Wdeclaration-after-statement -Wempty-body -Wendif-labels -Wfloat-equal -Wignored-qualifiers -Wno-format-nonliteral -Wno-sign-conversion -Wno-system-headers -Wstrict-prototypes -Wtype-limits -Wvla -Wmissing-parameter-type -Wold-style-declaration -Wstrict-aliasing=3 -Wformat=2 -Warray-bounds=2 -ftree-vrp -Wduplicated-cond -Wnull-dereference -fdelete-null-pointer-checks -Wshift-negative-value -Wshift-overflow=2 -Walloc-zero -Wduplicated-branches -Wformat-overflow=2 -Wformat-truncation=1 -Wrestrict -Warith-conversion -Wdouble-promotion -Wenum-conversion -Wunused-const-variable  CMakeFiles/cmTC_c0e73.dir/CheckSymbolExists.c.o -o cmTC_c0e73 
gmake[1]: Leaving directory '/root/my_pistache_api/build/CMakeFiles/CMakeTmp'


File /root/my_pistache_api/build/CMakeFiles/CMakeTmp/CheckSymbolExists.c:
/* */
#include <inttypes.h>
#include <sys/wait.h>
#include <sys/ioctl.h>
#include <sys/param.h>
#include <sys/poll.h>
#include <sys/resource.h>
#include <sys/select.h>
#include <sys/socket.h>
#include <sys/stat.h>
#include <sys/time.h>
#include <sys/types.h>
#include <sys/un.h>
#include <sys/xattr.h>
#include <arpa/inet.h>
#include <fcntl.h>
#include <ifaddrs.h>
#include <libgen.h>
#include <locale.h>
#include <net/if.h>
#include <netdb.h>
#include <netinet/in.h>
#include <netinet/tcp.h>
#include <netinet/udp.h>
#include <poll.h>
#include <pwd.h>
#include <stdatomic.h>
#include <stdbool.h>
#include <stdint.h>
#include <strings.h>
#include <termio.h>
#include <termios.h>
#include <unistd.h>
#include <utime.h>

int main(int argc, char** argv)
{
  (void)argv;
#ifndef getrlimit
  return ((int*)(&getrlimit))[argc];
#else
  (void)argc;
  return 0;
#endif
}
Determining if the setlocale exist passed with the following output:
Change Dir: /root/my_pistache_api/build/CMakeFiles/CMakeTmp

Run Build Command(s):/usr/bin/gmake -f Makefile cmTC_b6348/fast && /usr/bin/gmake  -f CMakeFiles/cmTC_b6348.dir/build.make CMakeFiles/cmTC_b6348.dir/build
gmake[1]: Entering directory '/root/my_pistache_api/build/CMakeFiles/CMakeTmp'
Building C object CMakeFiles/cmTC_b6348.dir/CheckSymbolExists.c.o
/usr/bin/cc   -W -Wall -pedantic -Wbad-function-cast -Wconversion -Winline -Wmissing-declarations -Wmissing-prototypes -Wnested-externs -Wno-long-long -Wno-multichar -Wpointer-arith -Wshadow -Wsign-compare -Wundef -Wunused -Wwrite-strings -Wcast-align -Wdeclaration-after-statement -Wempty-body -Wendif-labels -Wfloat-equal -Wignored-qualifiers -Wno-format-nonliteral -Wno-sign-conversion -Wno-system-headers -Wstrict-prototypes -Wtype-limits -Wvla -Wmissing-parameter-type -Wold-style-declaration -Wstrict-aliasing=3 -Wformat=2 -Warray-bounds=2 -ftree-vrp -Wduplicated-cond -Wnull-dereference -fdelete-null-pointer-checks -Wshift-negative-value -Wshift-overflow=2 -Walloc-zero -Wduplicated-branches -Wformat-overflow=2 -Wformat-truncation=1 -Wrestrict -Warith-conversion -Wdouble-promotion -Wenum-conversion -Wunused-const-variable  -o CMakeFiles/cmTC_b6348.dir/CheckSymbolExists.c.o -c /root/my_pistache_api/build/CMakeFiles/CMakeTmp/CheckSymbolExists.c
/root/my_pistache_api/build/CMakeFiles/CMakeTmp/CheckSymbolExists.c: In function ‘main’:
/root/my_pistache_api/build/CMakeFiles/CMakeTmp/CheckSymbolExists.c:40:11: warning: ISO C forbids conversion of function pointer to object pointer type [-Wpedantic]
   40 |   return ((int*)(&setlocale))[argc];
      |           ^
Linking C executable cmTC_b6348
/usr/bin/cmake -E cmake_link_script CMakeFiles/cmTC_b6348.dir/link.txt --verbose=1
/usr/bin/cc   -W -Wall -pedantic -Wbad-function-cast -Wconversion -Winline -Wmissing-declarations -Wmissing-prototypes -Wnested-externs -Wno-long-long -Wno-multichar -Wpointer-arith -Wshadow -Wsign-compare -Wundef -Wunused -Wwrite-strings -Wcast-align -Wdeclaration-after-statement -Wempty-body -Wendif-labels -Wfloat-equal -Wignored-qualifiers -Wno-format-nonliteral -Wno-sign-conversion -Wno-system-headers -Wstrict-prototypes -Wtype-limits -Wvla -Wmissing-parameter-type -Wold-style-declaration -Wstrict-aliasing=3 -Wformat=2 -Warray-bounds=2 -ftree-vrp -Wduplicated-cond -Wnull-dereference -fdelete-null-pointer-checks -Wshift-negative-value -Wshift-overflow=2 -Walloc-zero -Wduplicated-branches -Wformat-overflow=2 -Wformat-truncation=1 -Wrestrict -Warith-conversion -Wdouble-promotion -Wenum-conversion -Wunused-const-variable  CMakeFiles/cmTC_b6348.dir/CheckSymbolExists.c.o -o cmTC_b6348 
gmake[1]: Leaving directory '/root/my_pistache_api/build/CMakeFiles/CMakeTmp'


File /root/my_pistache_api/build/CMakeFiles/CMakeTmp/CheckSymbolExists.c:
/* */
#include <inttypes.h>
#include <sys/wait.h>
#include <sys/ioctl.h>
#include <sys/param.h>
#include <sys/poll.h>
#include <sys/resource.h>
#include <sys/select.h>
#include <sys/socket.h>
#include <sys/stat.h>
#include <sys/time.h>
#include <sys/types.h>
#include <sys/un.h>
#include <sys/xattr.h>
#include <arpa/inet.h>
#include <fcntl.h>
#include <ifaddrs.h>
#include <libgen.h>
#include <locale.h>
#include <net/if.h>
#include <netdb.h>
#include <netinet/in.h>
#include <netinet/tcp.h>
#include <netinet/udp.h>
#include <poll.h>
#include <pwd.h>
#include <stdatomic.h>
#include <stdbool.h>
#include <stdint.h>
#include <strings.h>
#include <termio.h>
#include <termios.h>
#include <unistd.h>
#include <utime.h>

int main(int argc, char** argv)
{
  (void)argv;
#ifndef setlocale
  return ((int*)(&setlocale))[argc];
#else
  (void)argc;
  return 0;
#endif
}
Determining if the setrlimit exist passed with the following output:
Change Dir: /root/my_pistache_api/build/CMakeFiles/CMakeTmp

Run Build Command(s):/usr/bin/gmake -f Makefile cmTC_f509d/fast && /usr/bin/gmake  -f CMakeFiles/cmTC_f509d.dir/build.make CMakeFiles/cmTC_f509d.dir/build
gmake[1]: Entering directory '/root/my_pistache_api/build/CMakeFiles/CMakeTmp'
Building C object CMakeFiles/cmTC_f509d.dir/CheckSymbolExists.c.o
/usr/bin/cc   -W -Wall -pedantic -Wbad-function-cast -Wconversion -Winline -Wmissing-declarations -Wmissing-prototypes -Wnested-externs -Wno-long-long -Wno-multichar -Wpointer-arith -Wshadow -Wsign-compare -Wundef -Wunused -Wwrite-strings -Wcast-align -Wdeclaration-after-statement -Wempty-body -Wendif-labels -Wfloat-equal -Wignored-qualifiers -Wno-format-nonliteral -Wno-sign-conversion -Wno-system-headers -Wstrict-prototypes -Wtype-limits -Wvla -Wmissing-parameter-type -Wold-style-declaration -Wstrict-aliasing=3 -Wformat=2 -Warray-bounds=2 -ftree-vrp -Wduplicated-cond -Wnull-dereference -fdelete-null-pointer-checks -Wshift-negative-value -Wshift-overflow=2 -Walloc-zero -Wduplicated-branches -Wformat-overflow=2 -Wformat-truncation=1 -Wrestrict -Warith-conversion -Wdouble-promotion -Wenum-conversion -Wunused-const-variable  -o CMakeFiles/cmTC_f509d.dir/CheckSymbolExists.c.o -c /root/my_pistache_api/build/CMakeFiles/CMakeTmp/CheckSymbolExists.c
/root/my_pistache_api/build/CMakeFiles/CMakeTmp/CheckSymbolExists.c: In function ‘main’:
/root/my_pistache_api/build/CMakeFiles/CMakeTmp/CheckSymbolExists.c:40:11: warning: ISO C forbids conversion of function pointer to object pointer type [-Wpedantic]
   40 |   return ((int*)(&setrlimit))[argc];
      |           ^
Linking C executable cmTC_f509d
/usr/bin/cmake -E cmake_link_script CMakeFiles/cmTC_f509d.dir/link.txt --verbose=1
/usr/bin/cc   -W -Wall -pedantic -Wbad-function-cast -Wconversion -Winline -Wmissing-declarations -Wmissing-prototypes -Wnested-externs -Wno-long-long -Wno-multichar -Wpointer-arith -Wshadow -Wsign-compare -Wundef -Wunused -Wwrite-strings -Wcast-align -Wdeclaration-after-statement -Wempty-body -Wendif-labels -Wfloat-equal -Wignored-qualifiers -Wno-format-nonliteral -Wno-sign-conversion -Wno-system-headers -Wstrict-prototypes -Wtype-limits -Wvla -Wmissing-parameter-type -Wold-style-declaration -Wstrict-aliasing=3 -Wformat=2 -Warray-bounds=2 -ftree-vrp -Wduplicated-cond -Wnull-dereference -fdelete-null-pointer-checks -Wshift-negative-value -Wshift-overflow=2 -Walloc-zero -Wduplicated-branches -Wformat-overflow=2 -Wformat-truncation=1 -Wrestrict -Warith-conversion -Wdouble-promotion -Wenum-conversion -Wunused-const-variable  CMakeFiles/cmTC_f509d.dir/CheckSymbolExists.c.o -o cmTC_f509d 
gmake[1]: Leaving directory '/root/my_pistache_api/build/CMakeFiles/CMakeTmp'


File /root/my_pistache_api/build/CMakeFiles/CMakeTmp/CheckSymbolExists.c:
/* */
#include <inttypes.h>
#include <sys/wait.h>
#include <sys/ioctl.h>
#include <sys/param.h>
#include <sys/poll.h>
#include <sys/resource.h>
#include <sys/select.h>
#include <sys/socket.h>
#include <sys/stat.h>
#include <sys/time.h>
#include <sys/types.h>
#include <sys/un.h>
#include <sys/xattr.h>
#include <arpa/inet.h>
#include <fcntl.h>
#include <ifaddrs.h>
#include <libgen.h>
#include <locale.h>
#include <net/if.h>
#include <netdb.h>
#include <netinet/in.h>
#include <netinet/tcp.h>
#include <netinet/udp.h>
#include <poll.h>
#include <pwd.h>
#include <stdatomic.h>
#include <stdbool.h>
#include <stdint.h>
#include <strings.h>
#include <termio.h>
#include <termios.h>
#include <unistd.h>
#include <utime.h>

int main(int argc, char** argv)
{
  (void)argv;
#ifndef setrlimit
  return ((int*)(&setrlimit))[argc];
#else
  (void)argc;
  return 0;
#endif
}
Determining if the snprintf exist passed with the following output:
Change Dir: /root/my_pistache_api/build/CMakeFiles/CMakeTmp

Run Build Command(s):/usr/bin/gmake -f Makefile cmTC_06c0b/fast && /usr/bin/gmake  -f CMakeFiles/cmTC_06c0b.dir/build.make CMakeFiles/cmTC_06c0b.dir/build
gmake[1]: Entering directory '/root/my_pistache_api/build/CMakeFiles/CMakeTmp'
Building C object CMakeFiles/cmTC_06c0b.dir/CheckSymbolExists.c.o
/usr/bin/cc   -W -Wall -pedantic -Wbad-function-cast -Wconversion -Winline -Wmissing-declarations -Wmissing-prototypes -Wnested-externs -Wno-long-long -Wno-multichar -Wpointer-arith -Wshadow -Wsign-compare -Wundef -Wunused -Wwrite-strings -Wcast-align -Wdeclaration-after-statement -Wempty-body -Wendif-labels -Wfloat-equal -Wignored-qualifiers -Wno-format-nonliteral -Wno-sign-conversion -Wno-system-headers -Wstrict-prototypes -Wtype-limits -Wvla -Wmissing-parameter-type -Wold-style-declaration -Wstrict-aliasing=3 -Wformat=2 -Warray-bounds=2 -ftree-vrp -Wduplicated-cond -Wnull-dereference -fdelete-null-pointer-checks -Wshift-negative-value -Wshift-overflow=2 -Walloc-zero -Wduplicated-branches -Wformat-overflow=2 -Wformat-truncation=1 -Wrestrict -Warith-conversion -Wdouble-promotion -Wenum-conversion -Wunused-const-variable  -o CMakeFiles/cmTC_06c0b.dir/CheckSymbolExists.c.o -c /root/my_pistache_api/build/CMakeFiles/CMakeTmp/CheckSymbolExists.c
/root/my_pistache_api/build/CMakeFiles/CMakeTmp/CheckSymbolExists.c: In function ‘main’:
/root/my_pistache_api/build/CMakeFiles/CMakeTmp/CheckSymbolExists.c:8:11: warning: ISO C forbids conversion of function pointer to object pointer type [-Wpedantic]
    8 |   return ((int*)(&snprintf))[argc];
      |           ^
Linking C executable cmTC_06c0b
/usr/bin/cmake -E cmake_link_script CMakeFiles/cmTC_06c0b.dir/link.txt --verbose=1
/usr/bin/cc   -W -Wall -pedantic -Wbad-function-cast -Wconversion -Winline -Wmissing-declarations -Wmissing-prototypes -Wnested-externs -Wno-long-long -Wno-multichar -Wpointer-arith -Wshadow -Wsign-compare -Wundef -Wunused -Wwrite-strings -Wcast-align -Wdeclaration-after-statement -Wempty-body -Wendif-labels -Wfloat-equal -Wignored-qualifiers -Wno-format-nonliteral -Wno-sign-conversion -Wno-system-headers -Wstrict-prototypes -Wtype-limits -Wvla -Wmissing-parameter-type -Wold-style-declaration -Wstrict-aliasing=3 -Wformat=2 -Warray-bounds=2 -ftree-vrp -Wduplicated-cond -Wnull-dereference -fdelete-null-pointer-checks -Wshift-negative-value -Wshift-overflow=2 -Walloc-zero -Wduplicated-branches -Wformat-overflow=2 -Wformat-truncation=1 -Wrestrict -Warith-conversion -Wdouble-promotion -Wenum-conversion -Wunused-const-variable  CMakeFiles/cmTC_06c0b.dir/CheckSymbolExists.c.o -o cmTC_06c0b 
gmake[1]: Leaving directory '/root/my_pistache_api/build/CMakeFiles/CMakeTmp'


File /root/my_pistache_api/build/CMakeFiles/CMakeTmp/CheckSymbolExists.c:
/* */
#include <stdio.h>

int main(int argc, char** argv)
{
  (void)argv;
#ifndef snprintf
  return ((int*)(&snprintf))[argc];
#else
  (void)argc;
  return 0;
#endif
}
Determining if the inet_ntop exist passed with the following output:
Change Dir: /root/my_pistache_api/build/CMakeFiles/CMakeTmp

Run Build Command(s):/usr/bin/gmake -f Makefile cmTC_614a9/fast && /usr/bin/gmake  -f CMakeFiles/cmTC_614a9.dir/build.make CMakeFiles/cmTC_614a9.dir/build
gmake[1]: Entering directory '/root/my_pistache_api/build/CMakeFiles/CMakeTmp'
Building C object CMakeFiles/cmTC_614a9.dir/CheckSymbolExists.c.o
/usr/bin/cc   -W -Wall -pedantic -Wbad-function-cast -Wconversion -Winline -Wmissing-declarations -Wmissing-prototypes -Wnested-externs -Wno-long-long -Wno-multichar -Wpointer-arith -Wshadow -Wsign-compare -Wundef -Wunused -Wwrite-strings -Wcast-align -Wdeclaration-after-statement -Wempty-body -Wendif-labels -Wfloat-equal -Wignored-qualifiers -Wno-format-nonliteral -Wno-sign-conversion -Wno-system-headers -Wstrict-prototypes -Wtype-limits -Wvla -Wmissing-parameter-type -Wold-style-declaration -Wstrict-aliasing=3 -Wformat=2 -Warray-bounds=2 -ftree-vrp -Wduplicated-cond -Wnull-dereference -fdelete-null-pointer-checks -Wshift-negative-value -Wshift-overflow=2 -Walloc-zero -Wduplicated-branches -Wformat-overflow=2 -Wformat-truncation=1 -Wrestrict -Warith-conversion -Wdouble-promotion -Wenum-conversion -Wunused-const-variable  -o CMakeFiles/cmTC_614a9.dir/CheckSymbolExists.c.o -c /root/my_pistache_api/build/CMakeFiles/CMakeTmp/CheckSymbolExists.c
/root/my_pistache_api/build/CMakeFiles/CMakeTmp/CheckSymbolExists.c: In function ‘main’:
/root/my_pistache_api/build/CMakeFiles/CMakeTmp/CheckSymbolExists.c:42:11: warning: ISO C forbids conversion of function pointer to object pointer type [-Wpedantic]
   42 |   return ((int*)(&inet_ntop))[argc];
      |           ^
Linking C executable cmTC_614a9
/usr/bin/cmake -E cmake_link_script CMakeFiles/cmTC_614a9.dir/link.txt --verbose=1
/usr/bin/cc   -W -Wall -pedantic -Wbad-function-cast -Wconversion -Winline -Wmissing-declarations -Wmissing-prototypes -Wnested-externs -Wno-long-long -Wno-multichar -Wpointer-arith -Wshadow -Wsign-compare -Wundef -Wunused -Wwrite-strings -Wcast-align -Wdeclaration-after-statement -Wempty-body -Wendif-labels -Wfloat-equal -Wignored-qualifiers -Wno-format-nonliteral -Wno-sign-conversion -Wno-system-headers -Wstrict-prototypes -Wtype-limits -Wvla -Wmissing-parameter-type -Wold-style-declaration -Wstrict-aliasing=3 -Wformat=2 -Warray-bounds=2 -ftree-vrp -Wduplicated-cond -Wnull-dereference -fdelete-null-pointer-checks -Wshift-negative-value -Wshift-overflow=2 -Walloc-zero -Wduplicated-branches -Wformat-overflow=2 -Wformat-truncation=1 -Wrestrict -Warith-conversion -Wdouble-promotion -Wenum-conversion -Wunused-const-variable  CMakeFiles/cmTC_614a9.dir/CheckSymbolExists.c.o -o cmTC_614a9 
gmake[1]: Leaving directory '/root/my_pistache_api/build/CMakeFiles/CMakeTmp'


File /root/my_pistache_api/build/CMakeFiles/CMakeTmp/CheckSymbolExists.c:
/* */
#include <inttypes.h>
#include <sys/wait.h>
#include <sys/ioctl.h>
#include <sys/param.h>
#include <sys/poll.h>
#include <sys/resource.h>
#include <sys/select.h>
#include <sys/socket.h>
#include <sys/stat.h>
#include <sys/time.h>
#include <sys/types.h>
#include <sys/un.h>
#include <sys/xattr.h>
#include <arpa/inet.h>
#include <fcntl.h>
#include <ifaddrs.h>
#include <libgen.h>
#include <locale.h>
#include <net/if.h>
#include <netdb.h>
#include <netinet/in.h>
#include <netinet/tcp.h>
#include <netinet/udp.h>
#include <poll.h>
#include <pwd.h>
#include <stdatomic.h>
#include <stdbool.h>
#include <stdint.h>
#include <strings.h>
#include <termio.h>
#include <termios.h>
#include <unistd.h>
#include <utime.h>
#include <stdlib.h>
#include <string.h>

int main(int argc, char** argv)
{
  (void)argv;
#ifndef inet_ntop
  return ((int*)(&inet_ntop))[argc];
#else
  (void)argc;
  return 0;
#endif
}
Determining if the inet_pton exist passed with the following output:
Change Dir: /root/my_pistache_api/build/CMakeFiles/CMakeTmp

Run Build Command(s):/usr/bin/gmake -f Makefile cmTC_2f7dc/fast && /usr/bin/gmake  -f CMakeFiles/cmTC_2f7dc.dir/build.make CMakeFiles/cmTC_2f7dc.dir/build
gmake[1]: Entering directory '/root/my_pistache_api/build/CMakeFiles/CMakeTmp'
Building C object CMakeFiles/cmTC_2f7dc.dir/CheckSymbolExists.c.o
/usr/bin/cc   -W -Wall -pedantic -Wbad-function-cast -Wconversion -Winline -Wmissing-declarations -Wmissing-prototypes -Wnested-externs -Wno-long-long -Wno-multichar -Wpointer-arith -Wshadow -Wsign-compare -Wundef -Wunused -Wwrite-strings -Wcast-align -Wdeclaration-after-statement -Wempty-body -Wendif-labels -Wfloat-equal -Wignored-qualifiers -Wno-format-nonliteral -Wno-sign-conversion -Wno-system-headers -Wstrict-prototypes -Wtype-limits -Wvla -Wmissing-parameter-type -Wold-style-declaration -Wstrict-aliasing=3 -Wformat=2 -Warray-bounds=2 -ftree-vrp -Wduplicated-cond -Wnull-dereference -fdelete-null-pointer-checks -Wshift-negative-value -Wshift-overflow=2 -Walloc-zero -Wduplicated-branches -Wformat-overflow=2 -Wformat-truncation=1 -Wrestrict -Warith-conversion -Wdouble-promotion -Wenum-conversion -Wunused-const-variable  -o CMakeFiles/cmTC_2f7dc.dir/CheckSymbolExists.c.o -c /root/my_pistache_api/build/CMakeFiles/CMakeTmp/CheckSymbolExists.c
/root/my_pistache_api/build/CMakeFiles/CMakeTmp/CheckSymbolExists.c: In function ‘main’:
/root/my_pistache_api/build/CMakeFiles/CMakeTmp/CheckSymbolExists.c:42:11: warning: ISO C forbids conversion of function pointer to object pointer type [-Wpedantic]
   42 |   return ((int*)(&inet_pton))[argc];
      |           ^
Linking C executable cmTC_2f7dc
/usr/bin/cmake -E cmake_link_script CMakeFiles/cmTC_2f7dc.dir/link.txt --verbose=1
/usr/bin/cc   -W -Wall -pedantic -Wbad-function-cast -Wconversion -Winline -Wmissing-declarations -Wmissing-prototypes -Wnested-externs -Wno-long-long -Wno-multichar -Wpointer-arith -Wshadow -Wsign-compare -Wundef -Wunused -Wwrite-strings -Wcast-align -Wdeclaration-after-statement -Wempty-body -Wendif-labels -Wfloat-equal -Wignored-qualifiers -Wno-format-nonliteral -Wno-sign-conversion -Wno-system-headers -Wstrict-prototypes -Wtype-limits -Wvla -Wmissing-parameter-type -Wold-style-declaration -Wstrict-aliasing=3 -Wformat=2 -Warray-bounds=2 -ftree-vrp -Wduplicated-cond -Wnull-dereference -fdelete-null-pointer-checks -Wshift-negative-value -Wshift-overflow=2 -Walloc-zero -Wduplicated-branches -Wformat-overflow=2 -Wformat-truncation=1 -Wrestrict -Warith-conversion -Wdouble-promotion -Wenum-conversion -Wunused-const-variable  CMakeFiles/cmTC_2f7dc.dir/CheckSymbolExists.c.o -o cmTC_2f7dc 
gmake[1]: Leaving directory '/root/my_pistache_api/build/CMakeFiles/CMakeTmp'


File /root/my_pistache_api/build/CMakeFiles/CMakeTmp/CheckSymbolExists.c:
/* */
#include <inttypes.h>
#include <sys/wait.h>
#include <sys/ioctl.h>
#include <sys/param.h>
#include <sys/poll.h>
#include <sys/resource.h>
#include <sys/select.h>
#include <sys/socket.h>
#include <sys/stat.h>
#include <sys/time.h>
#include <sys/types.h>
#include <sys/un.h>
#include <sys/xattr.h>
#include <arpa/inet.h>
#include <fcntl.h>
#include <ifaddrs.h>
#include <libgen.h>
#include <locale.h>
#include <net/if.h>
#include <netdb.h>
#include <netinet/in.h>
#include <netinet/tcp.h>
#include <netinet/udp.h>
#include <poll.h>
#include <pwd.h>
#include <stdatomic.h>
#include <stdbool.h>
#include <stdint.h>
#include <strings.h>
#include <termio.h>
#include <termios.h>
#include <unistd.h>
#include <utime.h>
#include <stdlib.h>
#include <string.h>

int main(int argc, char** argv)
{
  (void)argv;
#ifndef inet_pton
  return ((int*)(&inet_pton))[argc];
#else
  (void)argc;
  return 0;
#endif
}
Determining if the fsetxattr exist passed with the following output:
Change Dir: /root/my_pistache_api/build/CMakeFiles/CMakeTmp

Run Build Command(s):/usr/bin/gmake -f Makefile cmTC_ca608/fast && /usr/bin/gmake  -f CMakeFiles/cmTC_ca608.dir/build.make CMakeFiles/cmTC_ca608.dir/build
gmake[1]: Entering directory '/root/my_pistache_api/build/CMakeFiles/CMakeTmp'
Building C object CMakeFiles/cmTC_ca608.dir/CheckSymbolExists.c.o
/usr/bin/cc   -W -Wall -pedantic -Wbad-function-cast -Wconversion -Winline -Wmissing-declarations -Wmissing-prototypes -Wnested-externs -Wno-long-long -Wno-multichar -Wpointer-arith -Wshadow -Wsign-compare -Wundef -Wunused -Wwrite-strings -Wcast-align -Wdeclaration-after-statement -Wempty-body -Wendif-labels -Wfloat-equal -Wignored-qualifiers -Wno-format-nonliteral -Wno-sign-conversion -Wno-system-headers -Wstrict-prototypes -Wtype-limits -Wvla -Wmissing-parameter-type -Wold-style-declaration -Wstrict-aliasing=3 -Wformat=2 -Warray-bounds=2 -ftree-vrp -Wduplicated-cond -Wnull-dereference -fdelete-null-pointer-checks -Wshift-negative-value -Wshift-overflow=2 -Walloc-zero -Wduplicated-branches -Wformat-overflow=2 -Wformat-truncation=1 -Wrestrict -Warith-conversion -Wdouble-promotion -Wenum-conversion -Wunused-const-variable  -o CMakeFiles/cmTC_ca608.dir/CheckSymbolExists.c.o -c /root/my_pistache_api/build/CMakeFiles/CMakeTmp/CheckSymbolExists.c
/root/my_pistache_api/build/CMakeFiles/CMakeTmp/CheckSymbolExists.c: In function ‘main’:
/root/my_pistache_api/build/CMakeFiles/CMakeTmp/CheckSymbolExists.c:40:11: warning: ISO C forbids conversion of function pointer to object pointer type [-Wpedantic]
   40 |   return ((int*)(&fsetxattr))[argc];
      |           ^
Linking C executable cmTC_ca608
/usr/bin/cmake -E cmake_link_script CMakeFiles/cmTC_ca608.dir/link.txt --verbose=1
/usr/bin/cc   -W -Wall -pedantic -Wbad-function-cast -Wconversion -Winline -Wmissing-declarations -Wmissing-prototypes -Wnested-externs -Wno-long-long -Wno-multichar -Wpointer-arith -Wshadow -Wsign-compare -Wundef -Wunused -Wwrite-strings -Wcast-align -Wdeclaration-after-statement -Wempty-body -Wendif-labels -Wfloat-equal -Wignored-qualifiers -Wno-format-nonliteral -Wno-sign-conversion -Wno-system-headers -Wstrict-prototypes -Wtype-limits -Wvla -Wmissing-parameter-type -Wold-style-declaration -Wstrict-aliasing=3 -Wformat=2 -Warray-bounds=2 -ftree-vrp -Wduplicated-cond -Wnull-dereference -fdelete-null-pointer-checks -Wshift-negative-value -Wshift-overflow=2 -Walloc-zero -Wduplicated-branches -Wformat-overflow=2 -Wformat-truncation=1 -Wrestrict -Warith-conversion -Wdouble-promotion -Wenum-conversion -Wunused-const-variable  CMakeFiles/cmTC_ca608.dir/CheckSymbolExists.c.o -o cmTC_ca608 
gmake[1]: Leaving directory '/root/my_pistache_api/build/CMakeFiles/CMakeTmp'


File /root/my_pistache_api/build/CMakeFiles/CMakeTmp/CheckSymbolExists.c:
/* */
#include <inttypes.h>
#include <sys/wait.h>
#include <sys/ioctl.h>
#include <sys/param.h>
#include <sys/poll.h>
#include <sys/resource.h>
#include <sys/select.h>
#include <sys/socket.h>
#include <sys/stat.h>
#include <sys/time.h>
#include <sys/types.h>
#include <sys/un.h>
#include <sys/xattr.h>
#include <arpa/inet.h>
#include <fcntl.h>
#include <ifaddrs.h>
#include <libgen.h>
#include <locale.h>
#include <net/if.h>
#include <netdb.h>
#include <netinet/in.h>
#include <netinet/tcp.h>
#include <netinet/udp.h>
#include <poll.h>
#include <pwd.h>
#include <stdatomic.h>
#include <stdbool.h>
#include <stdint.h>
#include <strings.h>
#include <termio.h>
#include <termios.h>
#include <unistd.h>
#include <utime.h>

int main(int argc, char** argv)
{
  (void)argv;
#ifndef fsetxattr
  return ((int*)(&fsetxattr))[argc];
#else
  (void)argc;
  return 0;
#endif
}
Performing Curl Test HAVE_FSETXATTR_5 passed with the following output:
Change Dir: /root/my_pistache_api/build/CMakeFiles/CMakeTmp

Run Build Command(s):/usr/bin/gmake -f Makefile cmTC_aaf22/fast && /usr/bin/gmake  -f CMakeFiles/cmTC_aaf22.dir/build.make CMakeFiles/cmTC_aaf22.dir/build
gmake[1]: Entering directory '/root/my_pistache_api/build/CMakeFiles/CMakeTmp'
Building C object CMakeFiles/cmTC_aaf22.dir/CurlTests.c.o
/usr/bin/cc   -W -Wall -pedantic -Wbad-function-cast -Wconversion -Winline -Wmissing-declarations -Wmissing-prototypes -Wnested-externs -Wno-long-long -Wno-multichar -Wpointer-arith -Wshadow -Wsign-compare -Wundef -Wunused -Wwrite-strings -Wcast-align -Wdeclaration-after-statement -Wempty-body -Wendif-labels -Wfloat-equal -Wignored-qualifiers -Wno-format-nonliteral -Wno-sign-conversion -Wno-system-headers -Wstrict-prototypes -Wtype-limits -Wvla -Wmissing-parameter-type -Wold-style-declaration -Wstrict-aliasing=3 -Wformat=2 -Warray-bounds=2 -ftree-vrp -Wduplicated-cond -Wnull-dereference -fdelete-null-pointer-checks -Wshift-negative-value -Wshift-overflow=2 -Walloc-zero -Wduplicated-branches -Wformat-overflow=2 -Wformat-truncation=1 -Wrestrict -Warith-conversion -Wdouble-promotion -Wenum-conversion -Wunused-const-variable -DHAVE_FSETXATTR_5  -DHAVE_INTTYPES_H -DHAVE_SYS_WAIT_H -DHAVE_SYS_IOCTL_H -DHAVE_SYS_PARAM_H -DHAVE_SYS_POLL_H -DHAVE_SYS_RESOURCE_H -DHAVE_SYS_SELECT_H -DHAVE_SYS_SOCKET_H -DHAVE_SYS_STAT_H -DHAVE_SYS_TIME_H -DHAVE_SYS_TYPES_H -DHAVE_SYS_UN_H -DHAVE_SYS_XATTR_H -DHAVE_ARPA_INET_H -DHAVE_FCNTL_H -DHAVE_IFADDRS_H -DHAVE_LIBGEN_H -DHAVE_LOCALE_H -DHAVE_NET_IF_H -DHAVE_NETDB_H -DHAVE_NETINET_IN_H -DHAVE_NETINET_TCP_H -DHAVE_NETINET_UDP_H -DHAVE_POLL_H -DHAVE_PWD_H -DHAVE_STDATOMIC_H -DHAVE_STDBOOL_H -DHAVE_STDINT_H -DHAVE_STRINGS_H -DHAVE_TERMIO_H -DHAVE_TERMIOS_H -DHAVE_UNISTD_H -DHAVE_UTIME_H -o CMakeFiles/cmTC_aaf22.dir/CurlTests.c.o -c /root/my_pistache_api/build/_deps/curl-src/CMake/CurlTests.c
/root/my_pistache_api/build/_deps/curl-src/CMake/CurlTests.c:413:1: warning: function declaration isn’t a prototype [-Wstrict-prototypes]
  413 | main() {
      | ^~~~
Linking C executable cmTC_aaf22
/usr/bin/cmake -E cmake_link_script CMakeFiles/cmTC_aaf22.dir/link.txt --verbose=1
/usr/bin/cc   -W -Wall -pedantic -Wbad-function-cast -Wconversion -Winline -Wmissing-declarations -Wmissing-prototypes -Wnested-externs -Wno-long-long -Wno-multichar -Wpointer-arith -Wshadow -Wsign-compare -Wundef -Wunused -Wwrite-strings -Wcast-align -Wdeclaration-after-statement -Wempty-body -Wendif-labels -Wfloat-equal -Wignored-qualifiers -Wno-format-nonliteral -Wno-sign-conversion -Wno-system-headers -Wstrict-prototypes -Wtype-limits -Wvla -Wmissing-parameter-type -Wold-style-declaration -Wstrict-aliasing=3 -Wformat=2 -Warray-bounds=2 -ftree-vrp -Wduplicated-cond -Wnull-dereference -fdelete-null-pointer-checks -Wshift-negative-value -Wshift-overflow=2 -Walloc-zero -Wduplicated-branches -Wformat-overflow=2 -Wformat-truncation=1 -Wrestrict -Warith-conversion -Wdouble-promotion -Wenum-conversion -Wunused-const-variable -DHAVE_FSETXATTR_5  -DHAVE_INTTYPES_H -DHAVE_SYS_WAIT_H -DHAVE_SYS_IOCTL_H -DHAVE_SYS_PARAM_H -DHAVE_SYS_POLL_H -DHAVE_SYS_RESOURCE_H -DHAVE_SYS_SELECT_H -DHAVE_SYS_SOCKET_H -DHAVE_SYS_STAT_H -DHAVE_SYS_TIME_H -DHAVE_SYS_TYPES_H -DHAVE_SYS_UN_H -DHAVE_SYS_XATTR_H -DHAVE_ARPA_INET_H -DHAVE_FCNTL_H -DHAVE_IFADDRS_H -DHAVE_LIBGEN_H -DHAVE_LOCALE_H -DHAVE_NET_IF_H -DHAVE_NETDB_H -DHAVE_NETINET_IN_H -DHAVE_NETINET_TCP_H -DHAVE_NETINET_UDP_H -DHAVE_POLL_H -DHAVE_PWD_H -DHAVE_STDATOMIC_H -DHAVE_STDBOOL_H -DHAVE_STDINT_H -DHAVE_STRINGS_H -DHAVE_TERMIO_H -DHAVE_TERMIOS_H -DHAVE_UNISTD_H -DHAVE_UTIME_H CMakeFiles/cmTC_aaf22.dir/CurlTests.c.o -o cmTC_aaf22 
gmake[1]: Leaving directory '/root/my_pistache_api/build/CMakeFiles/CMakeTmp'


Determining size of sa_family_t passed with the following output:
Change Dir: /root/my_pistache_api/build/CMakeFiles/CMakeTmp

Run Build Command(s):/usr/bin/gmake -f Makefile cmTC_f9185/fast && /usr/bin/gmake  -f CMakeFiles/cmTC_f9185.dir/build.make CMakeFiles/cmTC_f9185.dir/build
gmake[1]: Entering directory '/root/my_pistache_api/build/CMakeFiles/CMakeTmp'
Building C object CMakeFiles/cmTC_f9185.dir/SIZEOF_SA_FAMILY_T.c.o
/usr/bin/cc   -W -Wall -pedantic -Wbad-function-cast -Wconversion -Winline -Wmissing-declarations -Wmissing-prototypes -Wnested-externs -Wno-long-long -Wno-multichar -Wpointer-arith -Wshadow -Wsign-compare -Wundef -Wunused -Wwrite-strings -Wcast-align -Wdeclaration-after-statement -Wempty-body -Wendif-labels -Wfloat-equal -Wignored-qualifiers -Wno-format-nonliteral -Wno-sign-conversion -Wno-system-headers -Wstrict-prototypes -Wtype-limits -Wvla -Wmissing-parameter-type -Wold-style-declaration -Wstrict-aliasing=3 -Wformat=2 -Warray-bounds=2 -ftree-vrp -Wduplicated-cond -Wnull-dereference -fdelete-null-pointer-checks -Wshift-negative-value -Wshift-overflow=2 -Walloc-zero -Wduplicated-branches -Wformat-overflow=2 -Wformat-truncation=1 -Wrestrict -Warith-conversion -Wdouble-promotion -Wenum-conversion -Wunused-const-variable  -o CMakeFiles/cmTC_f9185.dir/SIZEOF_SA_FAMILY_T.c.o -c /root/my_pistache_api/build/CMakeFiles/CheckTypeSize/SIZEOF_SA_FAMILY_T.c
Linking C executable cmTC_f9185
/usr/bin/cmake -E cmake_link_script CMakeFiles/cmTC_f9185.dir/link.txt --verbose=1
/usr/bin/cc   -W -Wall -pedantic -Wbad-function-cast -Wconversion -Winline -Wmissing-declarations -Wmissing-prototypes -Wnested-externs -Wno-long-long -Wno-multichar -Wpointer-arith -Wshadow -Wsign-compare -Wundef -Wunused -Wwrite-strings -Wcast-align -Wdeclaration-after-statement -Wempty-body -Wendif-labels -Wfloat-equal -Wignored-qualifiers -Wno-format-nonliteral -Wno-sign-conversion -Wno-system-headers -Wstrict-prototypes -Wtype-limits -Wvla -Wmissing-parameter-type -Wold-style-declaration -Wstrict-aliasing=3 -Wformat=2 -Warray-bounds=2 -ftree-vrp -Wduplicated-cond -Wnull-dereference -fdelete-null-pointer-checks -Wshift-negative-value -Wshift-overflow=2 -Walloc-zero -Wduplicated-branches -Wformat-overflow=2 -Wformat-truncation=1 -Wrestrict -Warith-conversion -Wdouble-promotion -Wenum-conversion -Wunused-const-variable  CMakeFiles/cmTC_f9185.dir/SIZEOF_SA_FAMILY_T.c.o -o cmTC_f9185 
gmake[1]: Leaving directory '/root/my_pistache_api/build/CMakeFiles/CMakeTmp'



Determining if the sigaction exist passed with the following output:
Change Dir: /root/my_pistache_api/build/CMakeFiles/CMakeTmp

Run Build Command(s):/usr/bin/gmake -f Makefile cmTC_5f7c1/fast && /usr/bin/gmake  -f CMakeFiles/cmTC_5f7c1.dir/build.make CMakeFiles/cmTC_5f7c1.dir/build
gmake[1]: Entering directory '/root/my_pistache_api/build/CMakeFiles/CMakeTmp'
Building C object CMakeFiles/cmTC_5f7c1.dir/CheckSymbolExists.c.o
/usr/bin/cc   -W -Wall -pedantic -Wbad-function-cast -Wconversion -Winline -Wmissing-declarations -Wmissing-prototypes -Wnested-externs -Wno-long-long -Wno-multichar -Wpointer-arith -Wshadow -Wsign-compare -Wundef -Wunused -Wwrite-strings -Wcast-align -Wdeclaration-after-statement -Wempty-body -Wendif-labels -Wfloat-equal -Wignored-qualifiers -Wno-format-nonliteral -Wno-sign-conversion -Wno-system-headers -Wstrict-prototypes -Wtype-limits -Wvla -Wmissing-parameter-type -Wold-style-declaration -Wstrict-aliasing=3 -Wformat=2 -Warray-bounds=2 -ftree-vrp -Wduplicated-cond -Wnull-dereference -fdelete-null-pointer-checks -Wshift-negative-value -Wshift-overflow=2 -Walloc-zero -Wduplicated-branches -Wformat-overflow=2 -Wformat-truncation=1 -Wrestrict -Warith-conversion -Wdouble-promotion -Wenum-conversion -Wunused-const-variable  -o CMakeFiles/cmTC_5f7c1.dir/CheckSymbolExists.c.o -c /root/my_pistache_api/build/CMakeFiles/CMakeTmp/CheckSymbolExists.c
/root/my_pistache_api/build/CMakeFiles/CMakeTmp/CheckSymbolExists.c: In function ‘main’:
/root/my_pistache_api/build/CMakeFiles/CMakeTmp/CheckSymbolExists.c:8:11: warning: ISO C forbids conversion of function pointer to object pointer type [-Wpedantic]
    8 |   return ((int*)(&sigaction))[argc];
      |           ^
Linking C executable cmTC_5f7c1
/usr/bin/cmake -E cmake_link_script CMakeFiles/cmTC_5f7c1.dir/link.txt --verbose=1
/usr/bin/cc   -W -Wall -pedantic -Wbad-function-cast -Wconversion -Winline -Wmissing-declarations -Wmissing-prototypes -Wnested-externs -Wno-long-long -Wno-multichar -Wpointer-arith -Wshadow -Wsign-compare -Wundef -Wunused -Wwrite-strings -Wcast-align -Wdeclaration-after-statement -Wempty-body -Wendif-labels -Wfloat-equal -Wignored-qualifiers -Wno-format-nonliteral -Wno-sign-conversion -Wno-system-headers -Wstrict-prototypes -Wtype-limits -Wvla -Wmissing-parameter-type -Wold-style-declaration -Wstrict-aliasing=3 -Wformat=2 -Warray-bounds=2 -ftree-vrp -Wduplicated-cond -Wnull-dereference -fdelete-null-pointer-checks -Wshift-negative-value -Wshift-overflow=2 -Walloc-zero -Wduplicated-branches -Wformat-overflow=2 -Wformat-truncation=1 -Wrestrict -Warith-conversion -Wdouble-promotion -Wenum-conversion -Wunused-const-variable  CMakeFiles/cmTC_5f7c1.dir/CheckSymbolExists.c.o -o cmTC_5f7c1 
gmake[1]: Leaving directory '/root/my_pistache_api/build/CMakeFiles/CMakeTmp'


File /root/my_pistache_api/build/CMakeFiles/CMakeTmp/CheckSymbolExists.c:
/* */
#include <signal.h>

int main(int argc, char** argv)
{
  (void)argv;
#ifndef sigaction
  return ((int*)(&sigaction))[argc];
#else
  (void)argc;
  return 0;
#endif
}
Performing Curl Test HAVE_FCNTL_O_NONBLOCK passed with the following output:
Change Dir: /root/my_pistache_api/build/CMakeFiles/CMakeTmp

Run Build Command(s):/usr/bin/gmake -f Makefile cmTC_62564/fast && /usr/bin/gmake  -f CMakeFiles/cmTC_62564.dir/build.make CMakeFiles/cmTC_62564.dir/build
gmake[1]: Entering directory '/root/my_pistache_api/build/CMakeFiles/CMakeTmp'
Building C object CMakeFiles/cmTC_62564.dir/CurlTests.c.o
/usr/bin/cc   -W -Wall -pedantic -Wbad-function-cast -Wconversion -Winline -Wmissing-declarations -Wmissing-prototypes -Wnested-externs -Wno-long-long -Wno-multichar -Wpointer-arith -Wshadow -Wsign-compare -Wundef -Wunused -Wwrite-strings -Wcast-align -Wdeclaration-after-statement -Wempty-body -Wendif-labels -Wfloat-equal -Wignored-qualifiers -Wno-format-nonliteral -Wno-sign-conversion -Wno-system-headers -Wstrict-prototypes -Wtype-limits -Wvla -Wmissing-parameter-type -Wold-style-declaration -Wstrict-aliasing=3 -Wformat=2 -Warray-bounds=2 -ftree-vrp -Wduplicated-cond -Wnull-dereference -fdelete-null-pointer-checks -Wshift-negative-value -Wshift-overflow=2 -Walloc-zero -Wduplicated-branches -Wformat-overflow=2 -Wformat-truncation=1 -Wrestrict -Warith-conversion -Wdouble-promotion -Wenum-conversion -Wunused-const-variable -DHAVE_FCNTL_O_NONBLOCK  -DHAVE_INTTYPES_H -DHAVE_SYS_WAIT_H -DHAVE_SYS_IOCTL_H -DHAVE_SYS_PARAM_H -DHAVE_SYS_POLL_H -DHAVE_SYS_RESOURCE_H -DHAVE_SYS_SELECT_H -DHAVE_SYS_SOCKET_H -DHAVE_SYS_STAT_H -DHAVE_SYS_TIME_H -DHAVE_SYS_TYPES_H -DHAVE_SYS_UN_H -DHAVE_SYS_XATTR_H -DHAVE_ARPA_INET_H -DHAVE_FCNTL_H -DHAVE_IFADDRS_H -DHAVE_LIBGEN_H -DHAVE_LOCALE_H -DHAVE_NET_IF_H -DHAVE_NETDB_H -DHAVE_NETINET_IN_H -DHAVE_NETINET_TCP_H -DHAVE_NETINET_UDP_H -DHAVE_POLL_H -DHAVE_PWD_H -DHAVE_STDATOMIC_H -DHAVE_STDBOOL_H -DHAVE_STDINT_H -DHAVE_STRINGS_H -DHAVE_TERMIO_H -DHAVE_TERMIOS_H -DHAVE_UNISTD_H -DHAVE_UTIME_H -o CMakeFiles/cmTC_62564.dir/CurlTests.c.o -c /root/my_pistache_api/build/_deps/curl-src/CMake/CurlTests.c
/root/my_pistache_api/build/_deps/curl-src/CMake/CurlTests.c:49:1: warning: function declaration isn’t a prototype [-Wstrict-prototypes]
   49 | main ()
      | ^~~~
Linking C executable cmTC_62564
/usr/bin/cmake -E cmake_link_script CMakeFiles/cmTC_62564.dir/link.txt --verbose=1
/usr/bin/cc   -W -Wall -pedantic -Wbad-function-cast -Wconversion -Winline -Wmissing-declarations -Wmissing-prototypes -Wnested-externs -Wno-long-long -Wno-multichar -Wpointer-arith -Wshadow -Wsign-compare -Wundef -Wunused -Wwrite-strings -Wcast-align -Wdeclaration-after-statement -Wempty-body -Wendif-labels -Wfloat-equal -Wignored-qualifiers -Wno-format-nonliteral -Wno-sign-conversion -Wno-system-headers -Wstrict-prototypes -Wtype-limits -Wvla -Wmissing-parameter-type -Wold-style-declaration -Wstrict-aliasing=3 -Wformat=2 -Warray-bounds=2 -ftree-vrp -Wduplicated-cond -Wnull-dereference -fdelete-null-pointer-checks -Wshift-negative-value -Wshift-overflow=2 -Walloc-zero -Wduplicated-branches -Wformat-overflow=2 -Wformat-truncation=1 -Wrestrict -Warith-conversion -Wdouble-promotion -Wenum-conversion -Wunused-const-variable -DHAVE_FCNTL_O_NONBLOCK  -DHAVE_INTTYPES_H -DHAVE_SYS_WAIT_H -DHAVE_SYS_IOCTL_H -DHAVE_SYS_PARAM_H -DHAVE_SYS_POLL_H -DHAVE_SYS_RESOURCE_H -DHAVE_SYS_SELECT_H -DHAVE_SYS_SOCKET_H -DHAVE_SYS_STAT_H -DHAVE_SYS_TIME_H -DHAVE_SYS_TYPES_H -DHAVE_SYS_UN_H -DHAVE_SYS_XATTR_H -DHAVE_ARPA_INET_H -DHAVE_FCNTL_H -DHAVE_IFADDRS_H -DHAVE_LIBGEN_H -DHAVE_LOCALE_H -DHAVE_NET_IF_H -DHAVE_NETDB_H -DHAVE_NETINET_IN_H -DHAVE_NETINET_TCP_H -DHAVE_NETINET_UDP_H -DHAVE_POLL_H -DHAVE_PWD_H -DHAVE_STDATOMIC_H -DHAVE_STDBOOL_H -DHAVE_STDINT_H -DHAVE_STRINGS_H -DHAVE_TERMIO_H -DHAVE_TERMIOS_H -DHAVE_UNISTD_H -DHAVE_UTIME_H CMakeFiles/cmTC_62564.dir/CurlTests.c.o -o cmTC_62564 
gmake[1]: Leaving directory '/root/my_pistache_api/build/CMakeFiles/CMakeTmp'


Performing Curl Test HAVE_IOCTL_FIONBIO passed with the following output:
Change Dir: /root/my_pistache_api/build/CMakeFiles/CMakeTmp

Run Build Command(s):/usr/bin/gmake -f Makefile cmTC_6b8f6/fast && /usr/bin/gmake  -f CMakeFiles/cmTC_6b8f6.dir/build.make CMakeFiles/cmTC_6b8f6.dir/build
gmake[1]: Entering directory '/root/my_pistache_api/build/CMakeFiles/CMakeTmp'
Building C object CMakeFiles/cmTC_6b8f6.dir/CurlTests.c.o
/usr/bin/cc   -W -Wall -pedantic -Wbad-function-cast -Wconversion -Winline -Wmissing-declarations -Wmissing-prototypes -Wnested-externs -Wno-long-long -Wno-multichar -Wpointer-arith -Wshadow -Wsign-compare -Wundef -Wunused -Wwrite-strings -Wcast-align -Wdeclaration-after-statement -Wempty-body -Wendif-labels -Wfloat-equal -Wignored-qualifiers -Wno-format-nonliteral -Wno-sign-conversion -Wno-system-headers -Wstrict-prototypes -Wtype-limits -Wvla -Wmissing-parameter-type -Wold-style-declaration -Wstrict-aliasing=3 -Wformat=2 -Warray-bounds=2 -ftree-vrp -Wduplicated-cond -Wnull-dereference -fdelete-null-pointer-checks -Wshift-negative-value -Wshift-overflow=2 -Walloc-zero -Wduplicated-branches -Wformat-overflow=2 -Wformat-truncation=1 -Wrestrict -Warith-conversion -Wdouble-promotion -Wenum-conversion -Wunused-const-variable -DHAVE_IOCTL_FIONBIO  -DHAVE_INTTYPES_H -DHAVE_SYS_WAIT_H -DHAVE_SYS_IOCTL_H -DHAVE_SYS_PARAM_H -DHAVE_SYS_POLL_H -DHAVE_SYS_RESOURCE_H -DHAVE_SYS_SELECT_H -DHAVE_SYS_SOCKET_H -DHAVE_SYS_STAT_H -DHAVE_SYS_TIME_H -DHAVE_SYS_TYPES_H -DHAVE_SYS_UN_H -DHAVE_SYS_XATTR_H -DHAVE_ARPA_INET_H -DHAVE_FCNTL_H -DHAVE_IFADDRS_H -DHAVE_LIBGEN_H -DHAVE_LOCALE_H -DHAVE_NET_IF_H -DHAVE_NETDB_H -DHAVE_NETINET_IN_H -DHAVE_NETINET_TCP_H -DHAVE_NETINET_UDP_H -DHAVE_POLL_H -DHAVE_PWD_H -DHAVE_STDATOMIC_H -DHAVE_STDBOOL_H -DHAVE_STDINT_H -DHAVE_STRINGS_H -DHAVE_TERMIO_H -DHAVE_TERMIOS_H -DHAVE_UNISTD_H -DHAVE_UTIME_H -o CMakeFiles/cmTC_6b8f6.dir/CurlTests.c.o -c /root/my_pistache_api/build/_deps/curl-src/CMake/CurlTests.c
/root/my_pistache_api/build/_deps/curl-src/CMake/CurlTests.c:302:1: warning: function declaration isn’t a prototype [-Wstrict-prototypes]
  302 | main ()
      | ^~~~
Linking C executable cmTC_6b8f6
/usr/bin/cmake -E cmake_link_script CMakeFiles/cmTC_6b8f6.dir/link.txt --verbose=1
/usr/bin/cc   -W -Wall -pedantic -Wbad-function-cast -Wconversion -Winline -Wmissing-declarations -Wmissing-prototypes -Wnested-externs -Wno-long-long -Wno-multichar -Wpointer-arith -Wshadow -Wsign-compare -Wundef -Wunused -Wwrite-strings -Wcast-align -Wdeclaration-after-statement -Wempty-body -Wendif-labels -Wfloat-equal -Wignored-qualifiers -Wno-format-nonliteral -Wno-sign-conversion -Wno-system-headers -Wstrict-prototypes -Wtype-limits -Wvla -Wmissing-parameter-type -Wold-style-declaration -Wstrict-aliasing=3 -Wformat=2 -Warray-bounds=2 -ftree-vrp -Wduplicated-cond -Wnull-dereference -fdelete-null-pointer-checks -Wshift-negative-value -Wshift-overflow=2 -Walloc-zero -Wduplicated-branches -Wformat-overflow=2 -Wformat-truncation=1 -Wrestrict -Warith-conversion -Wdouble-promotion -Wenum-conversion -Wunused-const-variable -DHAVE_IOCTL_FIONBIO  -DHAVE_INTTYPES_H -DHAVE_SYS_WAIT_H -DHAVE_SYS_IOCTL_H -DHAVE_SYS_PARAM_H -DHAVE_SYS_POLL_H -DHAVE_SYS_RESOURCE_H -DHAVE_SYS_SELECT_H -DHAVE_SYS_SOCKET_H -DHAVE_SYS_STAT_H -DHAVE_SYS_TIME_H -DHAVE_SYS_TYPES_H -DHAVE_SYS_UN_H -DHAVE_SYS_XATTR_H -DHAVE_ARPA_INET_H -DHAVE_FCNTL_H -DHAVE_IFADDRS_H -DHAVE_LIBGEN_H -DHAVE_LOCALE_H -DHAVE_NET_IF_H -DHAVE_NETDB_H -DHAVE_NETINET_IN_H -DHAVE_NETINET_TCP_H -DHAVE_NETINET_UDP_H -DHAVE_POLL_H -DHAVE_PWD_H -DHAVE_STDATOMIC_H -DHAVE_STDBOOL_H -DHAVE_STDINT_H -DHAVE_STRINGS_H -DHAVE_TERMIO_H -DHAVE_TERMIOS_H -DHAVE_UNISTD_H -DHAVE_UTIME_H CMakeFiles/cmTC_6b8f6.dir/CurlTests.c.o -o cmTC_6b8f6 
gmake[1]: Leaving directory '/root/my_pistache_api/build/CMakeFiles/CMakeTmp'


Performing Curl Test HAVE_IOCTL_SIOCGIFADDR passed with the following output:
Change Dir: /root/my_pistache_api/build/CMakeFiles/CMakeTmp

Run Build Command(s):/usr/bin/gmake -f Makefile cmTC_e8806/fast && /usr/bin/gmake  -f CMakeFiles/cmTC_e8806.dir/build.make CMakeFiles/cmTC_e8806.dir/build
gmake[1]: Entering directory '/root/my_pistache_api/build/CMakeFiles/CMakeTmp'
Building C object CMakeFiles/cmTC_e8806.dir/CurlTests.c.o
/usr/bin/cc   -W -Wall -pedantic -Wbad-function-cast -Wconversion -Winline -Wmissing-declarations -Wmissing-prototypes -Wnested-externs -Wno-long-long -Wno-multichar -Wpointer-arith -Wshadow -Wsign-compare -Wundef -Wunused -Wwrite-strings -Wcast-align -Wdeclaration-after-statement -Wempty-body -Wendif-labels -Wfloat-equal -Wignored-qualifiers -Wno-format-nonliteral -Wno-sign-conversion -Wno-system-headers -Wstrict-prototypes -Wtype-limits -Wvla -Wmissing-parameter-type -Wold-style-declaration -Wstrict-aliasing=3 -Wformat=2 -Warray-bounds=2 -ftree-vrp -Wduplicated-cond -Wnull-dereference -fdelete-null-pointer-checks -Wshift-negative-value -Wshift-overflow=2 -Walloc-zero -Wduplicated-branches -Wformat-overflow=2 -Wformat-truncation=1 -Wrestrict -Warith-conversion -Wdouble-promotion -Wenum-conversion -Wunused-const-variable -DHAVE_IOCTL_SIOCGIFADDR  -DHAVE_INTTYPES_H -DHAVE_SYS_WAIT_H -DHAVE_SYS_IOCTL_H -DHAVE_SYS_PARAM_H -DHAVE_SYS_POLL_H -DHAVE_SYS_RESOURCE_H -DHAVE_SYS_SELECT_H -DHAVE_SYS_SOCKET_H -DHAVE_SYS_STAT_H -DHAVE_SYS_TIME_H -DHAVE_SYS_TYPES_H -DHAVE_SYS_UN_H -DHAVE_SYS_XATTR_H -DHAVE_ARPA_INET_H -DHAVE_FCNTL_H -DHAVE_IFADDRS_H -DHAVE_LIBGEN_H -DHAVE_LOCALE_H -DHAVE_NET_IF_H -DHAVE_NETDB_H -DHAVE_NETINET_IN_H -DHAVE_NETINET_TCP_H -DHAVE_NETINET_UDP_H -DHAVE_POLL_H -DHAVE_PWD_H -DHAVE_STDATOMIC_H -DHAVE_STDBOOL_H -DHAVE_STDINT_H -DHAVE_STRINGS_H -DHAVE_TERMIO_H -DHAVE_TERMIOS_H -DHAVE_UNISTD_H -DHAVE_UTIME_H -o CMakeFiles/cmTC_e8806.dir/CurlTests.c.o -c /root/my_pistache_api/build/_deps/curl-src/CMake/CurlTests.c
/root/my_pistache_api/build/_deps/curl-src/CMake/CurlTests.c:334:1: warning: function declaration isn’t a prototype [-Wstrict-prototypes]
  334 | main ()
      | ^~~~
Linking C executable cmTC_e8806
/usr/bin/cmake -E cmake_link_script CMakeFiles/cmTC_e8806.dir/link.txt --verbose=1
/usr/bin/cc   -W -Wall -pedantic -Wbad-function-cast -Wconversion -Winline -Wmissing-declarations -Wmissing-prototypes -Wnested-externs -Wno-long-long -Wno-multichar -Wpointer-arith -Wshadow -Wsign-compare -Wundef -Wunused -Wwrite-strings -Wcast-align -Wdeclaration-after-statement -Wempty-body -Wendif-labels -Wfloat-equal -Wignored-qualifiers -Wno-format-nonliteral -Wno-sign-conversion -Wno-system-headers -Wstrict-prototypes -Wtype-limits -Wvla -Wmissing-parameter-type -Wold-style-declaration -Wstrict-aliasing=3 -Wformat=2 -Warray-bounds=2 -ftree-vrp -Wduplicated-cond -Wnull-dereference -fdelete-null-pointer-checks -Wshift-negative-value -Wshift-overflow=2 -Walloc-zero -Wduplicated-branches -Wformat-overflow=2 -Wformat-truncation=1 -Wrestrict -Warith-conversion -Wdouble-promotion -Wenum-conversion -Wunused-const-variable -DHAVE_IOCTL_SIOCGIFADDR  -DHAVE_INTTYPES_H -DHAVE_SYS_WAIT_H -DHAVE_SYS_IOCTL_H -DHAVE_SYS_PARAM_H -DHAVE_SYS_POLL_H -DHAVE_SYS_RESOURCE_H -DHAVE_SYS_SELECT_H -DHAVE_SYS_SOCKET_H -DHAVE_SYS_STAT_H -DHAVE_SYS_TIME_H -DHAVE_SYS_TYPES_H -DHAVE_SYS_UN_H -DHAVE_SYS_XATTR_H -DHAVE_ARPA_INET_H -DHAVE_FCNTL_H -DHAVE_IFADDRS_H -DHAVE_LIBGEN_H -DHAVE_LOCALE_H -DHAVE_NET_IF_H -DHAVE_NETDB_H -DHAVE_NETINET_IN_H -DHAVE_NETINET_TCP_H -DHAVE_NETINET_UDP_H -DHAVE_POLL_H -DHAVE_PWD_H -DHAVE_STDATOMIC_H -DHAVE_STDBOOL_H -DHAVE_STDINT_H -DHAVE_STRINGS_H -DHAVE_TERMIO_H -DHAVE_TERMIOS_H -DHAVE_UNISTD_H -DHAVE_UTIME_H CMakeFiles/cmTC_e8806.dir/CurlTests.c.o -o cmTC_e8806 
gmake[1]: Leaving directory '/root/my_pistache_api/build/CMakeFiles/CMakeTmp'


Performing Curl Test HAVE_GETHOSTBYNAME_R_6 passed with the following output:
Change Dir: /root/my_pistache_api/build/CMakeFiles/CMakeTmp

Run Build Command(s):/usr/bin/gmake -f Makefile cmTC_9eb44/fast && /usr/bin/gmake  -f CMakeFiles/cmTC_9eb44.dir/build.make CMakeFiles/cmTC_9eb44.dir/build
gmake[1]: Entering directory '/root/my_pistache_api/build/CMakeFiles/CMakeTmp'
Building C object CMakeFiles/cmTC_9eb44.dir/CurlTests.c.o
/usr/bin/cc   -W -Wall -pedantic -Wbad-function-cast -Wconversion -Winline -Wmissing-declarations -Wmissing-prototypes -Wnested-externs -Wno-long-long -Wno-multichar -Wpointer-arith -Wshadow -Wsign-compare -Wundef -Wunused -Wwrite-strings -Wcast-align -Wdeclaration-after-statement -Wempty-body -Wendif-labels -Wfloat-equal -Wignored-qualifiers -Wno-format-nonliteral -Wno-sign-conversion -Wno-system-headers -Wstrict-prototypes -Wtype-limits -Wvla -Wmissing-parameter-type -Wold-style-declaration -Wstrict-aliasing=3 -Wformat=2 -Warray-bounds=2 -ftree-vrp -Wduplicated-cond -Wnull-dereference -fdelete-null-pointer-checks -Wshift-negative-value -Wshift-overflow=2 -Walloc-zero -Wduplicated-branches -Wformat-overflow=2 -Wformat-truncation=1 -Wrestrict -Warith-conversion -Wdouble-promotion -Wenum-conversion -Wunused-const-variable -DHAVE_GETHOSTBYNAME_R_6  -DHAVE_INTTYPES_H -DHAVE_SYS_WAIT_H -DHAVE_SYS_IOCTL_H -DHAVE_SYS_PARAM_H -DHAVE_SYS_POLL_H -DHAVE_SYS_RESOURCE_H -DHAVE_SYS_SELECT_H -DHAVE_SYS_SOCKET_H -DHAVE_SYS_STAT_H -DHAVE_SYS_TIME_H -DHAVE_SYS_TYPES_H -DHAVE_SYS_UN_H -DHAVE_SYS_XATTR_H -DHAVE_ARPA_INET_H -DHAVE_FCNTL_H -DHAVE_IFADDRS_H -DHAVE_LIBGEN_H -DHAVE_LOCALE_H -DHAVE_NET_IF_H -DHAVE_NETDB_H -DHAVE_NETINET_IN_H -DHAVE_NETINET_TCP_H -DHAVE_NETINET_UDP_H -DHAVE_POLL_H -DHAVE_PWD_H -DHAVE_STDATOMIC_H -DHAVE_STDBOOL_H -DHAVE_STDINT_H -DHAVE_STRINGS_H -DHAVE_TERMIO_H -DHAVE_TERMIOS_H -DHAVE_UNISTD_H -DHAVE_UTIME_H -o CMakeFiles/cmTC_9eb44.dir/CurlTests.c.o -c /root/my_pistache_api/build/_deps/curl-src/CMake/CurlTests.c
/root/my_pistache_api/build/_deps/curl-src/CMake/CurlTests.c: In function ‘main’:
/root/my_pistache_api/build/_deps/curl-src/CMake/CurlTests.c:75:19: warning: initialization discards ‘const’ qualifier from pointer target type [-Wdiscarded-qualifiers]
   75 |   char *address = "example.com";
      |                   ^~~~~~~~~~~~~
Linking C executable cmTC_9eb44
/usr/bin/cmake -E cmake_link_script CMakeFiles/cmTC_9eb44.dir/link.txt --verbose=1
/usr/bin/cc   -W -Wall -pedantic -Wbad-function-cast -Wconversion -Winline -Wmissing-declarations -Wmissing-prototypes -Wnested-externs -Wno-long-long -Wno-multichar -Wpointer-arith -Wshadow -Wsign-compare -Wundef -Wunused -Wwrite-strings -Wcast-align -Wdeclaration-after-statement -Wempty-body -Wendif-labels -Wfloat-equal -Wignored-qualifiers -Wno-format-nonliteral -Wno-sign-conversion -Wno-system-headers -Wstrict-prototypes -Wtype-limits -Wvla -Wmissing-parameter-type -Wold-style-declaration -Wstrict-aliasing=3 -Wformat=2 -Warray-bounds=2 -ftree-vrp -Wduplicated-cond -Wnull-dereference -fdelete-null-pointer-checks -Wshift-negative-value -Wshift-overflow=2 -Walloc-zero -Wduplicated-branches -Wformat-overflow=2 -Wformat-truncation=1 -Wrestrict -Warith-conversion -Wdouble-promotion -Wenum-conversion -Wunused-const-variable -DHAVE_GETHOSTBYNAME_R_6  -DHAVE_INTTYPES_H -DHAVE_SYS_WAIT_H -DHAVE_SYS_IOCTL_H -DHAVE_SYS_PARAM_H -DHAVE_SYS_POLL_H -DHAVE_SYS_RESOURCE_H -DHAVE_SYS_SELECT_H -DHAVE_SYS_SOCKET_H -DHAVE_SYS_STAT_H -DHAVE_SYS_TIME_H -DHAVE_SYS_TYPES_H -DHAVE_SYS_UN_H -DHAVE_SYS_XATTR_H -DHAVE_ARPA_INET_H -DHAVE_FCNTL_H -DHAVE_IFADDRS_H -DHAVE_LIBGEN_H -DHAVE_LOCALE_H -DHAVE_NET_IF_H -DHAVE_NETDB_H -DHAVE_NETINET_IN_H -DHAVE_NETINET_TCP_H -DHAVE_NETINET_UDP_H -DHAVE_POLL_H -DHAVE_PWD_H -DHAVE_STDATOMIC_H -DHAVE_STDBOOL_H -DHAVE_STDINT_H -DHAVE_STRINGS_H -DHAVE_TERMIO_H -DHAVE_TERMIOS_H -DHAVE_UNISTD_H -DHAVE_UTIME_H CMakeFiles/cmTC_9eb44.dir/CurlTests.c.o -o cmTC_9eb44 
gmake[1]: Leaving directory '/root/my_pistache_api/build/CMakeFiles/CMakeTmp'


Performing Curl Test HAVE_GETHOSTBYNAME_R_6_REENTRANT passed with the following output:
Change Dir: /root/my_pistache_api/build/CMakeFiles/CMakeTmp

Run Build Command(s):/usr/bin/gmake -f Makefile cmTC_4928b/fast && /usr/bin/gmake  -f CMakeFiles/cmTC_4928b.dir/build.make CMakeFiles/cmTC_4928b.dir/build
gmake[1]: Entering directory '/root/my_pistache_api/build/CMakeFiles/CMakeTmp'
Building C object CMakeFiles/cmTC_4928b.dir/CurlTests.c.o
/usr/bin/cc   -W -Wall -pedantic -Wbad-function-cast -Wconversion -Winline -Wmissing-declarations -Wmissing-prototypes -Wnested-externs -Wno-long-long -Wno-multichar -Wpointer-arith -Wshadow -Wsign-compare -Wundef -Wunused -Wwrite-strings -Wcast-align -Wdeclaration-after-statement -Wempty-body -Wendif-labels -Wfloat-equal -Wignored-qualifiers -Wno-format-nonliteral -Wno-sign-conversion -Wno-system-headers -Wstrict-prototypes -Wtype-limits -Wvla -Wmissing-parameter-type -Wold-style-declaration -Wstrict-aliasing=3 -Wformat=2 -Warray-bounds=2 -ftree-vrp -Wduplicated-cond -Wnull-dereference -fdelete-null-pointer-checks -Wshift-negative-value -Wshift-overflow=2 -Walloc-zero -Wduplicated-branches -Wformat-overflow=2 -Wformat-truncation=1 -Wrestrict -Warith-conversion -Wdouble-promotion -Wenum-conversion -Wunused-const-variable -DHAVE_GETHOSTBYNAME_R_6_REENTRANT  -DHAVE_INTTYPES_H -DHAVE_SYS_WAIT_H -DHAVE_SYS_IOCTL_H -DHAVE_SYS_PARAM_H -DHAVE_SYS_POLL_H -DHAVE_SYS_RESOURCE_H -DHAVE_SYS_SELECT_H -DHAVE_SYS_SOCKET_H -DHAVE_SYS_STAT_H -DHAVE_SYS_TIME_H -DHAVE_SYS_TYPES_H -DHAVE_SYS_UN_H -DHAVE_SYS_XATTR_H -DHAVE_ARPA_INET_H -DHAVE_FCNTL_H -DHAVE_IFADDRS_H -DHAVE_LIBGEN_H -DHAVE_LOCALE_H -DHAVE_NET_IF_H -DHAVE_NETDB_H -DHAVE_NETINET_IN_H -DHAVE_NETINET_TCP_H -DHAVE_NETINET_UDP_H -DHAVE_POLL_H -DHAVE_PWD_H -DHAVE_STDATOMIC_H -DHAVE_STDBOOL_H -DHAVE_STDINT_H -DHAVE_STRINGS_H -DHAVE_TERMIO_H -DHAVE_TERMIOS_H -DHAVE_UNISTD_H -DHAVE_UTIME_H -o CMakeFiles/cmTC_4928b.dir/CurlTests.c.o -c /root/my_pistache_api/build/_deps/curl-src/CMake/CurlTests.c
/root/my_pistache_api/build/_deps/curl-src/CMake/CurlTests.c: In function ‘main’:
/root/my_pistache_api/build/_deps/curl-src/CMake/CurlTests.c:75:19: warning: initialization discards ‘const’ qualifier from pointer target type [-Wdiscarded-qualifiers]
   75 |   char *address = "example.com";
      |                   ^~~~~~~~~~~~~
Linking C executable cmTC_4928b
/usr/bin/cmake -E cmake_link_script CMakeFiles/cmTC_4928b.dir/link.txt --verbose=1
/usr/bin/cc   -W -Wall -pedantic -Wbad-function-cast -Wconversion -Winline -Wmissing-declarations -Wmissing-prototypes -Wnested-externs -Wno-long-long -Wno-multichar -Wpointer-arith -Wshadow -Wsign-compare -Wundef -Wunused -Wwrite-strings -Wcast-align -Wdeclaration-after-statement -Wempty-body -Wendif-labels -Wfloat-equal -Wignored-qualifiers -Wno-format-nonliteral -Wno-sign-conversion -Wno-system-headers -Wstrict-prototypes -Wtype-limits -Wvla -Wmissing-parameter-type -Wold-style-declaration -Wstrict-aliasing=3 -Wformat=2 -Warray-bounds=2 -ftree-vrp -Wduplicated-cond -Wnull-dereference -fdelete-null-pointer-checks -Wshift-negative-value -Wshift-overflow=2 -Walloc-zero -Wduplicated-branches -Wformat-overflow=2 -Wformat-truncation=1 -Wrestrict -Warith-conversion -Wdouble-promotion -Wenum-conversion -Wunused-const-variable -DHAVE_GETHOSTBYNAME_R_6_REENTRANT  -DHAVE_INTTYPES_H -DHAVE_SYS_WAIT_H -DHAVE_SYS_IOCTL_H -DHAVE_SYS_PARAM_H -DHAVE_SYS_POLL_H -DHAVE_SYS_RESOURCE_H -DHAVE_SYS_SELECT_H -DHAVE_SYS_SOCKET_H -DHAVE_SYS_STAT_H -DHAVE_SYS_TIME_H -DHAVE_SYS_TYPES_H -DHAVE_SYS_UN_H -DHAVE_SYS_XATTR_H -DHAVE_ARPA_INET_H -DHAVE_FCNTL_H -DHAVE_IFADDRS_H -DHAVE_LIBGEN_H -DHAVE_LOCALE_H -DHAVE_NET_IF_H -DHAVE_NETDB_H -DHAVE_NETINET_IN_H -DHAVE_NETINET_TCP_H -DHAVE_NETINET_UDP_H -DHAVE_POLL_H -DHAVE_PWD_H -DHAVE_STDATOMIC_H -DHAVE_STDBOOL_H -DHAVE_STDINT_H -DHAVE_STRINGS_H -DHAVE_TERMIO_H -DHAVE_TERMIOS_H -DHAVE_UNISTD_H -DHAVE_UTIME_H CMakeFiles/cmTC_4928b.dir/CurlTests.c.o -o cmTC_4928b 
gmake[1]: Leaving directory '/root/my_pistache_api/build/CMakeFiles/CMakeTmp'


Performing Curl Test HAVE_IN_ADDR_T passed with the following output:
Change Dir: /root/my_pistache_api/build/CMakeFiles/CMakeTmp

Run Build Command(s):/usr/bin/gmake -f Makefile cmTC_59ba6/fast && /usr/bin/gmake  -f CMakeFiles/cmTC_59ba6.dir/build.make CMakeFiles/cmTC_59ba6.dir/build
gmake[1]: Entering directory '/root/my_pistache_api/build/CMakeFiles/CMakeTmp'
Building C object CMakeFiles/cmTC_59ba6.dir/CurlTests.c.o
/usr/bin/cc   -W -Wall -pedantic -Wbad-function-cast -Wconversion -Winline -Wmissing-declarations -Wmissing-prototypes -Wnested-externs -Wno-long-long -Wno-multichar -Wpointer-arith -Wshadow -Wsign-compare -Wundef -Wunused -Wwrite-strings -Wcast-align -Wdeclaration-after-statement -Wempty-body -Wendif-labels -Wfloat-equal -Wignored-qualifiers -Wno-format-nonliteral -Wno-sign-conversion -Wno-system-headers -Wstrict-prototypes -Wtype-limits -Wvla -Wmissing-parameter-type -Wold-style-declaration -Wstrict-aliasing=3 -Wformat=2 -Warray-bounds=2 -ftree-vrp -Wduplicated-cond -Wnull-dereference -fdelete-null-pointer-checks -Wshift-negative-value -Wshift-overflow=2 -Walloc-zero -Wduplicated-branches -Wformat-overflow=2 -Wformat-truncation=1 -Wrestrict -Warith-conversion -Wdouble-promotion -Wenum-conversion -Wunused-const-variable -DHAVE_IN_ADDR_T  -DHAVE_INTTYPES_H -DHAVE_SYS_WAIT_H -DHAVE_SYS_IOCTL_H -DHAVE_SYS_PARAM_H -DHAVE_SYS_POLL_H -DHAVE_SYS_RESOURCE_H -DHAVE_SYS_SELECT_H -DHAVE_SYS_SOCKET_H -DHAVE_SYS_STAT_H -DHAVE_SYS_TIME_H -DHAVE_SYS_TYPES_H -DHAVE_SYS_UN_H -DHAVE_SYS_XATTR_H -DHAVE_ARPA_INET_H -DHAVE_FCNTL_H -DHAVE_IFADDRS_H -DHAVE_LIBGEN_H -DHAVE_LOCALE_H -DHAVE_NET_IF_H -DHAVE_NETDB_H -DHAVE_NETINET_IN_H -DHAVE_NETINET_TCP_H -DHAVE_NETINET_UDP_H -DHAVE_POLL_H -DHAVE_PWD_H -DHAVE_STDATOMIC_H -DHAVE_STDBOOL_H -DHAVE_STDINT_H -DHAVE_STRINGS_H -DHAVE_TERMIO_H -DHAVE_TERMIOS_H -DHAVE_UNISTD_H -DHAVE_UTIME_H -o CMakeFiles/cmTC_59ba6.dir/CurlTests.c.o -c /root/my_pistache_api/build/_deps/curl-src/CMake/CurlTests.c
/root/my_pistache_api/build/_deps/curl-src/CMake/CurlTests.c:135:1: warning: function declaration isn’t a prototype [-Wstrict-prototypes]
  135 | main ()
      | ^~~~
Linking C executable cmTC_59ba6
/usr/bin/cmake -E cmake_link_script CMakeFiles/cmTC_59ba6.dir/link.txt --verbose=1
/usr/bin/cc   -W -Wall -pedantic -Wbad-function-cast -Wconversion -Winline -Wmissing-declarations -Wmissing-prototypes -Wnested-externs -Wno-long-long -Wno-multichar -Wpointer-arith -Wshadow -Wsign-compare -Wundef -Wunused -Wwrite-strings -Wcast-align -Wdeclaration-after-statement -Wempty-body -Wendif-labels -Wfloat-equal -Wignored-qualifiers -Wno-format-nonliteral -Wno-sign-conversion -Wno-system-headers -Wstrict-prototypes -Wtype-limits -Wvla -Wmissing-parameter-type -Wold-style-declaration -Wstrict-aliasing=3 -Wformat=2 -Warray-bounds=2 -ftree-vrp -Wduplicated-cond -Wnull-dereference -fdelete-null-pointer-checks -Wshift-negative-value -Wshift-overflow=2 -Walloc-zero -Wduplicated-branches -Wformat-overflow=2 -Wformat-truncation=1 -Wrestrict -Warith-conversion -Wdouble-promotion -Wenum-conversion -Wunused-const-variable -DHAVE_IN_ADDR_T  -DHAVE_INTTYPES_H -DHAVE_SYS_WAIT_H -DHAVE_SYS_IOCTL_H -DHAVE_SYS_PARAM_H -DHAVE_SYS_POLL_H -DHAVE_SYS_RESOURCE_H -DHAVE_SYS_SELECT_H -DHAVE_SYS_SOCKET_H -DHAVE_SYS_STAT_H -DHAVE_SYS_TIME_H -DHAVE_SYS_TYPES_H -DHAVE_SYS_UN_H -DHAVE_SYS_XATTR_H -DHAVE_ARPA_INET_H -DHAVE_FCNTL_H -DHAVE_IFADDRS_H -DHAVE_LIBGEN_H -DHAVE_LOCALE_H -DHAVE_NET_IF_H -DHAVE_NETDB_H -DHAVE_NETINET_IN_H -DHAVE_NETINET_TCP_H -DHAVE_NETINET_UDP_H -DHAVE_POLL_H -DHAVE_PWD_H -DHAVE_STDATOMIC_H -DHAVE_STDBOOL_H -DHAVE_STDINT_H -DHAVE_STRINGS_H -DHAVE_TERMIO_H -DHAVE_TERMIOS_H -DHAVE_UNISTD_H -DHAVE_UTIME_H CMakeFiles/cmTC_59ba6.dir/CurlTests.c.o -o cmTC_59ba6 
gmake[1]: Leaving directory '/root/my_pistache_api/build/CMakeFiles/CMakeTmp'


Performing Curl Test HAVE_BOOL_T passed with the following output:
Change Dir: /root/my_pistache_api/build/CMakeFiles/CMakeTmp

Run Build Command(s):/usr/bin/gmake -f Makefile cmTC_a4462/fast && /usr/bin/gmake  -f CMakeFiles/cmTC_a4462.dir/build.make CMakeFiles/cmTC_a4462.dir/build
gmake[1]: Entering directory '/root/my_pistache_api/build/CMakeFiles/CMakeTmp'
Building C object CMakeFiles/cmTC_a4462.dir/CurlTests.c.o
/usr/bin/cc   -W -Wall -pedantic -Wbad-function-cast -Wconversion -Winline -Wmissing-declarations -Wmissing-prototypes -Wnested-externs -Wno-long-long -Wno-multichar -Wpointer-arith -Wshadow -Wsign-compare -Wundef -Wunused -Wwrite-strings -Wcast-align -Wdeclaration-after-statement -Wempty-body -Wendif-labels -Wfloat-equal -Wignored-qualifiers -Wno-format-nonliteral -Wno-sign-conversion -Wno-system-headers -Wstrict-prototypes -Wtype-limits -Wvla -Wmissing-parameter-type -Wold-style-declaration -Wstrict-aliasing=3 -Wformat=2 -Warray-bounds=2 -ftree-vrp -Wduplicated-cond -Wnull-dereference -fdelete-null-pointer-checks -Wshift-negative-value -Wshift-overflow=2 -Walloc-zero -Wduplicated-branches -Wformat-overflow=2 -Wformat-truncation=1 -Wrestrict -Warith-conversion -Wdouble-promotion -Wenum-conversion -Wunused-const-variable -DHAVE_BOOL_T  -DHAVE_INTTYPES_H -DHAVE_SYS_WAIT_H -DHAVE_SYS_IOCTL_H -DHAVE_SYS_PARAM_H -DHAVE_SYS_POLL_H -DHAVE_SYS_RESOURCE_H -DHAVE_SYS_SELECT_H -DHAVE_SYS_SOCKET_H -DHAVE_SYS_STAT_H -DHAVE_SYS_TIME_H -DHAVE_SYS_TYPES_H -DHAVE_SYS_UN_H -DHAVE_SYS_XATTR_H -DHAVE_ARPA_INET_H -DHAVE_FCNTL_H -DHAVE_IFADDRS_H -DHAVE_LIBGEN_H -DHAVE_LOCALE_H -DHAVE_NET_IF_H -DHAVE_NETDB_H -DHAVE_NETINET_IN_H -DHAVE_NETINET_TCP_H -DHAVE_NETINET_UDP_H -DHAVE_POLL_H -DHAVE_PWD_H -DHAVE_STDATOMIC_H -DHAVE_STDBOOL_H -DHAVE_STDINT_H -DHAVE_STRINGS_H -DHAVE_TERMIO_H -DHAVE_TERMIOS_H -DHAVE_UNISTD_H -DHAVE_UTIME_H -o CMakeFiles/cmTC_a4462.dir/CurlTests.c.o -c /root/my_pistache_api/build/_deps/curl-src/CMake/CurlTests.c
/root/my_pistache_api/build/_deps/curl-src/CMake/CurlTests.c:154:1: warning: function declaration isn’t a prototype [-Wstrict-prototypes]
  154 | main ()
      | ^~~~
Linking C executable cmTC_a4462
/usr/bin/cmake -E cmake_link_script CMakeFiles/cmTC_a4462.dir/link.txt --verbose=1
/usr/bin/cc   -W -Wall -pedantic -Wbad-function-cast -Wconversion -Winline -Wmissing-declarations -Wmissing-prototypes -Wnested-externs -Wno-long-long -Wno-multichar -Wpointer-arith -Wshadow -Wsign-compare -Wundef -Wunused -Wwrite-strings -Wcast-align -Wdeclaration-after-statement -Wempty-body -Wendif-labels -Wfloat-equal -Wignored-qualifiers -Wno-format-nonliteral -Wno-sign-conversion -Wno-system-headers -Wstrict-prototypes -Wtype-limits -Wvla -Wmissing-parameter-type -Wold-style-declaration -Wstrict-aliasing=3 -Wformat=2 -Warray-bounds=2 -ftree-vrp -Wduplicated-cond -Wnull-dereference -fdelete-null-pointer-checks -Wshift-negative-value -Wshift-overflow=2 -Walloc-zero -Wduplicated-branches -Wformat-overflow=2 -Wformat-truncation=1 -Wrestrict -Warith-conversion -Wdouble-promotion -Wenum-conversion -Wunused-const-variable -DHAVE_BOOL_T  -DHAVE_INTTYPES_H -DHAVE_SYS_WAIT_H -DHAVE_SYS_IOCTL_H -DHAVE_SYS_PARAM_H -DHAVE_SYS_POLL_H -DHAVE_SYS_RESOURCE_H -DHAVE_SYS_SELECT_H -DHAVE_SYS_SOCKET_H -DHAVE_SYS_STAT_H -DHAVE_SYS_TIME_H -DHAVE_SYS_TYPES_H -DHAVE_SYS_UN_H -DHAVE_SYS_XATTR_H -DHAVE_ARPA_INET_H -DHAVE_FCNTL_H -DHAVE_IFADDRS_H -DHAVE_LIBGEN_H -DHAVE_LOCALE_H -DHAVE_NET_IF_H -DHAVE_NETDB_H -DHAVE_NETINET_IN_H -DHAVE_NETINET_TCP_H -DHAVE_NETINET_UDP_H -DHAVE_POLL_H -DHAVE_PWD_H -DHAVE_STDATOMIC_H -DHAVE_STDBOOL_H -DHAVE_STDINT_H -DHAVE_STRINGS_H -DHAVE_TERMIO_H -DHAVE_TERMIOS_H -DHAVE_UNISTD_H -DHAVE_UTIME_H CMakeFiles/cmTC_a4462.dir/CurlTests.c.o -o cmTC_a4462 
gmake[1]: Leaving directory '/root/my_pistache_api/build/CMakeFiles/CMakeTmp'


Performing Curl Test STDC_HEADERS passed with the following output:
Change Dir: /root/my_pistache_api/build/CMakeFiles/CMakeTmp

Run Build Command(s):/usr/bin/gmake -f Makefile cmTC_7aa9e/fast && /usr/bin/gmake  -f CMakeFiles/cmTC_7aa9e.dir/build.make CMakeFiles/cmTC_7aa9e.dir/build
gmake[1]: Entering directory '/root/my_pistache_api/build/CMakeFiles/CMakeTmp'
Building C object CMakeFiles/cmTC_7aa9e.dir/CurlTests.c.o
/usr/bin/cc   -W -Wall -pedantic -Wbad-function-cast -Wconversion -Winline -Wmissing-declarations -Wmissing-prototypes -Wnested-externs -Wno-long-long -Wno-multichar -Wpointer-arith -Wshadow -Wsign-compare -Wundef -Wunused -Wwrite-strings -Wcast-align -Wdeclaration-after-statement -Wempty-body -Wendif-labels -Wfloat-equal -Wignored-qualifiers -Wno-format-nonliteral -Wno-sign-conversion -Wno-system-headers -Wstrict-prototypes -Wtype-limits -Wvla -Wmissing-parameter-type -Wold-style-declaration -Wstrict-aliasing=3 -Wformat=2 -Warray-bounds=2 -ftree-vrp -Wduplicated-cond -Wnull-dereference -fdelete-null-pointer-checks -Wshift-negative-value -Wshift-overflow=2 -Walloc-zero -Wduplicated-branches -Wformat-overflow=2 -Wformat-truncation=1 -Wrestrict -Warith-conversion -Wdouble-promotion -Wenum-conversion -Wunused-const-variable -DSTDC_HEADERS  -DHAVE_INTTYPES_H -DHAVE_SYS_WAIT_H -DHAVE_SYS_IOCTL_H -DHAVE_SYS_PARAM_H -DHAVE_SYS_POLL_H -DHAVE_SYS_RESOURCE_H -DHAVE_SYS_SELECT_H -DHAVE_SYS_SOCKET_H -DHAVE_SYS_STAT_H -DHAVE_SYS_TIME_H -DHAVE_SYS_TYPES_H -DHAVE_SYS_UN_H -DHAVE_SYS_XATTR_H -DHAVE_ARPA_INET_H -DHAVE_FCNTL_H -DHAVE_IFADDRS_H -DHAVE_LIBGEN_H -DHAVE_LOCALE_H -DHAVE_NET_IF_H -DHAVE_NETDB_H -DHAVE_NETINET_IN_H -DHAVE_NETINET_TCP_H -DHAVE_NETINET_UDP_H -DHAVE_POLL_H -DHAVE_PWD_H -DHAVE_STDATOMIC_H -DHAVE_STDBOOL_H -DHAVE_STDINT_H -DHAVE_STRINGS_H -DHAVE_TERMIO_H -DHAVE_TERMIOS_H -DHAVE_UNISTD_H -DHAVE_UTIME_H -o CMakeFiles/cmTC_7aa9e.dir/CurlTests.c.o -c /root/my_pistache_api/build/_deps/curl-src/CMake/CurlTests.c
/root/my_pistache_api/build/_deps/curl-src/CMake/CurlTests.c:168:5: warning: function declaration isn’t a prototype [-Wstrict-prototypes]
  168 | int main() { return 0; }
      |     ^~~~
Linking C executable cmTC_7aa9e
/usr/bin/cmake -E cmake_link_script CMakeFiles/cmTC_7aa9e.dir/link.txt --verbose=1
/usr/bin/cc   -W -Wall -pedantic -Wbad-function-cast -Wconversion -Winline -Wmissing-declarations -Wmissing-prototypes -Wnested-externs -Wno-long-long -Wno-multichar -Wpointer-arith -Wshadow -Wsign-compare -Wundef -Wunused -Wwrite-strings -Wcast-align -Wdeclaration-after-statement -Wempty-body -Wendif-labels -Wfloat-equal -Wignored-qualifiers -Wno-format-nonliteral -Wno-sign-conversion -Wno-system-headers -Wstrict-prototypes -Wtype-limits -Wvla -Wmissing-parameter-type -Wold-style-declaration -Wstrict-aliasing=3 -Wformat=2 -Warray-bounds=2 -ftree-vrp -Wduplicated-cond -Wnull-dereference -fdelete-null-pointer-checks -Wshift-negative-value -Wshift-overflow=2 -Walloc-zero -Wduplicated-branches -Wformat-overflow=2 -Wformat-truncation=1 -Wrestrict -Warith-conversion -Wdouble-promotion -Wenum-conversion -Wunused-const-variable -DSTDC_HEADERS  -DHAVE_INTTYPES_H -DHAVE_SYS_WAIT_H -DHAVE_SYS_IOCTL_H -DHAVE_SYS_PARAM_H -DHAVE_SYS_POLL_H -DHAVE_SYS_RESOURCE_H -DHAVE_SYS_SELECT_H -DHAVE_SYS_SOCKET_H -DHAVE_SYS_STAT_H -DHAVE_SYS_TIME_H -DHAVE_SYS_TYPES_H -DHAVE_SYS_UN_H -DHAVE_SYS_XATTR_H -DHAVE_ARPA_INET_H -DHAVE_FCNTL_H -DHAVE_IFADDRS_H -DHAVE_LIBGEN_H -DHAVE_LOCALE_H -DHAVE_NET_IF_H -DHAVE_NETDB_H -DHAVE_NETINET_IN_H -DHAVE_NETINET_TCP_H -DHAVE_NETINET_UDP_H -DHAVE_POLL_H -DHAVE_PWD_H -DHAVE_STDATOMIC_H -DHAVE_STDBOOL_H -DHAVE_STDINT_H -DHAVE_STRINGS_H -DHAVE_TERMIO_H -DHAVE_TERMIOS_H -DHAVE_UNISTD_H -DHAVE_UTIME_H CMakeFiles/cmTC_7aa9e.dir/CurlTests.c.o -o cmTC_7aa9e 
gmake[1]: Leaving directory '/root/my_pistache_api/build/CMakeFiles/CMakeTmp'


Performing Curl Test HAVE_FILE_OFFSET_BITS passed with the following output:
Change Dir: /root/my_pistache_api/build/CMakeFiles/CMakeTmp

Run Build Command(s):/usr/bin/gmake -f Makefile cmTC_0477f/fast && /usr/bin/gmake  -f CMakeFiles/cmTC_0477f.dir/build.make CMakeFiles/cmTC_0477f.dir/build
gmake[1]: Entering directory '/root/my_pistache_api/build/CMakeFiles/CMakeTmp'
Building C object CMakeFiles/cmTC_0477f.dir/CurlTests.c.o
/usr/bin/cc   -W -Wall -pedantic -Wbad-function-cast -Wconversion -Winline -Wmissing-declarations -Wmissing-prototypes -Wnested-externs -Wno-long-long -Wno-multichar -Wpointer-arith -Wshadow -Wsign-compare -Wundef -Wunused -Wwrite-strings -Wcast-align -Wdeclaration-after-statement -Wempty-body -Wendif-labels -Wfloat-equal -Wignored-qualifiers -Wno-format-nonliteral -Wno-sign-conversion -Wno-system-headers -Wstrict-prototypes -Wtype-limits -Wvla -Wmissing-parameter-type -Wold-style-declaration -Wstrict-aliasing=3 -Wformat=2 -Warray-bounds=2 -ftree-vrp -Wduplicated-cond -Wnull-dereference -fdelete-null-pointer-checks -Wshift-negative-value -Wshift-overflow=2 -Walloc-zero -Wduplicated-branches -Wformat-overflow=2 -Wformat-truncation=1 -Wrestrict -Warith-conversion -Wdouble-promotion -Wenum-conversion -Wunused-const-variable -DHAVE_FILE_OFFSET_BITS  -DHAVE_INTTYPES_H -DHAVE_SYS_WAIT_H -DHAVE_SYS_IOCTL_H -DHAVE_SYS_PARAM_H -DHAVE_SYS_POLL_H -DHAVE_SYS_RESOURCE_H -DHAVE_SYS_SELECT_H -DHAVE_SYS_SOCKET_H -DHAVE_SYS_STAT_H -DHAVE_SYS_TIME_H -DHAVE_SYS_TYPES_H -DHAVE_SYS_UN_H -DHAVE_SYS_XATTR_H -DHAVE_ARPA_INET_H -DHAVE_FCNTL_H -DHAVE_IFADDRS_H -DHAVE_LIBGEN_H -DHAVE_LOCALE_H -DHAVE_NET_IF_H -DHAVE_NETDB_H -DHAVE_NETINET_IN_H -DHAVE_NETINET_TCP_H -DHAVE_NETINET_UDP_H -DHAVE_POLL_H -DHAVE_PWD_H -DHAVE_STDATOMIC_H -DHAVE_STDBOOL_H -DHAVE_STDINT_H -DHAVE_STRINGS_H -DHAVE_TERMIO_H -DHAVE_TERMIOS_H -DHAVE_UNISTD_H -DHAVE_UTIME_H -o CMakeFiles/cmTC_0477f.dir/CurlTests.c.o -c /root/my_pistache_api/build/_deps/curl-src/CMake/CurlTests.c
/root/my_pistache_api/build/_deps/curl-src/CMake/CurlTests.c:184:5: warning: function declaration isn’t a prototype [-Wstrict-prototypes]
  184 | int main () { ; return 0; }
      |     ^~~~
Linking C executable cmTC_0477f
/usr/bin/cmake -E cmake_link_script CMakeFiles/cmTC_0477f.dir/link.txt --verbose=1
/usr/bin/cc   -W -Wall -pedantic -Wbad-function-cast -Wconversion -Winline -Wmissing-declarations -Wmissing-prototypes -Wnested-externs -Wno-long-long -Wno-multichar -Wpointer-arith -Wshadow -Wsign-compare -Wundef -Wunused -Wwrite-strings -Wcast-align -Wdeclaration-after-statement -Wempty-body -Wendif-labels -Wfloat-equal -Wignored-qualifiers -Wno-format-nonliteral -Wno-sign-conversion -Wno-system-headers -Wstrict-prototypes -Wtype-limits -Wvla -Wmissing-parameter-type -Wold-style-declaration -Wstrict-aliasing=3 -Wformat=2 -Warray-bounds=2 -ftree-vrp -Wduplicated-cond -Wnull-dereference -fdelete-null-pointer-checks -Wshift-negative-value -Wshift-overflow=2 -Walloc-zero -Wduplicated-branches -Wformat-overflow=2 -Wformat-truncation=1 -Wrestrict -Warith-conversion -Wdouble-promotion -Wenum-conversion -Wunused-const-variable -DHAVE_FILE_OFFSET_BITS  -DHAVE_INTTYPES_H -DHAVE_SYS_WAIT_H -DHAVE_SYS_IOCTL_H -DHAVE_SYS_PARAM_H -DHAVE_SYS_POLL_H -DHAVE_SYS_RESOURCE_H -DHAVE_SYS_SELECT_H -DHAVE_SYS_SOCKET_H -DHAVE_SYS_STAT_H -DHAVE_SYS_TIME_H -DHAVE_SYS_TYPES_H -DHAVE_SYS_UN_H -DHAVE_SYS_XATTR_H -DHAVE_ARPA_INET_H -DHAVE_FCNTL_H -DHAVE_IFADDRS_H -DHAVE_LIBGEN_H -DHAVE_LOCALE_H -DHAVE_NET_IF_H -DHAVE_NETDB_H -DHAVE_NETINET_IN_H -DHAVE_NETINET_TCP_H -DHAVE_NETINET_UDP_H -DHAVE_POLL_H -DHAVE_PWD_H -DHAVE_STDATOMIC_H -DHAVE_STDBOOL_H -DHAVE_STDINT_H -DHAVE_STRINGS_H -DHAVE_TERMIO_H -DHAVE_TERMIOS_H -DHAVE_UNISTD_H -DHAVE_UTIME_H CMakeFiles/cmTC_0477f.dir/CurlTests.c.o -o cmTC_0477f 
gmake[1]: Leaving directory '/root/my_pistache_api/build/CMakeFiles/CMakeTmp'


Performing Curl Test HAVE_VARIADIC_MACROS_C99 passed with the following output:
Change Dir: /root/my_pistache_api/build/CMakeFiles/CMakeTmp

Run Build Command(s):/usr/bin/gmake -f Makefile cmTC_650da/fast && /usr/bin/gmake  -f CMakeFiles/cmTC_650da.dir/build.make CMakeFiles/cmTC_650da.dir/build
gmake[1]: Entering directory '/root/my_pistache_api/build/CMakeFiles/CMakeTmp'
Building C object CMakeFiles/cmTC_650da.dir/CurlTests.c.o
/usr/bin/cc   -W -Wall -pedantic -Wbad-function-cast -Wconversion -Winline -Wmissing-declarations -Wmissing-prototypes -Wnested-externs -Wno-long-long -Wno-multichar -Wpointer-arith -Wshadow -Wsign-compare -Wundef -Wunused -Wwrite-strings -Wcast-align -Wdeclaration-after-statement -Wempty-body -Wendif-labels -Wfloat-equal -Wignored-qualifiers -Wno-format-nonliteral -Wno-sign-conversion -Wno-system-headers -Wstrict-prototypes -Wtype-limits -Wvla -Wmissing-parameter-type -Wold-style-declaration -Wstrict-aliasing=3 -Wformat=2 -Warray-bounds=2 -ftree-vrp -Wduplicated-cond -Wnull-dereference -fdelete-null-pointer-checks -Wshift-negative-value -Wshift-overflow=2 -Walloc-zero -Wduplicated-branches -Wformat-overflow=2 -Wformat-truncation=1 -Wrestrict -Warith-conversion -Wdouble-promotion -Wenum-conversion -Wunused-const-variable -DHAVE_VARIADIC_MACROS_C99  -DHAVE_INTTYPES_H -DHAVE_SYS_WAIT_H -DHAVE_SYS_IOCTL_H -DHAVE_SYS_PARAM_H -DHAVE_SYS_POLL_H -DHAVE_SYS_RESOURCE_H -DHAVE_SYS_SELECT_H -DHAVE_SYS_SOCKET_H -DHAVE_SYS_STAT_H -DHAVE_SYS_TIME_H -DHAVE_SYS_TYPES_H -DHAVE_SYS_UN_H -DHAVE_SYS_XATTR_H -DHAVE_ARPA_INET_H -DHAVE_FCNTL_H -DHAVE_IFADDRS_H -DHAVE_LIBGEN_H -DHAVE_LOCALE_H -DHAVE_NET_IF_H -DHAVE_NETDB_H -DHAVE_NETINET_IN_H -DHAVE_NETINET_TCP_H -DHAVE_NETINET_UDP_H -DHAVE_POLL_H -DHAVE_PWD_H -DHAVE_STDATOMIC_H -DHAVE_STDBOOL_H -DHAVE_STDINT_H -DHAVE_STRINGS_H -DHAVE_TERMIO_H -DHAVE_TERMIOS_H -DHAVE_UNISTD_H -DHAVE_UTIME_H -o CMakeFiles/cmTC_650da.dir/CurlTests.c.o -c /root/my_pistache_api/build/_deps/curl-src/CMake/CurlTests.c
/root/my_pistache_api/build/_deps/curl-src/CMake/CurlTests.c:449:1: warning: function declaration isn’t a prototype [-Wstrict-prototypes]
  449 | main() {
      | ^~~~
Linking C executable cmTC_650da
/usr/bin/cmake -E cmake_link_script CMakeFiles/cmTC_650da.dir/link.txt --verbose=1
/usr/bin/cc   -W -Wall -pedantic -Wbad-function-cast -Wconversion -Winline -Wmissing-declarations -Wmissing-prototypes -Wnested-externs -Wno-long-long -Wno-multichar -Wpointer-arith -Wshadow -Wsign-compare -Wundef -Wunused -Wwrite-strings -Wcast-align -Wdeclaration-after-statement -Wempty-body -Wendif-labels -Wfloat-equal -Wignored-qualifiers -Wno-format-nonliteral -Wno-sign-conversion -Wno-system-headers -Wstrict-prototypes -Wtype-limits -Wvla -Wmissing-parameter-type -Wold-style-declaration -Wstrict-aliasing=3 -Wformat=2 -Warray-bounds=2 -ftree-vrp -Wduplicated-cond -Wnull-dereference -fdelete-null-pointer-checks -Wshift-negative-value -Wshift-overflow=2 -Walloc-zero -Wduplicated-branches -Wformat-overflow=2 -Wformat-truncation=1 -Wrestrict -Warith-conversion -Wdouble-promotion -Wenum-conversion -Wunused-const-variable -DHAVE_VARIADIC_MACROS_C99  -DHAVE_INTTYPES_H -DHAVE_SYS_WAIT_H -DHAVE_SYS_IOCTL_H -DHAVE_SYS_PARAM_H -DHAVE_SYS_POLL_H -DHAVE_SYS_RESOURCE_H -DHAVE_SYS_SELECT_H -DHAVE_SYS_SOCKET_H -DHAVE_SYS_STAT_H -DHAVE_SYS_TIME_H -DHAVE_SYS_TYPES_H -DHAVE_SYS_UN_H -DHAVE_SYS_XATTR_H -DHAVE_ARPA_INET_H -DHAVE_FCNTL_H -DHAVE_IFADDRS_H -DHAVE_LIBGEN_H -DHAVE_LOCALE_H -DHAVE_NET_IF_H -DHAVE_NETDB_H -DHAVE_NETINET_IN_H -DHAVE_NETINET_TCP_H -DHAVE_NETINET_UDP_H -DHAVE_POLL_H -DHAVE_PWD_H -DHAVE_STDATOMIC_H -DHAVE_STDBOOL_H -DHAVE_STDINT_H -DHAVE_STRINGS_H -DHAVE_TERMIO_H -DHAVE_TERMIOS_H -DHAVE_UNISTD_H -DHAVE_UTIME_H CMakeFiles/cmTC_650da.dir/CurlTests.c.o -o cmTC_650da 
gmake[1]: Leaving directory '/root/my_pistache_api/build/CMakeFiles/CMakeTmp'


Performing Curl Test HAVE_VARIADIC_MACROS_GCC passed with the following output:
Change Dir: /root/my_pistache_api/build/CMakeFiles/CMakeTmp

Run Build Command(s):/usr/bin/gmake -f Makefile cmTC_c4a7a/fast && /usr/bin/gmake  -f CMakeFiles/cmTC_c4a7a.dir/build.make CMakeFiles/cmTC_c4a7a.dir/build
gmake[1]: Entering directory '/root/my_pistache_api/build/CMakeFiles/CMakeTmp'
Building C object CMakeFiles/cmTC_c4a7a.dir/CurlTests.c.o
/usr/bin/cc   -W -Wall -pedantic -Wbad-function-cast -Wconversion -Winline -Wmissing-declarations -Wmissing-prototypes -Wnested-externs -Wno-long-long -Wno-multichar -Wpointer-arith -Wshadow -Wsign-compare -Wundef -Wunused -Wwrite-strings -Wcast-align -Wdeclaration-after-statement -Wempty-body -Wendif-labels -Wfloat-equal -Wignored-qualifiers -Wno-format-nonliteral -Wno-sign-conversion -Wno-system-headers -Wstrict-prototypes -Wtype-limits -Wvla -Wmissing-parameter-type -Wold-style-declaration -Wstrict-aliasing=3 -Wformat=2 -Warray-bounds=2 -ftree-vrp -Wduplicated-cond -Wnull-dereference -fdelete-null-pointer-checks -Wshift-negative-value -Wshift-overflow=2 -Walloc-zero -Wduplicated-branches -Wformat-overflow=2 -Wformat-truncation=1 -Wrestrict -Warith-conversion -Wdouble-promotion -Wenum-conversion -Wunused-const-variable -DHAVE_VARIADIC_MACROS_GCC  -DHAVE_INTTYPES_H -DHAVE_SYS_WAIT_H -DHAVE_SYS_IOCTL_H -DHAVE_SYS_PARAM_H -DHAVE_SYS_POLL_H -DHAVE_SYS_RESOURCE_H -DHAVE_SYS_SELECT_H -DHAVE_SYS_SOCKET_H -DHAVE_SYS_STAT_H -DHAVE_SYS_TIME_H -DHAVE_SYS_TYPES_H -DHAVE_SYS_UN_H -DHAVE_SYS_XATTR_H -DHAVE_ARPA_INET_H -DHAVE_FCNTL_H -DHAVE_IFADDRS_H -DHAVE_LIBGEN_H -DHAVE_LOCALE_H -DHAVE_NET_IF_H -DHAVE_NETDB_H -DHAVE_NETINET_IN_H -DHAVE_NETINET_TCP_H -DHAVE_NETINET_UDP_H -DHAVE_POLL_H -DHAVE_PWD_H -DHAVE_STDATOMIC_H -DHAVE_STDBOOL_H -DHAVE_STDINT_H -DHAVE_STRINGS_H -DHAVE_TERMIO_H -DHAVE_TERMIOS_H -DHAVE_UNISTD_H -DHAVE_UTIME_H -o CMakeFiles/cmTC_c4a7a.dir/CurlTests.c.o -c /root/my_pistache_api/build/_deps/curl-src/CMake/CurlTests.c
/root/my_pistache_api/build/_deps/curl-src/CMake/CurlTests.c:458:32: warning: ISO C does not permit named variadic macros [-Wvariadic-macros]
  458 | #define gcc_vmacro3(first, args...) fun3(first, args)
      |                                ^~~
/root/my_pistache_api/build/_deps/curl-src/CMake/CurlTests.c:459:32: warning: ISO C does not permit named variadic macros [-Wvariadic-macros]
  459 | #define gcc_vmacro2(first, args...) fun2(first, args)
      |                                ^~~
/root/my_pistache_api/build/_deps/curl-src/CMake/CurlTests.c:472:1: warning: function declaration isn’t a prototype [-Wstrict-prototypes]
  472 | main() {
      | ^~~~
Linking C executable cmTC_c4a7a
/usr/bin/cmake -E cmake_link_script CMakeFiles/cmTC_c4a7a.dir/link.txt --verbose=1
/usr/bin/cc   -W -Wall -pedantic -Wbad-function-cast -Wconversion -Winline -Wmissing-declarations -Wmissing-prototypes -Wnested-externs -Wno-long-long -Wno-multichar -Wpointer-arith -Wshadow -Wsign-compare -Wundef -Wunused -Wwrite-strings -Wcast-align -Wdeclaration-after-statement -Wempty-body -Wendif-labels -Wfloat-equal -Wignored-qualifiers -Wno-format-nonliteral -Wno-sign-conversion -Wno-system-headers -Wstrict-prototypes -Wtype-limits -Wvla -Wmissing-parameter-type -Wold-style-declaration -Wstrict-aliasing=3 -Wformat=2 -Warray-bounds=2 -ftree-vrp -Wduplicated-cond -Wnull-dereference -fdelete-null-pointer-checks -Wshift-negative-value -Wshift-overflow=2 -Walloc-zero -Wduplicated-branches -Wformat-overflow=2 -Wformat-truncation=1 -Wrestrict -Warith-conversion -Wdouble-promotion -Wenum-conversion -Wunused-const-variable -DHAVE_VARIADIC_MACROS_GCC  -DHAVE_INTTYPES_H -DHAVE_SYS_WAIT_H -DHAVE_SYS_IOCTL_H -DHAVE_SYS_PARAM_H -DHAVE_SYS_POLL_H -DHAVE_SYS_RESOURCE_H -DHAVE_SYS_SELECT_H -DHAVE_SYS_SOCKET_H -DHAVE_SYS_STAT_H -DHAVE_SYS_TIME_H -DHAVE_SYS_TYPES_H -DHAVE_SYS_UN_H -DHAVE_SYS_XATTR_H -DHAVE_ARPA_INET_H -DHAVE_FCNTL_H -DHAVE_IFADDRS_H -DHAVE_LIBGEN_H -DHAVE_LOCALE_H -DHAVE_NET_IF_H -DHAVE_NETDB_H -DHAVE_NETINET_IN_H -DHAVE_NETINET_TCP_H -DHAVE_NETINET_UDP_H -DHAVE_POLL_H -DHAVE_PWD_H -DHAVE_STDATOMIC_H -DHAVE_STDBOOL_H -DHAVE_STDINT_H -DHAVE_STRINGS_H -DHAVE_TERMIO_H -DHAVE_TERMIOS_H -DHAVE_UNISTD_H -DHAVE_UTIME_H CMakeFiles/cmTC_c4a7a.dir/CurlTests.c.o -o cmTC_c4a7a 
gmake[1]: Leaving directory '/root/my_pistache_api/build/CMakeFiles/CMakeTmp'


Performing Curl Test HAVE_ATOMIC passed with the following output:
Change Dir: /root/my_pistache_api/build/CMakeFiles/CMakeTmp

Run Build Command(s):/usr/bin/gmake -f Makefile cmTC_93f29/fast && /usr/bin/gmake  -f CMakeFiles/cmTC_93f29.dir/build.make CMakeFiles/cmTC_93f29.dir/build
gmake[1]: Entering directory '/root/my_pistache_api/build/CMakeFiles/CMakeTmp'
Building C object CMakeFiles/cmTC_93f29.dir/CurlTests.c.o
/usr/bin/cc   -W -Wall -pedantic -Wbad-function-cast -Wconversion -Winline -Wmissing-declarations -Wmissing-prototypes -Wnested-externs -Wno-long-long -Wno-multichar -Wpointer-arith -Wshadow -Wsign-compare -Wundef -Wunused -Wwrite-strings -Wcast-align -Wdeclaration-after-statement -Wempty-body -Wendif-labels -Wfloat-equal -Wignored-qualifiers -Wno-format-nonliteral -Wno-sign-conversion -Wno-system-headers -Wstrict-prototypes -Wtype-limits -Wvla -Wmissing-parameter-type -Wold-style-declaration -Wstrict-aliasing=3 -Wformat=2 -Warray-bounds=2 -ftree-vrp -Wduplicated-cond -Wnull-dereference -fdelete-null-pointer-checks -Wshift-negative-value -Wshift-overflow=2 -Walloc-zero -Wduplicated-branches -Wformat-overflow=2 -Wformat-truncation=1 -Wrestrict -Warith-conversion -Wdouble-promotion -Wenum-conversion -Wunused-const-variable -DHAVE_ATOMIC  -DHAVE_INTTYPES_H -DHAVE_SYS_WAIT_H -DHAVE_SYS_IOCTL_H -DHAVE_SYS_PARAM_H -DHAVE_SYS_POLL_H -DHAVE_SYS_RESOURCE_H -DHAVE_SYS_SELECT_H -DHAVE_SYS_SOCKET_H -DHAVE_SYS_STAT_H -DHAVE_SYS_TIME_H -DHAVE_SYS_TYPES_H -DHAVE_SYS_UN_H -DHAVE_SYS_XATTR_H -DHAVE_ARPA_INET_H -DHAVE_FCNTL_H -DHAVE_IFADDRS_H -DHAVE_LIBGEN_H -DHAVE_LOCALE_H -DHAVE_NET_IF_H -DHAVE_NETDB_H -DHAVE_NETINET_IN_H -DHAVE_NETINET_TCP_H -DHAVE_NETINET_UDP_H -DHAVE_POLL_H -DHAVE_PWD_H -DHAVE_STDATOMIC_H -DHAVE_STDBOOL_H -DHAVE_STDINT_H -DHAVE_STRINGS_H -DHAVE_TERMIO_H -DHAVE_TERMIOS_H -DHAVE_UNISTD_H -DHAVE_UTIME_H -o CMakeFiles/cmTC_93f29.dir/CurlTests.c.o -c /root/my_pistache_api/build/_deps/curl-src/CMake/CurlTests.c
/root/my_pistache_api/build/_deps/curl-src/CMake/CurlTests.c:494:1: warning: function declaration isn’t a prototype [-Wstrict-prototypes]
  494 | main() {
      | ^~~~
Linking C executable cmTC_93f29
/usr/bin/cmake -E cmake_link_script CMakeFiles/cmTC_93f29.dir/link.txt --verbose=1
/usr/bin/cc   -W -Wall -pedantic -Wbad-function-cast -Wconversion -Winline -Wmissing-declarations -Wmissing-prototypes -Wnested-externs -Wno-long-long -Wno-multichar -Wpointer-arith -Wshadow -Wsign-compare -Wundef -Wunused -Wwrite-strings -Wcast-align -Wdeclaration-after-statement -Wempty-body -Wendif-labels -Wfloat-equal -Wignored-qualifiers -Wno-format-nonliteral -Wno-sign-conversion -Wno-system-headers -Wstrict-prototypes -Wtype-limits -Wvla -Wmissing-parameter-type -Wold-style-declaration -Wstrict-aliasing=3 -Wformat=2 -Warray-bounds=2 -ftree-vrp -Wduplicated-cond -Wnull-dereference -fdelete-null-pointer-checks -Wshift-negative-value -Wshift-overflow=2 -Walloc-zero -Wduplicated-branches -Wformat-overflow=2 -Wformat-truncation=1 -Wrestrict -Warith-conversion -Wdouble-promotion -Wenum-conversion -Wunused-const-variable -DHAVE_ATOMIC  -DHAVE_INTTYPES_H -DHAVE_SYS_WAIT_H -DHAVE_SYS_IOCTL_H -DHAVE_SYS_PARAM_H -DHAVE_SYS_POLL_H -DHAVE_SYS_RESOURCE_H -DHAVE_SYS_SELECT_H -DHAVE_SYS_SOCKET_H -DHAVE_SYS_STAT_H -DHAVE_SYS_TIME_H -DHAVE_SYS_TYPES_H -DHAVE_SYS_UN_H -DHAVE_SYS_XATTR_H -DHAVE_ARPA_INET_H -DHAVE_FCNTL_H -DHAVE_IFADDRS_H -DHAVE_LIBGEN_H -DHAVE_LOCALE_H -DHAVE_NET_IF_H -DHAVE_NETDB_H -DHAVE_NETINET_IN_H -DHAVE_NETINET_TCP_H -DHAVE_NETINET_UDP_H -DHAVE_POLL_H -DHAVE_PWD_H -DHAVE_STDATOMIC_H -DHAVE_STDBOOL_H -DHAVE_STDINT_H -DHAVE_STRINGS_H -DHAVE_TERMIO_H -DHAVE_TERMIOS_H -DHAVE_UNISTD_H -DHAVE_UTIME_H CMakeFiles/cmTC_93f29.dir/CurlTests.c.o -o cmTC_93f29 
gmake[1]: Leaving directory '/root/my_pistache_api/build/CMakeFiles/CMakeTmp'


Determining size of off_t passed with the following output:
Change Dir: /root/my_pistache_api/build/CMakeFiles/CMakeTmp

Run Build Command(s):/usr/bin/gmake -f Makefile cmTC_e57e1/fast && /usr/bin/gmake  -f CMakeFiles/cmTC_e57e1.dir/build.make CMakeFiles/cmTC_e57e1.dir/build
gmake[1]: Entering directory '/root/my_pistache_api/build/CMakeFiles/CMakeTmp'
Building C object CMakeFiles/cmTC_e57e1.dir/SIZEOF_OFF_T.c.o
/usr/bin/cc   -W -Wall -pedantic -Wbad-function-cast -Wconversion -Winline -Wmissing-declarations -Wmissing-prototypes -Wnested-externs -Wno-long-long -Wno-multichar -Wpointer-arith -Wshadow -Wsign-compare -Wundef -Wunused -Wwrite-strings -Wcast-align -Wdeclaration-after-statement -Wempty-body -Wendif-labels -Wfloat-equal -Wignored-qualifiers -Wno-format-nonliteral -Wno-sign-conversion -Wno-system-headers -Wstrict-prototypes -Wtype-limits -Wvla -Wmissing-parameter-type -Wold-style-declaration -Wstrict-aliasing=3 -Wformat=2 -Warray-bounds=2 -ftree-vrp -Wduplicated-cond -Wnull-dereference -fdelete-null-pointer-checks -Wshift-negative-value -Wshift-overflow=2 -Walloc-zero -Wduplicated-branches -Wformat-overflow=2 -Wformat-truncation=1 -Wrestrict -Warith-conversion -Wdouble-promotion -Wenum-conversion -Wunused-const-variable -D_FILE_OFFSET_BITS=64 -o CMakeFiles/cmTC_e57e1.dir/SIZEOF_OFF_T.c.o -c /root/my_pistache_api/build/CMakeFiles/CheckTypeSize/SIZEOF_OFF_T.c
Linking C executable cmTC_e57e1
/usr/bin/cmake -E cmake_link_script CMakeFiles/cmTC_e57e1.dir/link.txt --verbose=1
/usr/bin/cc   -W -Wall -pedantic -Wbad-function-cast -Wconversion -Winline -Wmissing-declarations -Wmissing-prototypes -Wnested-externs -Wno-long-long -Wno-multichar -Wpointer-arith -Wshadow -Wsign-compare -Wundef -Wunused -Wwrite-strings -Wcast-align -Wdeclaration-after-statement -Wempty-body -Wendif-labels -Wfloat-equal -Wignored-qualifiers -Wno-format-nonliteral -Wno-sign-conversion -Wno-system-headers -Wstrict-prototypes -Wtype-limits -Wvla -Wmissing-parameter-type -Wold-style-declaration -Wstrict-aliasing=3 -Wformat=2 -Warray-bounds=2 -ftree-vrp -Wduplicated-cond -Wnull-dereference -fdelete-null-pointer-checks -Wshift-negative-value -Wshift-overflow=2 -Walloc-zero -Wduplicated-branches -Wformat-overflow=2 -Wformat-truncation=1 -Wrestrict -Warith-conversion -Wdouble-promotion -Wenum-conversion -Wunused-const-variable -D_FILE_OFFSET_BITS=64 CMakeFiles/cmTC_e57e1.dir/SIZEOF_OFF_T.c.o -o cmTC_e57e1 
gmake[1]: Leaving directory '/root/my_pistache_api/build/CMakeFiles/CMakeTmp'



Determining size of curl_off_t passed with the following output:
Change Dir: /root/my_pistache_api/build/CMakeFiles/CMakeTmp

Run Build Command(s):/usr/bin/gmake -f Makefile cmTC_1e002/fast && /usr/bin/gmake  -f CMakeFiles/cmTC_1e002.dir/build.make CMakeFiles/cmTC_1e002.dir/build
gmake[1]: Entering directory '/root/my_pistache_api/build/CMakeFiles/CMakeTmp'
Building C object CMakeFiles/cmTC_1e002.dir/SIZEOF_CURL_OFF_T.c.o
/usr/bin/cc  -I/root/my_pistache_api/build/_deps/curl-src/include -W -Wall -pedantic -Wbad-function-cast -Wconversion -Winline -Wmissing-declarations -Wmissing-prototypes -Wnested-externs -Wno-long-long -Wno-multichar -Wpointer-arith -Wshadow -Wsign-compare -Wundef -Wunused -Wwrite-strings -Wcast-align -Wdeclaration-after-statement -Wempty-body -Wendif-labels -Wfloat-equal -Wignored-qualifiers -Wno-format-nonliteral -Wno-sign-conversion -Wno-system-headers -Wstrict-prototypes -Wtype-limits -Wvla -Wmissing-parameter-type -Wold-style-declaration -Wstrict-aliasing=3 -Wformat=2 -Warray-bounds=2 -ftree-vrp -Wduplicated-cond -Wnull-dereference -fdelete-null-pointer-checks -Wshift-negative-value -Wshift-overflow=2 -Walloc-zero -Wduplicated-branches -Wformat-overflow=2 -Wformat-truncation=1 -Wrestrict -Warith-conversion -Wdouble-promotion -Wenum-conversion -Wunused-const-variable -D_FILE_OFFSET_BITS=64 -o CMakeFiles/cmTC_1e002.dir/SIZEOF_CURL_OFF_T.c.o -c /root/my_pistache_api/build/CMakeFiles/CheckTypeSize/SIZEOF_CURL_OFF_T.c
Linking C executable cmTC_1e002
/usr/bin/cmake -E cmake_link_script CMakeFiles/cmTC_1e002.dir/link.txt --verbose=1
/usr/bin/cc   -W -Wall -pedantic -Wbad-function-cast -Wconversion -Winline -Wmissing-declarations -Wmissing-prototypes -Wnested-externs -Wno-long-long -Wno-multichar -Wpointer-arith -Wshadow -Wsign-compare -Wundef -Wunused -Wwrite-strings -Wcast-align -Wdeclaration-after-statement -Wempty-body -Wendif-labels -Wfloat-equal -Wignored-qualifiers -Wno-format-nonliteral -Wno-sign-conversion -Wno-system-headers -Wstrict-prototypes -Wtype-limits -Wvla -Wmissing-parameter-type -Wold-style-declaration -Wstrict-aliasing=3 -Wformat=2 -Warray-bounds=2 -ftree-vrp -Wduplicated-cond -Wnull-dereference -fdelete-null-pointer-checks -Wshift-negative-value -Wshift-overflow=2 -Walloc-zero -Wduplicated-branches -Wformat-overflow=2 -Wformat-truncation=1 -Wrestrict -Warith-conversion -Wdouble-promotion -Wenum-conversion -Wunused-const-variable -D_FILE_OFFSET_BITS=64 CMakeFiles/cmTC_1e002.dir/SIZEOF_CURL_OFF_T.c.o -o cmTC_1e002 
gmake[1]: Leaving directory '/root/my_pistache_api/build/CMakeFiles/CMakeTmp'



Determining size of curl_socket_t passed with the following output:
Change Dir: /root/my_pistache_api/build/CMakeFiles/CMakeTmp

Run Build Command(s):/usr/bin/gmake -f Makefile cmTC_17f4f/fast && /usr/bin/gmake  -f CMakeFiles/cmTC_17f4f.dir/build.make CMakeFiles/cmTC_17f4f.dir/build
gmake[1]: Entering directory '/root/my_pistache_api/build/CMakeFiles/CMakeTmp'
Building C object CMakeFiles/cmTC_17f4f.dir/SIZEOF_CURL_SOCKET_T.c.o
/usr/bin/cc  -I/root/my_pistache_api/build/_deps/curl-src/include -W -Wall -pedantic -Wbad-function-cast -Wconversion -Winline -Wmissing-declarations -Wmissing-prototypes -Wnested-externs -Wno-long-long -Wno-multichar -Wpointer-arith -Wshadow -Wsign-compare -Wundef -Wunused -Wwrite-strings -Wcast-align -Wdeclaration-after-statement -Wempty-body -Wendif-labels -Wfloat-equal -Wignored-qualifiers -Wno-format-nonliteral -Wno-sign-conversion -Wno-system-headers -Wstrict-prototypes -Wtype-limits -Wvla -Wmissing-parameter-type -Wold-style-declaration -Wstrict-aliasing=3 -Wformat=2 -Warray-bounds=2 -ftree-vrp -Wduplicated-cond -Wnull-dereference -fdelete-null-pointer-checks -Wshift-negative-value -Wshift-overflow=2 -Walloc-zero -Wduplicated-branches -Wformat-overflow=2 -Wformat-truncation=1 -Wrestrict -Warith-conversion -Wdouble-promotion -Wenum-conversion -Wunused-const-variable -D_FILE_OFFSET_BITS=64 -o CMakeFiles/cmTC_17f4f.dir/SIZEOF_CURL_SOCKET_T.c.o -c /root/my_pistache_api/build/CMakeFiles/CheckTypeSize/SIZEOF_CURL_SOCKET_T.c
Linking C executable cmTC_17f4f
/usr/bin/cmake -E cmake_link_script CMakeFiles/cmTC_17f4f.dir/link.txt --verbose=1
/usr/bin/cc   -W -Wall -pedantic -Wbad-function-cast -Wconversion -Winline -Wmissing-declarations -Wmissing-prototypes -Wnested-externs -Wno-long-long -Wno-multichar -Wpointer-arith -Wshadow -Wsign-compare -Wundef -Wunused -Wwrite-strings -Wcast-align -Wdeclaration-after-statement -Wempty-body -Wendif-labels -Wfloat-equal -Wignored-qualifiers -Wno-format-nonliteral -Wno-sign-conversion -Wno-system-headers -Wstrict-prototypes -Wtype-limits -Wvla -Wmissing-parameter-type -Wold-style-declaration -Wstrict-aliasing=3 -Wformat=2 -Warray-bounds=2 -ftree-vrp -Wduplicated-cond -Wnull-dereference -fdelete-null-pointer-checks -Wshift-negative-value -Wshift-overflow=2 -Walloc-zero -Wduplicated-branches -Wformat-overflow=2 -Wformat-truncation=1 -Wrestrict -Warith-conversion -Wdouble-promotion -Wenum-conversion -Wunused-const-variable -D_FILE_OFFSET_BITS=64 CMakeFiles/cmTC_17f4f.dir/SIZEOF_CURL_SOCKET_T.c.o -o cmTC_17f4f 
gmake[1]: Leaving directory '/root/my_pistache_api/build/CMakeFiles/CMakeTmp'



Performing C SOURCE FILE Test HAVE_WRITABLE_ARGV succeeded with the following compile output:
Change Dir: /root/my_pistache_api/build/CMakeFiles/CMakeTmp

Run Build Command(s):/usr/bin/gmake -f Makefile cmTC_b550b/fast && /usr/bin/gmake  -f CMakeFiles/cmTC_b550b.dir/build.make CMakeFiles/cmTC_b550b.dir/build
gmake[1]: Entering directory '/root/my_pistache_api/build/CMakeFiles/CMakeTmp'
Building C object CMakeFiles/cmTC_b550b.dir/src.c.o
/usr/bin/cc -DHAVE_WRITABLE_ARGV -I/root/my_pistache_api/build/_deps/curl-src/include -W -Wall -pedantic -Wbad-function-cast -Wconversion -Winline -Wmissing-declarations -Wmissing-prototypes -Wnested-externs -Wno-long-long -Wno-multichar -Wpointer-arith -Wshadow -Wsign-compare -Wundef -Wunused -Wwrite-strings -Wcast-align -Wdeclaration-after-statement -Wempty-body -Wendif-labels -Wfloat-equal -Wignored-qualifiers -Wno-format-nonliteral -Wno-sign-conversion -Wno-system-headers -Wstrict-prototypes -Wtype-limits -Wvla -Wmissing-parameter-type -Wold-style-declaration -Wstrict-aliasing=3 -Wformat=2 -Warray-bounds=2 -ftree-vrp -Wduplicated-cond -Wnull-dereference -fdelete-null-pointer-checks -Wshift-negative-value -Wshift-overflow=2 -Walloc-zero -Wduplicated-branches -Wformat-overflow=2 -Wformat-truncation=1 -Wrestrict -Warith-conversion -Wdouble-promotion -Wenum-conversion -Wunused-const-variable -D_FILE_OFFSET_BITS=64 -o CMakeFiles/cmTC_b550b.dir/src.c.o -c /root/my_pistache_api/build/CMakeFiles/CMakeTmp/src.c
Linking C executable cmTC_b550b
/usr/bin/cmake -E cmake_link_script CMakeFiles/cmTC_b550b.dir/link.txt --verbose=1
/usr/bin/cc   -W -Wall -pedantic -Wbad-function-cast -Wconversion -Winline -Wmissing-declarations -Wmissing-prototypes -Wnested-externs -Wno-long-long -Wno-multichar -Wpointer-arith -Wshadow -Wsign-compare -Wundef -Wunused -Wwrite-strings -Wcast-align -Wdeclaration-after-statement -Wempty-body -Wendif-labels -Wfloat-equal -Wignored-qualifiers -Wno-format-nonliteral -Wno-sign-conversion -Wno-system-headers -Wstrict-prototypes -Wtype-limits -Wvla -Wmissing-parameter-type -Wold-style-declaration -Wstrict-aliasing=3 -Wformat=2 -Warray-bounds=2 -ftree-vrp -Wduplicated-cond -Wnull-dereference -fdelete-null-pointer-checks -Wshift-negative-value -Wshift-overflow=2 -Walloc-zero -Wduplicated-branches -Wformat-overflow=2 -Wformat-truncation=1 -Wrestrict -Warith-conversion -Wdouble-promotion -Wenum-conversion -Wunused-const-variable -D_FILE_OFFSET_BITS=64 CMakeFiles/cmTC_b550b.dir/src.c.o -o cmTC_b550b 
gmake[1]: Leaving directory '/root/my_pistache_api/build/CMakeFiles/CMakeTmp'


...and run output:

Return value: 1
Source file was:

    int main(int argc, char **argv)
    {
      (void)argc;
      argv[0][0] = ' ';
      return (argv[0][0] == ' ')?0:1;
    }
Performing Curl Test HAVE_POSIX_STRERROR_R passed with the following output:
Change Dir: /root/my_pistache_api/build/CMakeFiles/CMakeTmp

Run Build Command(s):/usr/bin/gmake -f Makefile cmTC_2b59d/fast && /usr/bin/gmake  -f CMakeFiles/cmTC_2b59d.dir/build.make CMakeFiles/cmTC_2b59d.dir/build
gmake[1]: Entering directory '/root/my_pistache_api/build/CMakeFiles/CMakeTmp'
Building C object CMakeFiles/cmTC_2b59d.dir/CurlTests.c.o
/usr/bin/cc   -W -Wall -pedantic -Wbad-function-cast -Wconversion -Winline -Wmissing-declarations -Wmissing-prototypes -Wnested-externs -Wno-long-long -Wno-multichar -Wpointer-arith -Wshadow -Wsign-compare -Wundef -Wunused -Wwrite-strings -Wcast-align -Wdeclaration-after-statement -Wempty-body -Wendif-labels -Wfloat-equal -Wignored-qualifiers -Wno-format-nonliteral -Wno-sign-conversion -Wno-system-headers -Wstrict-prototypes -Wtype-limits -Wvla -Wmissing-parameter-type -Wold-style-declaration -Wstrict-aliasing=3 -Wformat=2 -Warray-bounds=2 -ftree-vrp -Wduplicated-cond -Wnull-dereference -fdelete-null-pointer-checks -Wshift-negative-value -Wshift-overflow=2 -Walloc-zero -Wduplicated-branches -Wformat-overflow=2 -Wformat-truncation=1 -Wrestrict -Warith-conversion -Wdouble-promotion -Wenum-conversion -Wunused-const-variable -DHAVE_POSIX_STRERROR_R  -DHAVE_INTTYPES_H -DHAVE_SYS_WAIT_H -DHAVE_SYS_IOCTL_H -DHAVE_SYS_PARAM_H -DHAVE_SYS_POLL_H -DHAVE_SYS_RESOURCE_H -DHAVE_SYS_SELECT_H -DHAVE_SYS_SOCKET_H -DHAVE_SYS_STAT_H -DHAVE_SYS_TIME_H -DHAVE_SYS_TYPES_H -DHAVE_SYS_UN_H -DHAVE_SYS_XATTR_H -DHAVE_ARPA_INET_H -DHAVE_FCNTL_H -DHAVE_IFADDRS_H -DHAVE_LIBGEN_H -DHAVE_LOCALE_H -DHAVE_NET_IF_H -DHAVE_NETDB_H -DHAVE_NETINET_IN_H -DHAVE_NETINET_TCP_H -DHAVE_NETINET_UDP_H -DHAVE_POLL_H -DHAVE_PWD_H -DHAVE_STDATOMIC_H -DHAVE_STDBOOL_H -DHAVE_STDINT_H -DHAVE_STRINGS_H -DHAVE_TERMIO_H -DHAVE_TERMIOS_H -DHAVE_UNISTD_H -DHAVE_UTIME_H -o CMakeFiles/cmTC_2b59d.dir/CurlTests.c.o -c /root/my_pistache_api/build/_deps/curl-src/CMake/CurlTests.c
/root/my_pistache_api/build/_deps/curl-src/CMake/CurlTests.c:392:6: warning: no previous prototype for ‘check’ [-Wmissing-prototypes]
  392 | void check(float f) {}
      |      ^~~~~
/root/my_pistache_api/build/_deps/curl-src/CMake/CurlTests.c: In function ‘check’:
/root/my_pistache_api/build/_deps/curl-src/CMake/CurlTests.c:392:18: warning: unused parameter ‘f’ [-Wunused-parameter]
  392 | void check(float f) {}
      |            ~~~~~~^
/root/my_pistache_api/build/_deps/curl-src/CMake/CurlTests.c: At top level:
/root/my_pistache_api/build/_deps/curl-src/CMake/CurlTests.c:395:1: warning: function declaration isn’t a prototype [-Wstrict-prototypes]
  395 | main () {
      | ^~~~
/root/my_pistache_api/build/_deps/curl-src/CMake/CurlTests.c: In function ‘main’:
/root/my_pistache_api/build/_deps/curl-src/CMake/CurlTests.c:398:9: warning: conversion from ‘int’ to ‘float’ may change value [-Wconversion]
  398 |   check(strerror_r(EACCES, buffer, sizeof(buffer)));
      |         ^~~~~~~~~~~~~~~~~~~~~~~~~~~~~~~~~~~~~~~~~~
Linking C executable cmTC_2b59d
/usr/bin/cmake -E cmake_link_script CMakeFiles/cmTC_2b59d.dir/link.txt --verbose=1
/usr/bin/cc   -W -Wall -pedantic -Wbad-function-cast -Wconversion -Winline -Wmissing-declarations -Wmissing-prototypes -Wnested-externs -Wno-long-long -Wno-multichar -Wpointer-arith -Wshadow -Wsign-compare -Wundef -Wunused -Wwrite-strings -Wcast-align -Wdeclaration-after-statement -Wempty-body -Wendif-labels -Wfloat-equal -Wignored-qualifiers -Wno-format-nonliteral -Wno-sign-conversion -Wno-system-headers -Wstrict-prototypes -Wtype-limits -Wvla -Wmissing-parameter-type -Wold-style-declaration -Wstrict-aliasing=3 -Wformat=2 -Warray-bounds=2 -ftree-vrp -Wduplicated-cond -Wnull-dereference -fdelete-null-pointer-checks -Wshift-negative-value -Wshift-overflow=2 -Walloc-zero -Wduplicated-branches -Wformat-overflow=2 -Wformat-truncation=1 -Wrestrict -Warith-conversion -Wdouble-promotion -Wenum-conversion -Wunused-const-variable -DHAVE_POSIX_STRERROR_R  -DHAVE_INTTYPES_H -DHAVE_SYS_WAIT_H -DHAVE_SYS_IOCTL_H -DHAVE_SYS_PARAM_H -DHAVE_SYS_POLL_H -DHAVE_SYS_RESOURCE_H -DHAVE_SYS_SELECT_H -DHAVE_SYS_SOCKET_H -DHAVE_SYS_STAT_H -DHAVE_SYS_TIME_H -DHAVE_SYS_TYPES_H -DHAVE_SYS_UN_H -DHAVE_SYS_XATTR_H -DHAVE_ARPA_INET_H -DHAVE_FCNTL_H -DHAVE_IFADDRS_H -DHAVE_LIBGEN_H -DHAVE_LOCALE_H -DHAVE_NET_IF_H -DHAVE_NETDB_H -DHAVE_NETINET_IN_H -DHAVE_NETINET_TCP_H -DHAVE_NETINET_UDP_H -DHAVE_POLL_H -DHAVE_PWD_H -DHAVE_STDATOMIC_H -DHAVE_STDBOOL_H -DHAVE_STDINT_H -DHAVE_STRINGS_H -DHAVE_TERMIO_H -DHAVE_TERMIOS_H -DHAVE_UNISTD_H -DHAVE_UTIME_H CMakeFiles/cmTC_2b59d.dir/CurlTests.c.o -o cmTC_2b59d 
gmake[1]: Leaving directory '/root/my_pistache_api/build/CMakeFiles/CMakeTmp'


Performing Curl Test HAVE_CLOCK_GETTIME_MONOTONIC passed with the following output:
Change Dir: /root/my_pistache_api/build/CMakeFiles/CMakeTmp

Run Build Command(s):/usr/bin/gmake -f Makefile cmTC_0c583/fast && /usr/bin/gmake  -f CMakeFiles/cmTC_0c583.dir/build.make CMakeFiles/cmTC_0c583.dir/build
gmake[1]: Entering directory '/root/my_pistache_api/build/CMakeFiles/CMakeTmp'
Building C object CMakeFiles/cmTC_0c583.dir/CurlTests.c.o
/usr/bin/cc   -W -Wall -pedantic -Wbad-function-cast -Wconversion -Winline -Wmissing-declarations -Wmissing-prototypes -Wnested-externs -Wno-long-long -Wno-multichar -Wpointer-arith -Wshadow -Wsign-compare -Wundef -Wunused -Wwrite-strings -Wcast-align -Wdeclaration-after-statement -Wempty-body -Wendif-labels -Wfloat-equal -Wignored-qualifiers -Wno-format-nonliteral -Wno-sign-conversion -Wno-system-headers -Wstrict-prototypes -Wtype-limits -Wvla -Wmissing-parameter-type -Wold-style-declaration -Wstrict-aliasing=3 -Wformat=2 -Warray-bounds=2 -ftree-vrp -Wduplicated-cond -Wnull-dereference -fdelete-null-pointer-checks -Wshift-negative-value -Wshift-overflow=2 -Walloc-zero -Wduplicated-branches -Wformat-overflow=2 -Wformat-truncation=1 -Wrestrict -Warith-conversion -Wdouble-promotion -Wenum-conversion -Wunused-const-variable -DHAVE_CLOCK_GETTIME_MONOTONIC  -DHAVE_INTTYPES_H -DHAVE_SYS_WAIT_H -DHAVE_SYS_IOCTL_H -DHAVE_SYS_PARAM_H -DHAVE_SYS_POLL_H -DHAVE_SYS_RESOURCE_H -DHAVE_SYS_SELECT_H -DHAVE_SYS_SOCKET_H -DHAVE_SYS_STAT_H -DHAVE_SYS_TIME_H -DHAVE_SYS_TYPES_H -DHAVE_SYS_UN_H -DHAVE_SYS_XATTR_H -DHAVE_ARPA_INET_H -DHAVE_FCNTL_H -DHAVE_IFADDRS_H -DHAVE_LIBGEN_H -DHAVE_LOCALE_H -DHAVE_NET_IF_H -DHAVE_NETDB_H -DHAVE_NETINET_IN_H -DHAVE_NETINET_TCP_H -DHAVE_NETINET_UDP_H -DHAVE_POLL_H -DHAVE_PWD_H -DHAVE_STDATOMIC_H -DHAVE_STDBOOL_H -DHAVE_STDINT_H -DHAVE_STRINGS_H -DHAVE_TERMIO_H -DHAVE_TERMIOS_H -DHAVE_UNISTD_H -DHAVE_UTIME_H -o CMakeFiles/cmTC_0c583.dir/CurlTests.c.o -c /root/my_pistache_api/build/_deps/curl-src/CMake/CurlTests.c
/root/my_pistache_api/build/_deps/curl-src/CMake/CurlTests.c:421:1: warning: function declaration isn’t a prototype [-Wstrict-prototypes]
  421 | main() {
      | ^~~~
Linking C executable cmTC_0c583
/usr/bin/cmake -E cmake_link_script CMakeFiles/cmTC_0c583.dir/link.txt --verbose=1
/usr/bin/cc   -W -Wall -pedantic -Wbad-function-cast -Wconversion -Winline -Wmissing-declarations -Wmissing-prototypes -Wnested-externs -Wno-long-long -Wno-multichar -Wpointer-arith -Wshadow -Wsign-compare -Wundef -Wunused -Wwrite-strings -Wcast-align -Wdeclaration-after-statement -Wempty-body -Wendif-labels -Wfloat-equal -Wignored-qualifiers -Wno-format-nonliteral -Wno-sign-conversion -Wno-system-headers -Wstrict-prototypes -Wtype-limits -Wvla -Wmissing-parameter-type -Wold-style-declaration -Wstrict-aliasing=3 -Wformat=2 -Warray-bounds=2 -ftree-vrp -Wduplicated-cond -Wnull-dereference -fdelete-null-pointer-checks -Wshift-negative-value -Wshift-overflow=2 -Walloc-zero -Wduplicated-branches -Wformat-overflow=2 -Wformat-truncation=1 -Wrestrict -Warith-conversion -Wdouble-promotion -Wenum-conversion -Wunused-const-variable -DHAVE_CLOCK_GETTIME_MONOTONIC  -DHAVE_INTTYPES_H -DHAVE_SYS_WAIT_H -DHAVE_SYS_IOCTL_H -DHAVE_SYS_PARAM_H -DHAVE_SYS_POLL_H -DHAVE_SYS_RESOURCE_H -DHAVE_SYS_SELECT_H -DHAVE_SYS_SOCKET_H -DHAVE_SYS_STAT_H -DHAVE_SYS_TIME_H -DHAVE_SYS_TYPES_H -DHAVE_SYS_UN_H -DHAVE_SYS_XATTR_H -DHAVE_ARPA_INET_H -DHAVE_FCNTL_H -DHAVE_IFADDRS_H -DHAVE_LIBGEN_H -DHAVE_LOCALE_H -DHAVE_NET_IF_H -DHAVE_NETDB_H -DHAVE_NETINET_IN_H -DHAVE_NETINET_TCP_H -DHAVE_NETINET_UDP_H -DHAVE_POLL_H -DHAVE_PWD_H -DHAVE_STDATOMIC_H -DHAVE_STDBOOL_H -DHAVE_STDINT_H -DHAVE_STRINGS_H -DHAVE_TERMIO_H -DHAVE_TERMIOS_H -DHAVE_UNISTD_H -DHAVE_UTIME_H CMakeFiles/cmTC_0c583.dir/CurlTests.c.o -o cmTC_0c583 
gmake[1]: Leaving directory '/root/my_pistache_api/build/CMakeFiles/CMakeTmp'


Performing C SOURCE FILE Test HAVE_MSG_NOSIGNAL succeeded with the following output:
Change Dir: /root/my_pistache_api/build/CMakeFiles/CMakeTmp

Run Build Command(s):/usr/bin/gmake -f Makefile cmTC_13ff4/fast && /usr/bin/gmake  -f CMakeFiles/cmTC_13ff4.dir/build.make CMakeFiles/cmTC_13ff4.dir/build
gmake[1]: Entering directory '/root/my_pistache_api/build/CMakeFiles/CMakeTmp'
Building C object CMakeFiles/cmTC_13ff4.dir/src.c.o
/usr/bin/cc -DHAVE_MSG_NOSIGNAL -I/root/my_pistache_api/build/_deps/curl-src/include -W -Wall -pedantic -Wbad-function-cast -Wconversion -Winline -Wmissing-declarations -Wmissing-prototypes -Wnested-externs -Wno-long-long -Wno-multichar -Wpointer-arith -Wshadow -Wsign-compare -Wundef -Wunused -Wwrite-strings -Wcast-align -Wdeclaration-after-statement -Wempty-body -Wendif-labels -Wfloat-equal -Wignored-qualifiers -Wno-format-nonliteral -Wno-sign-conversion -Wno-system-headers -Wstrict-prototypes -Wtype-limits -Wvla -Wmissing-parameter-type -Wold-style-declaration -Wstrict-aliasing=3 -Wformat=2 -Warray-bounds=2 -ftree-vrp -Wduplicated-cond -Wnull-dereference -fdelete-null-pointer-checks -Wshift-negative-value -Wshift-overflow=2 -Walloc-zero -Wduplicated-branches -Wformat-overflow=2 -Wformat-truncation=1 -Wrestrict -Warith-conversion -Wdouble-promotion -Wenum-conversion -Wunused-const-variable  -o CMakeFiles/cmTC_13ff4.dir/src.c.o -c /root/my_pistache_api/build/CMakeFiles/CMakeTmp/src.c
Linking C static library libcmTC_13ff4.a
/usr/bin/cmake -P CMakeFiles/cmTC_13ff4.dir/cmake_clean_target.cmake
/usr/bin/cmake -E cmake_link_script CMakeFiles/cmTC_13ff4.dir/link.txt --verbose=1
/usr/bin/ar qc libcmTC_13ff4.a CMakeFiles/cmTC_13ff4.dir/src.c.o
/usr/bin/ranlib libcmTC_13ff4.a
gmake[1]: Leaving directory '/root/my_pistache_api/build/CMakeFiles/CMakeTmp'


Source file was:
#undef inline
#include <sys/types.h>
#include <sys/socket.h>
  int main(void) {
    int flag = MSG_NOSIGNAL;
    (void)flag;
    return 0;
  }
Performing C SOURCE FILE Test HAVE_STRUCT_TIMEVAL succeeded with the following output:
Change Dir: /root/my_pistache_api/build/CMakeFiles/CMakeTmp

Run Build Command(s):/usr/bin/gmake -f Makefile cmTC_8d60c/fast && /usr/bin/gmake  -f CMakeFiles/cmTC_8d60c.dir/build.make CMakeFiles/cmTC_8d60c.dir/build
gmake[1]: Entering directory '/root/my_pistache_api/build/CMakeFiles/CMakeTmp'
Building C object CMakeFiles/cmTC_8d60c.dir/src.c.o
/usr/bin/cc -DHAVE_STRUCT_TIMEVAL -I/root/my_pistache_api/build/_deps/curl-src/include -W -Wall -pedantic -Wbad-function-cast -Wconversion -Winline -Wmissing-declarations -Wmissing-prototypes -Wnested-externs -Wno-long-long -Wno-multichar -Wpointer-arith -Wshadow -Wsign-compare -Wundef -Wunused -Wwrite-strings -Wcast-align -Wdeclaration-after-statement -Wempty-body -Wendif-labels -Wfloat-equal -Wignored-qualifiers -Wno-format-nonliteral -Wno-sign-conversion -Wno-system-headers -Wstrict-prototypes -Wtype-limits -Wvla -Wmissing-parameter-type -Wold-style-declaration -Wstrict-aliasing=3 -Wformat=2 -Warray-bounds=2 -ftree-vrp -Wduplicated-cond -Wnull-dereference -fdelete-null-pointer-checks -Wshift-negative-value -Wshift-overflow=2 -Walloc-zero -Wduplicated-branches -Wformat-overflow=2 -Wformat-truncation=1 -Wrestrict -Warith-conversion -Wdouble-promotion -Wenum-conversion -Wunused-const-variable  -o CMakeFiles/cmTC_8d60c.dir/src.c.o -c /root/my_pistache_api/build/CMakeFiles/CMakeTmp/src.c
Linking C static library libcmTC_8d60c.a
/usr/bin/cmake -P CMakeFiles/cmTC_8d60c.dir/cmake_clean_target.cmake
/usr/bin/cmake -E cmake_link_script CMakeFiles/cmTC_8d60c.dir/link.txt --verbose=1
/usr/bin/ar qc libcmTC_8d60c.a CMakeFiles/cmTC_8d60c.dir/src.c.o
/usr/bin/ranlib libcmTC_8d60c.a
gmake[1]: Leaving directory '/root/my_pistache_api/build/CMakeFiles/CMakeTmp'


Source file was:
#undef inline
#include <sys/types.h>
#include <sys/socket.h>
#include <sys/time.h>
#include <time.h>
int main(void) {
  struct timeval ts;
  ts.tv_sec  = 0;
  ts.tv_usec = 0;
  (void)ts;
  return 0;
}
Determining size of struct sockaddr_storage passed with the following output:
Change Dir: /root/my_pistache_api/build/CMakeFiles/CMakeTmp

Run Build Command(s):/usr/bin/gmake -f Makefile cmTC_52709/fast && /usr/bin/gmake  -f CMakeFiles/cmTC_52709.dir/build.make CMakeFiles/cmTC_52709.dir/build
gmake[1]: Entering directory '/root/my_pistache_api/build/CMakeFiles/CMakeTmp'
Building C object CMakeFiles/cmTC_52709.dir/SIZEOF_STRUCT_SOCKADDR_STORAGE.c.o
/usr/bin/cc  -I/root/my_pistache_api/build/_deps/curl-src/include -W -Wall -pedantic -Wbad-function-cast -Wconversion -Winline -Wmissing-declarations -Wmissing-prototypes -Wnested-externs -Wno-long-long -Wno-multichar -Wpointer-arith -Wshadow -Wsign-compare -Wundef -Wunused -Wwrite-strings -Wcast-align -Wdeclaration-after-statement -Wempty-body -Wendif-labels -Wfloat-equal -Wignored-qualifiers -Wno-format-nonliteral -Wno-sign-conversion -Wno-system-headers -Wstrict-prototypes -Wtype-limits -Wvla -Wmissing-parameter-type -Wold-style-declaration -Wstrict-aliasing=3 -Wformat=2 -Warray-bounds=2 -ftree-vrp -Wduplicated-cond -Wnull-dereference -fdelete-null-pointer-checks -Wshift-negative-value -Wshift-overflow=2 -Walloc-zero -Wduplicated-branches -Wformat-overflow=2 -Wformat-truncation=1 -Wrestrict -Warith-conversion -Wdouble-promotion -Wenum-conversion -Wunused-const-variable  -o CMakeFiles/cmTC_52709.dir/SIZEOF_STRUCT_SOCKADDR_STORAGE.c.o -c /root/my_pistache_api/build/CMakeFiles/CheckTypeSize/SIZEOF_STRUCT_SOCKADDR_STORAGE.c
Linking C static library libcmTC_52709.a
/usr/bin/cmake -P CMakeFiles/cmTC_52709.dir/cmake_clean_target.cmake
/usr/bin/cmake -E cmake_link_script CMakeFiles/cmTC_52709.dir/link.txt --verbose=1
/usr/bin/ar qc libcmTC_52709.a CMakeFiles/cmTC_52709.dir/SIZEOF_STRUCT_SOCKADDR_STORAGE.c.o
/usr/bin/ranlib libcmTC_52709.a
gmake[1]: Leaving directory '/root/my_pistache_api/build/CMakeFiles/CMakeTmp'



Performing C SOURCE FILE Test HAVE_POLL_FINE succeeded with the following compile output:
Change Dir: /root/my_pistache_api/build/CMakeFiles/CMakeTmp

Run Build Command(s):/usr/bin/gmake -f Makefile cmTC_3fd8d/fast && /usr/bin/gmake  -f CMakeFiles/cmTC_3fd8d.dir/build.make CMakeFiles/cmTC_3fd8d.dir/build
gmake[1]: Entering directory '/root/my_pistache_api/build/CMakeFiles/CMakeTmp'
Building C object CMakeFiles/cmTC_3fd8d.dir/src.c.o
/usr/bin/cc -DHAVE_POLL_FINE -I/root/my_pistache_api/build/_deps/curl-src/include -W -Wall -pedantic -Wbad-function-cast -Wconversion -Winline -Wmissing-declarations -Wmissing-prototypes -Wnested-externs -Wno-long-long -Wno-multichar -Wpointer-arith -Wshadow -Wsign-compare -Wundef -Wunused -Wwrite-strings -Wcast-align -Wdeclaration-after-statement -Wempty-body -Wendif-labels -Wfloat-equal -Wignored-qualifiers -Wno-format-nonliteral -Wno-sign-conversion -Wno-system-headers -Wstrict-prototypes -Wtype-limits -Wvla -Wmissing-parameter-type -Wold-style-declaration -Wstrict-aliasing=3 -Wformat=2 -Warray-bounds=2 -ftree-vrp -Wduplicated-cond -Wnull-dereference -fdelete-null-pointer-checks -Wshift-negative-value -Wshift-overflow=2 -Walloc-zero -Wduplicated-branches -Wformat-overflow=2 -Wformat-truncation=1 -Wrestrict -Warith-conversion -Wdouble-promotion -Wenum-conversion -Wunused-const-variable -DHAVE_SYS_POLL_H -o CMakeFiles/cmTC_3fd8d.dir/src.c.o -c /root/my_pistache_api/build/CMakeFiles/CMakeTmp/src.c
/root/my_pistache_api/build/CMakeFiles/CMakeTmp/src.c: In function ‘main’:
/root/my_pistache_api/build/CMakeFiles/CMakeTmp/src.c:19:17: warning: variable ‘rc’ set but not used [-Wunused-but-set-variable]
   19 |             int rc;
      |                 ^~
Linking C executable cmTC_3fd8d
/usr/bin/cmake -E cmake_link_script CMakeFiles/cmTC_3fd8d.dir/link.txt --verbose=1
/usr/bin/cc   -W -Wall -pedantic -Wbad-function-cast -Wconversion -Winline -Wmissing-declarations -Wmissing-prototypes -Wnested-externs -Wno-long-long -Wno-multichar -Wpointer-arith -Wshadow -Wsign-compare -Wundef -Wunused -Wwrite-strings -Wcast-align -Wdeclaration-after-statement -Wempty-body -Wendif-labels -Wfloat-equal -Wignored-qualifiers -Wno-format-nonliteral -Wno-sign-conversion -Wno-system-headers -Wstrict-prototypes -Wtype-limits -Wvla -Wmissing-parameter-type -Wold-style-declaration -Wstrict-aliasing=3 -Wformat=2 -Warray-bounds=2 -ftree-vrp -Wduplicated-cond -Wnull-dereference -fdelete-null-pointer-checks -Wshift-negative-value -Wshift-overflow=2 -Walloc-zero -Wduplicated-branches -Wformat-overflow=2 -Wformat-truncation=1 -Wrestrict -Warith-conversion -Wdouble-promotion -Wenum-conversion -Wunused-const-variable -DHAVE_SYS_POLL_H CMakeFiles/cmTC_3fd8d.dir/src.c.o -o cmTC_3fd8d 
gmake[1]: Leaving directory '/root/my_pistache_api/build/CMakeFiles/CMakeTmp'


...and run output:

Return value: 1
Source file was:

      #include <stdlib.h>
      #include <sys/time.h>

      #ifdef HAVE_SYS_POLL_H
      #  include <sys/poll.h>
      #elif  HAVE_POLL_H
      #  include <poll.h>
      #endif

      int main(void)
      {
          if(0 != poll(0, 0, 10)) {
            return 1; /* fail */
          }
          else {
            /* detect the 10.12 poll() breakage */
            struct timeval before, after;
            int rc;
            size_t us;

            gettimeofday(&before, NULL);
            rc = poll(NULL, 0, 500);
            gettimeofday(&after, NULL);

            us = (after.tv_sec - before.tv_sec) * 1000000 +
              (after.tv_usec - before.tv_usec);

            if(us < 400000) {
              return 1;
            }
          }
          return 0;
    }
Performing C SOURCE FILE Test HAVE_H_ERRNO succeeded with the following output:
Change Dir: /root/my_pistache_api/build/CMakeFiles/CMakeTmp

Run Build Command(s):/usr/bin/gmake -f Makefile cmTC_887b5/fast && /usr/bin/gmake  -f CMakeFiles/cmTC_887b5.dir/build.make CMakeFiles/cmTC_887b5.dir/build
gmake[1]: Entering directory '/root/my_pistache_api/build/CMakeFiles/CMakeTmp'
Building C object CMakeFiles/cmTC_887b5.dir/src.c.o
/usr/bin/cc -DHAVE_H_ERRNO -I/root/my_pistache_api/build/_deps/curl-src/include -W -Wall -pedantic -Wbad-function-cast -Wconversion -Winline -Wmissing-declarations -Wmissing-prototypes -Wnested-externs -Wno-long-long -Wno-multichar -Wpointer-arith -Wshadow -Wsign-compare -Wundef -Wunused -Wwrite-strings -Wcast-align -Wdeclaration-after-statement -Wempty-body -Wendif-labels -Wfloat-equal -Wignored-qualifiers -Wno-format-nonliteral -Wno-sign-conversion -Wno-system-headers -Wstrict-prototypes -Wtype-limits -Wvla -Wmissing-parameter-type -Wold-style-declaration -Wstrict-aliasing=3 -Wformat=2 -Warray-bounds=2 -ftree-vrp -Wduplicated-cond -Wnull-dereference -fdelete-null-pointer-checks -Wshift-negative-value -Wshift-overflow=2 -Walloc-zero -Wduplicated-branches -Wformat-overflow=2 -Wformat-truncation=1 -Wrestrict -Warith-conversion -Wdouble-promotion -Wenum-conversion -Wunused-const-variable -DHAVE_SYS_POLL_H -o CMakeFiles/cmTC_887b5.dir/src.c.o -c /root/my_pistache_api/build/CMakeFiles/CMakeTmp/src.c
Linking C executable cmTC_887b5
/usr/bin/cmake -E cmake_link_script CMakeFiles/cmTC_887b5.dir/link.txt --verbose=1
/usr/bin/cc   -W -Wall -pedantic -Wbad-function-cast -Wconversion -Winline -Wmissing-declarations -Wmissing-prototypes -Wnested-externs -Wno-long-long -Wno-multichar -Wpointer-arith -Wshadow -Wsign-compare -Wundef -Wunused -Wwrite-strings -Wcast-align -Wdeclaration-after-statement -Wempty-body -Wendif-labels -Wfloat-equal -Wignored-qualifiers -Wno-format-nonliteral -Wno-sign-conversion -Wno-system-headers -Wstrict-prototypes -Wtype-limits -Wvla -Wmissing-parameter-type -Wold-style-declaration -Wstrict-aliasing=3 -Wformat=2 -Warray-bounds=2 -ftree-vrp -Wduplicated-cond -Wnull-dereference -fdelete-null-pointer-checks -Wshift-negative-value -Wshift-overflow=2 -Walloc-zero -Wduplicated-branches -Wformat-overflow=2 -Wformat-truncation=1 -Wrestrict -Warith-conversion -Wdouble-promotion -Wenum-conversion -Wunused-const-variable -DHAVE_SYS_POLL_H CMakeFiles/cmTC_887b5.dir/src.c.o -o cmTC_887b5 
gmake[1]: Leaving directory '/root/my_pistache_api/build/CMakeFiles/CMakeTmp'


Source file was:
#undef inline
#include <sys/socket.h>
#include <sys/time.h>
#include <netdb.h>
    int main(void)
    {
    #ifdef h_errno
      return 0;
    #else
      force compilation error
    #endif
    }
Performing C SOURCE FILE Test HAVE_CLOCK_GETTIME_MONOTONIC_RAW succeeded with the following output:
Change Dir: /root/my_pistache_api/build/CMakeFiles/CMakeTmp

Run Build Command(s):/usr/bin/gmake -f Makefile cmTC_1f9dd/fast && /usr/bin/gmake  -f CMakeFiles/cmTC_1f9dd.dir/build.make CMakeFiles/cmTC_1f9dd.dir/build
gmake[1]: Entering directory '/root/my_pistache_api/build/CMakeFiles/CMakeTmp'
Building C object CMakeFiles/cmTC_1f9dd.dir/src.c.o
/usr/bin/cc -DHAVE_CLOCK_GETTIME_MONOTONIC_RAW -I/root/my_pistache_api/build/_deps/curl-src/include -W -Wall -pedantic -Wbad-function-cast -Wconversion -Winline -Wmissing-declarations -Wmissing-prototypes -Wnested-externs -Wno-long-long -Wno-multichar -Wpointer-arith -Wshadow -Wsign-compare -Wundef -Wunused -Wwrite-strings -Wcast-align -Wdeclaration-after-statement -Wempty-body -Wendif-labels -Wfloat-equal -Wignored-qualifiers -Wno-format-nonliteral -Wno-sign-conversion -Wno-system-headers -Wstrict-prototypes -Wtype-limits -Wvla -Wmissing-parameter-type -Wold-style-declaration -Wstrict-aliasing=3 -Wformat=2 -Warray-bounds=2 -ftree-vrp -Wduplicated-cond -Wnull-dereference -fdelete-null-pointer-checks -Wshift-negative-value -Wshift-overflow=2 -Walloc-zero -Wduplicated-branches -Wformat-overflow=2 -Wformat-truncation=1 -Wrestrict -Warith-conversion -Wdouble-promotion -Wenum-conversion -Wunused-const-variable -DHAVE_SYS_POLL_H -o CMakeFiles/cmTC_1f9dd.dir/src.c.o -c /root/my_pistache_api/build/CMakeFiles/CMakeTmp/src.c
Linking C executable cmTC_1f9dd
/usr/bin/cmake -E cmake_link_script CMakeFiles/cmTC_1f9dd.dir/link.txt --verbose=1
/usr/bin/cc   -W -Wall -pedantic -Wbad-function-cast -Wconversion -Winline -Wmissing-declarations -Wmissing-prototypes -Wnested-externs -Wno-long-long -Wno-multichar -Wpointer-arith -Wshadow -Wsign-compare -Wundef -Wunused -Wwrite-strings -Wcast-align -Wdeclaration-after-statement -Wempty-body -Wendif-labels -Wfloat-equal -Wignored-qualifiers -Wno-format-nonliteral -Wno-sign-conversion -Wno-system-headers -Wstrict-prototypes -Wtype-limits -Wvla -Wmissing-parameter-type -Wold-style-declaration -Wstrict-aliasing=3 -Wformat=2 -Warray-bounds=2 -ftree-vrp -Wduplicated-cond -Wnull-dereference -fdelete-null-pointer-checks -Wshift-negative-value -Wshift-overflow=2 -Walloc-zero -Wduplicated-branches -Wformat-overflow=2 -Wformat-truncation=1 -Wrestrict -Warith-conversion -Wdouble-promotion -Wenum-conversion -Wunused-const-variable -DHAVE_SYS_POLL_H CMakeFiles/cmTC_1f9dd.dir/src.c.o -o cmTC_1f9dd 
gmake[1]: Leaving directory '/root/my_pistache_api/build/CMakeFiles/CMakeTmp'


Source file was:
#undef inline
#include <sys/types.h>
#include <sys/time.h>
    #include <time.h>
    int main(void)
    {
      struct timespec ts;
      (void)clock_gettime(CLOCK_MONOTONIC_RAW, &ts);
      return 0;
    }
